Datum (MEZ),"Solar Prognose (Day-Ahead, D-1 18:00)"
,Leistung (MW)
2023-01-01T00:00+01:00,0
2023-01-01T00:15+01:00,0
2023-01-01T00:30+01:00,0
2023-01-01T00:45+01:00,0
2023-01-01T01:00+01:00,0
2023-01-01T01:15+01:00,0
2023-01-01T01:30+01:00,0
2023-01-01T01:45+01:00,0
2023-01-01T02:00+01:00,0
2023-01-01T02:15+01:00,0
2023-01-01T02:30+01:00,0
2023-01-01T02:45+01:00,0
2023-01-01T03:00+01:00,0
2023-01-01T03:15+01:00,0
2023-01-01T03:30+01:00,0
2023-01-01T03:45+01:00,0
2023-01-01T04:00+01:00,0
2023-01-01T04:15+01:00,0
2023-01-01T04:30+01:00,0
2023-01-01T04:45+01:00,0
2023-01-01T05:00+01:00,0
2023-01-01T05:15+01:00,0
2023-01-01T05:30+01:00,0
2023-01-01T05:45+01:00,0
2023-01-01T06:00+01:00,0
2023-01-01T06:15+01:00,0
2023-01-01T06:30+01:00,0
2023-01-01T06:45+01:00,0
2023-01-01T07:00+01:00,0
2023-01-01T07:15+01:00,0
2023-01-01T07:30+01:00,0
2023-01-01T07:45+01:00,0
2023-01-01T08:00+01:00,37.2
2023-01-01T08:15+01:00,165.5
2023-01-01T08:30+01:00,865.2
2023-01-01T08:45+01:00,1613.8
2023-01-01T09:00+01:00,2493.7
2023-01-01T09:15+01:00,3461.8
2023-01-01T09:30+01:00,4494.8
2023-01-01T09:45+01:00,5539.4
2023-01-01T10:00+01:00,6541.6
2023-01-01T10:15+01:00,7497.2
2023-01-01T10:30+01:00,8388.3
2023-01-01T10:45+01:00,9168.9
2023-01-01T11:00+01:00,9872.9
2023-01-01T11:15+01:00,10426.6
2023-01-01T11:30+01:00,10862.2
2023-01-01T11:45+01:00,11142.7
2023-01-01T12:00+01:00,11278.2
2023-01-01T12:15+01:00,11242.4
2023-01-01T12:30+01:00,11094.4
2023-01-01T12:45+01:00,10799.2
2023-01-01T13:00+01:00,10391
2023-01-01T13:15+01:00,9799.9
2023-01-01T13:30+01:00,9109.3
2023-01-01T13:45+01:00,8302.2
2023-01-01T14:00+01:00,7443.6
2023-01-01T14:15+01:00,6492
2023-01-01T14:30+01:00,5490
2023-01-01T14:45+01:00,4478.4
2023-01-01T15:00+01:00,3534.5
2023-01-01T15:15+01:00,2693.9
2023-01-01T15:30+01:00,1925.4
2023-01-01T15:45+01:00,1228.8
2023-01-01T16:00+01:00,685.4
2023-01-01T16:15+01:00,307.3
2023-01-01T16:30+01:00,67.7
2023-01-01T16:45+01:00,12.6
2023-01-01T17:00+01:00,0
2023-01-01T17:15+01:00,0
2023-01-01T17:30+01:00,0
2023-01-01T17:45+01:00,0
2023-01-01T18:00+01:00,0
2023-01-01T18:15+01:00,0
2023-01-01T18:30+01:00,0
2023-01-01T18:45+01:00,0
2023-01-01T19:00+01:00,0
2023-01-01T19:15+01:00,0
2023-01-01T19:30+01:00,0
2023-01-01T19:45+01:00,0
2023-01-01T20:00+01:00,0
2023-01-01T20:15+01:00,0
2023-01-01T20:30+01:00,0
2023-01-01T20:45+01:00,0
2023-01-01T21:00+01:00,0
2023-01-01T21:15+01:00,0
2023-01-01T21:30+01:00,0
2023-01-01T21:45+01:00,0
2023-01-01T22:00+01:00,0
2023-01-01T22:15+01:00,0
2023-01-01T22:30+01:00,0
2023-01-01T22:45+01:00,0
2023-01-01T23:00+01:00,0
2023-01-01T23:15+01:00,0
2023-01-01T23:30+01:00,0
2023-01-01T23:45+01:00,0
2023-01-02T00:00+01:00,0
2023-01-02T00:15+01:00,0
2023-01-02T00:30+01:00,0
2023-01-02T00:45+01:00,0
2023-01-02T01:00+01:00,0
2023-01-02T01:15+01:00,0
2023-01-02T01:30+01:00,0
2023-01-02T01:45+01:00,0
2023-01-02T02:00+01:00,0
2023-01-02T02:15+01:00,0
2023-01-02T02:30+01:00,0
2023-01-02T02:45+01:00,0
2023-01-02T03:00+01:00,0
2023-01-02T03:15+01:00,0
2023-01-02T03:30+01:00,0
2023-01-02T03:45+01:00,0
2023-01-02T04:00+01:00,0
2023-01-02T04:15+01:00,0
2023-01-02T04:30+01:00,0
2023-01-02T04:45+01:00,0
2023-01-02T05:00+01:00,0
2023-01-02T05:15+01:00,0
2023-01-02T05:30+01:00,0
2023-01-02T05:45+01:00,0
2023-01-02T06:00+01:00,0
2023-01-02T06:15+01:00,0
2023-01-02T06:30+01:00,0
2023-01-02T06:45+01:00,0
2023-01-02T07:00+01:00,0
2023-01-02T07:15+01:00,0
2023-01-02T07:30+01:00,0
2023-01-02T07:45+01:00,0
2023-01-02T08:00+01:00,30.7
2023-01-02T08:15+01:00,144.1
2023-01-02T08:30+01:00,805.3
2023-01-02T08:45+01:00,1486.4
2023-01-02T09:00+01:00,2275.8
2023-01-02T09:15+01:00,3120.3
2023-01-02T09:30+01:00,4012.7
2023-01-02T09:45+01:00,4918.1
2023-01-02T10:00+01:00,5787
2023-01-02T10:15+01:00,6616
2023-01-02T10:30+01:00,7388.3
2023-01-02T10:45+01:00,8033.4
2023-01-02T11:00+01:00,8543.7
2023-01-02T11:15+01:00,8985.3
2023-01-02T11:30+01:00,9282.8
2023-01-02T11:45+01:00,9408.8
2023-01-02T12:00+01:00,9394.2
2023-01-02T12:15+01:00,9225.1
2023-01-02T12:30+01:00,8933.9
2023-01-02T12:45+01:00,8514.5
2023-01-02T13:00+01:00,8021.1
2023-01-02T13:15+01:00,7415.3
2023-01-02T13:30+01:00,6767.3
2023-01-02T13:45+01:00,6066.5
2023-01-02T14:00+01:00,5354.8
2023-01-02T14:15+01:00,4618.9
2023-01-02T14:30+01:00,3884.1
2023-01-02T14:45+01:00,3142.7
2023-01-02T15:00+01:00,2461.2
2023-01-02T15:15+01:00,1853.3
2023-01-02T15:30+01:00,1311.1
2023-01-02T15:45+01:00,828.2
2023-01-02T16:00+01:00,459.4
2023-01-02T16:15+01:00,198.3
2023-01-02T16:30+01:00,35.5
2023-01-02T16:45+01:00,6.2
2023-01-02T17:00+01:00,0
2023-01-02T17:15+01:00,0
2023-01-02T17:30+01:00,0
2023-01-02T17:45+01:00,0
2023-01-02T18:00+01:00,0
2023-01-02T18:15+01:00,0
2023-01-02T18:30+01:00,0
2023-01-02T18:45+01:00,0
2023-01-02T19:00+01:00,0
2023-01-02T19:15+01:00,0
2023-01-02T19:30+01:00,0
2023-01-02T19:45+01:00,0
2023-01-02T20:00+01:00,0
2023-01-02T20:15+01:00,0
2023-01-02T20:30+01:00,0
2023-01-02T20:45+01:00,0
2023-01-02T21:00+01:00,0
2023-01-02T21:15+01:00,0
2023-01-02T21:30+01:00,0
2023-01-02T21:45+01:00,0
2023-01-02T22:00+01:00,0
2023-01-02T22:15+01:00,0
2023-01-02T22:30+01:00,0
2023-01-02T22:45+01:00,0
2023-01-02T23:00+01:00,0
2023-01-02T23:15+01:00,0
2023-01-02T23:30+01:00,0
2023-01-02T23:45+01:00,0
2023-01-03T00:00+01:00,0
2023-01-03T00:15+01:00,0
2023-01-03T00:30+01:00,0
2023-01-03T00:45+01:00,0
2023-01-03T01:00+01:00,0
2023-01-03T01:15+01:00,0
2023-01-03T01:30+01:00,0
2023-01-03T01:45+01:00,0
2023-01-03T02:00+01:00,0
2023-01-03T02:15+01:00,0
2023-01-03T02:30+01:00,0
2023-01-03T02:45+01:00,0
2023-01-03T03:00+01:00,0
2023-01-03T03:15+01:00,0
2023-01-03T03:30+01:00,0
2023-01-03T03:45+01:00,0
2023-01-03T04:00+01:00,0
2023-01-03T04:15+01:00,0
2023-01-03T04:30+01:00,0
2023-01-03T04:45+01:00,0
2023-01-03T05:00+01:00,0
2023-01-03T05:15+01:00,0
2023-01-03T05:30+01:00,0
2023-01-03T05:45+01:00,0
2023-01-03T06:00+01:00,0
2023-01-03T06:15+01:00,0
2023-01-03T06:30+01:00,0
2023-01-03T06:45+01:00,0
2023-01-03T07:00+01:00,0
2023-01-03T07:15+01:00,0
2023-01-03T07:30+01:00,0
2023-01-03T07:45+01:00,0
2023-01-03T08:00+01:00,23.8
2023-01-03T08:15+01:00,94
2023-01-03T08:30+01:00,539.1
2023-01-03T08:45+01:00,1012.8
2023-01-03T09:00+01:00,1602.1
2023-01-03T09:15+01:00,2289.1
2023-01-03T09:30+01:00,3040.3
2023-01-03T09:45+01:00,3798.4
2023-01-03T10:00+01:00,4536.1
2023-01-03T10:15+01:00,5269.2
2023-01-03T10:30+01:00,5981
2023-01-03T10:45+01:00,6626.2
2023-01-03T11:00+01:00,7189.1
2023-01-03T11:15+01:00,7686.9
2023-01-03T11:30+01:00,8074.2
2023-01-03T11:45+01:00,8331.9
2023-01-03T12:00+01:00,8511.2
2023-01-03T12:15+01:00,8550.5
2023-01-03T12:30+01:00,8495.5
2023-01-03T12:45+01:00,8348
2023-01-03T13:00+01:00,8116.5
2023-01-03T13:15+01:00,7757
2023-01-03T13:30+01:00,7311.7
2023-01-03T13:45+01:00,6771.1
2023-01-03T14:00+01:00,6187.5
2023-01-03T14:15+01:00,5524.4
2023-01-03T14:30+01:00,4760
2023-01-03T14:45+01:00,3920.4
2023-01-03T15:00+01:00,3062.1
2023-01-03T15:15+01:00,2299.1
2023-01-03T15:30+01:00,1584.3
2023-01-03T15:45+01:00,962
2023-01-03T16:00+01:00,535.6
2023-01-03T16:15+01:00,219.9
2023-01-03T16:30+01:00,46.9
2023-01-03T16:45+01:00,8.3
2023-01-03T17:00+01:00,0
2023-01-03T17:15+01:00,0
2023-01-03T17:30+01:00,0
2023-01-03T17:45+01:00,0
2023-01-03T18:00+01:00,0
2023-01-03T18:15+01:00,0
2023-01-03T18:30+01:00,0
2023-01-03T18:45+01:00,0
2023-01-03T19:00+01:00,0
2023-01-03T19:15+01:00,0
2023-01-03T19:30+01:00,0
2023-01-03T19:45+01:00,0
2023-01-03T20:00+01:00,0
2023-01-03T20:15+01:00,0
2023-01-03T20:30+01:00,0
2023-01-03T20:45+01:00,0
2023-01-03T21:00+01:00,0
2023-01-03T21:15+01:00,0
2023-01-03T21:30+01:00,0
2023-01-03T21:45+01:00,0
2023-01-03T22:00+01:00,0
2023-01-03T22:15+01:00,0
2023-01-03T22:30+01:00,0
2023-01-03T22:45+01:00,0
2023-01-03T23:00+01:00,0
2023-01-03T23:15+01:00,0
2023-01-03T23:30+01:00,0
2023-01-03T23:45+01:00,0
2023-01-04T00:00+01:00,0
2023-01-04T00:15+01:00,0
2023-01-04T00:30+01:00,0
2023-01-04T00:45+01:00,0
2023-01-04T01:00+01:00,0
2023-01-04T01:15+01:00,0
2023-01-04T01:30+01:00,0
2023-01-04T01:45+01:00,0
2023-01-04T02:00+01:00,0
2023-01-04T02:15+01:00,0
2023-01-04T02:30+01:00,0
2023-01-04T02:45+01:00,0
2023-01-04T03:00+01:00,0
2023-01-04T03:15+01:00,0
2023-01-04T03:30+01:00,0
2023-01-04T03:45+01:00,0
2023-01-04T04:00+01:00,0
2023-01-04T04:15+01:00,0
2023-01-04T04:30+01:00,0
2023-01-04T04:45+01:00,0
2023-01-04T05:00+01:00,0
2023-01-04T05:15+01:00,0
2023-01-04T05:30+01:00,0
2023-01-04T05:45+01:00,0
2023-01-04T06:00+01:00,0
2023-01-04T06:15+01:00,0
2023-01-04T06:30+01:00,0
2023-01-04T06:45+01:00,0
2023-01-04T07:00+01:00,0
2023-01-04T07:15+01:00,0
2023-01-04T07:30+01:00,0
2023-01-04T07:45+01:00,0
2023-01-04T08:00+01:00,10.6
2023-01-04T08:15+01:00,50.5
2023-01-04T08:30+01:00,375.9
2023-01-04T08:45+01:00,585.8
2023-01-04T09:00+01:00,810.9
2023-01-04T09:15+01:00,1063.1
2023-01-04T09:30+01:00,1320.2
2023-01-04T09:45+01:00,1567.9
2023-01-04T10:00+01:00,1789.3
2023-01-04T10:15+01:00,2010.3
2023-01-04T10:30+01:00,2199.9
2023-01-04T10:45+01:00,2362.7
2023-01-04T11:00+01:00,2460.1
2023-01-04T11:15+01:00,2540.9
2023-01-04T11:30+01:00,2616.6
2023-01-04T11:45+01:00,2659.3
2023-01-04T12:00+01:00,2668.7
2023-01-04T12:15+01:00,2636.4
2023-01-04T12:30+01:00,2558.3
2023-01-04T12:45+01:00,2435
2023-01-04T13:00+01:00,2298.6
2023-01-04T13:15+01:00,2148.2
2023-01-04T13:30+01:00,1985.4
2023-01-04T13:45+01:00,1803.8
2023-01-04T14:00+01:00,1619.7
2023-01-04T14:15+01:00,1426.9
2023-01-04T14:30+01:00,1235.5
2023-01-04T14:45+01:00,1023.6
2023-01-04T15:00+01:00,804
2023-01-04T15:15+01:00,612.7
2023-01-04T15:30+01:00,450.6
2023-01-04T15:45+01:00,303.6
2023-01-04T16:00+01:00,199.7
2023-01-04T16:15+01:00,104.7
2023-01-04T16:30+01:00,26.1
2023-01-04T16:45+01:00,3.6
2023-01-04T17:00+01:00,0
2023-01-04T17:15+01:00,0
2023-01-04T17:30+01:00,0
2023-01-04T17:45+01:00,0
2023-01-04T18:00+01:00,0
2023-01-04T18:15+01:00,0
2023-01-04T18:30+01:00,0
2023-01-04T18:45+01:00,0
2023-01-04T19:00+01:00,0
2023-01-04T19:15+01:00,0
2023-01-04T19:30+01:00,0
2023-01-04T19:45+01:00,0
2023-01-04T20:00+01:00,0
2023-01-04T20:15+01:00,0
2023-01-04T20:30+01:00,0
2023-01-04T20:45+01:00,0
2023-01-04T21:00+01:00,0
2023-01-04T21:15+01:00,0
2023-01-04T21:30+01:00,0
2023-01-04T21:45+01:00,0
2023-01-04T22:00+01:00,0
2023-01-04T22:15+01:00,0
2023-01-04T22:30+01:00,0
2023-01-04T22:45+01:00,0
2023-01-04T23:00+01:00,0
2023-01-04T23:15+01:00,0
2023-01-04T23:30+01:00,0
2023-01-04T23:45+01:00,0
2023-01-05T00:00+01:00,0
2023-01-05T00:15+01:00,0
2023-01-05T00:30+01:00,0
2023-01-05T00:45+01:00,0
2023-01-05T01:00+01:00,0
2023-01-05T01:15+01:00,0
2023-01-05T01:30+01:00,0
2023-01-05T01:45+01:00,0
2023-01-05T02:00+01:00,0
2023-01-05T02:15+01:00,0
2023-01-05T02:30+01:00,0
2023-01-05T02:45+01:00,0
2023-01-05T03:00+01:00,0
2023-01-05T03:15+01:00,0
2023-01-05T03:30+01:00,0
2023-01-05T03:45+01:00,0
2023-01-05T04:00+01:00,0
2023-01-05T04:15+01:00,0
2023-01-05T04:30+01:00,0
2023-01-05T04:45+01:00,0
2023-01-05T05:00+01:00,0
2023-01-05T05:15+01:00,0
2023-01-05T05:30+01:00,0
2023-01-05T05:45+01:00,0
2023-01-05T06:00+01:00,0
2023-01-05T06:15+01:00,0
2023-01-05T06:30+01:00,0
2023-01-05T06:45+01:00,0
2023-01-05T07:00+01:00,0
2023-01-05T07:15+01:00,0
2023-01-05T07:30+01:00,0
2023-01-05T07:45+01:00,0
2023-01-05T08:00+01:00,10.8
2023-01-05T08:15+01:00,43.2
2023-01-05T08:30+01:00,353.4
2023-01-05T08:45+01:00,613.7
2023-01-05T09:00+01:00,922.5
2023-01-05T09:15+01:00,1296.9
2023-01-05T09:30+01:00,1715.5
2023-01-05T09:45+01:00,2152.6
2023-01-05T10:00+01:00,2567.9
2023-01-05T10:15+01:00,3000.2
2023-01-05T10:30+01:00,3422
2023-01-05T10:45+01:00,3850.1
2023-01-05T11:00+01:00,4233.6
2023-01-05T11:15+01:00,4574.3
2023-01-05T11:30+01:00,4876.3
2023-01-05T11:45+01:00,5104.8
2023-01-05T12:00+01:00,5298.7
2023-01-05T12:15+01:00,5449.6
2023-01-05T12:30+01:00,5526.8
2023-01-05T12:45+01:00,5505
2023-01-05T13:00+01:00,5430.3
2023-01-05T13:15+01:00,5294.8
2023-01-05T13:30+01:00,5080.7
2023-01-05T13:45+01:00,4782.2
2023-01-05T14:00+01:00,4429.6
2023-01-05T14:15+01:00,3998.9
2023-01-05T14:30+01:00,3467.3
2023-01-05T14:45+01:00,2879
2023-01-05T15:00+01:00,2266
2023-01-05T15:15+01:00,1696.9
2023-01-05T15:30+01:00,1177.2
2023-01-05T15:45+01:00,726.8
2023-01-05T16:00+01:00,433.5
2023-01-05T16:15+01:00,201.3
2023-01-05T16:30+01:00,49.4
2023-01-05T16:45+01:00,8.8
2023-01-05T17:00+01:00,0
2023-01-05T17:15+01:00,0
2023-01-05T17:30+01:00,0
2023-01-05T17:45+01:00,0
2023-01-05T18:00+01:00,0
2023-01-05T18:15+01:00,0
2023-01-05T18:30+01:00,0
2023-01-05T18:45+01:00,0
2023-01-05T19:00+01:00,0
2023-01-05T19:15+01:00,0
2023-01-05T19:30+01:00,0
2023-01-05T19:45+01:00,0
2023-01-05T20:00+01:00,0
2023-01-05T20:15+01:00,0
2023-01-05T20:30+01:00,0
2023-01-05T20:45+01:00,0
2023-01-05T21:00+01:00,0
2023-01-05T21:15+01:00,0
2023-01-05T21:30+01:00,0
2023-01-05T21:45+01:00,0
2023-01-05T22:00+01:00,0
2023-01-05T22:15+01:00,0
2023-01-05T22:30+01:00,0
2023-01-05T22:45+01:00,0
2023-01-05T23:00+01:00,0
2023-01-05T23:15+01:00,0
2023-01-05T23:30+01:00,0
2023-01-05T23:45+01:00,0
2023-01-06T00:00+01:00,0
2023-01-06T00:15+01:00,0
2023-01-06T00:30+01:00,0
2023-01-06T00:45+01:00,0
2023-01-06T01:00+01:00,0
2023-01-06T01:15+01:00,0
2023-01-06T01:30+01:00,0
2023-01-06T01:45+01:00,0
2023-01-06T02:00+01:00,0
2023-01-06T02:15+01:00,0
2023-01-06T02:30+01:00,0
2023-01-06T02:45+01:00,0
2023-01-06T03:00+01:00,0
2023-01-06T03:15+01:00,0
2023-01-06T03:30+01:00,0
2023-01-06T03:45+01:00,0
2023-01-06T04:00+01:00,0
2023-01-06T04:15+01:00,0
2023-01-06T04:30+01:00,0
2023-01-06T04:45+01:00,0
2023-01-06T05:00+01:00,0
2023-01-06T05:15+01:00,0
2023-01-06T05:30+01:00,0
2023-01-06T05:45+01:00,0
2023-01-06T06:00+01:00,0
2023-01-06T06:15+01:00,0
2023-01-06T06:30+01:00,0
2023-01-06T06:45+01:00,0
2023-01-06T07:00+01:00,0
2023-01-06T07:15+01:00,0
2023-01-06T07:30+01:00,0
2023-01-06T07:45+01:00,0
2023-01-06T08:00+01:00,21.9
2023-01-06T08:15+01:00,94
2023-01-06T08:30+01:00,469.8
2023-01-06T08:45+01:00,789.5
2023-01-06T09:00+01:00,1158.8
2023-01-06T09:15+01:00,1594.4
2023-01-06T09:30+01:00,2077.8
2023-01-06T09:45+01:00,2575.9
2023-01-06T10:00+01:00,3065.5
2023-01-06T10:15+01:00,3573.4
2023-01-06T10:30+01:00,4074.9
2023-01-06T10:45+01:00,4530.7
2023-01-06T11:00+01:00,4948.7
2023-01-06T11:15+01:00,5318.2
2023-01-06T11:30+01:00,5661
2023-01-06T11:45+01:00,5915.5
2023-01-06T12:00+01:00,6097.3
2023-01-06T12:15+01:00,6194.3
2023-01-06T12:30+01:00,6228.1
2023-01-06T12:45+01:00,6176.2
2023-01-06T13:00+01:00,6037.3
2023-01-06T13:15+01:00,5782.4
2023-01-06T13:30+01:00,5459.6
2023-01-06T13:45+01:00,5052.6
2023-01-06T14:00+01:00,4600.1
2023-01-06T14:15+01:00,4087.2
2023-01-06T14:30+01:00,3507.3
2023-01-06T14:45+01:00,2863.3
2023-01-06T15:00+01:00,2304.1
2023-01-06T15:15+01:00,1764.2
2023-01-06T15:30+01:00,1252.1
2023-01-06T15:45+01:00,800.8
2023-01-06T16:00+01:00,472.7
2023-01-06T16:15+01:00,232.2
2023-01-06T16:30+01:00,128.1
2023-01-06T16:45+01:00,11.3
2023-01-06T17:00+01:00,0
2023-01-06T17:15+01:00,0
2023-01-06T17:30+01:00,0
2023-01-06T17:45+01:00,0
2023-01-06T18:00+01:00,0
2023-01-06T18:15+01:00,0
2023-01-06T18:30+01:00,0
2023-01-06T18:45+01:00,0
2023-01-06T19:00+01:00,0
2023-01-06T19:15+01:00,0
2023-01-06T19:30+01:00,0
2023-01-06T19:45+01:00,0
2023-01-06T20:00+01:00,0
2023-01-06T20:15+01:00,0
2023-01-06T20:30+01:00,0
2023-01-06T20:45+01:00,0
2023-01-06T21:00+01:00,0
2023-01-06T21:15+01:00,0
2023-01-06T21:30+01:00,0
2023-01-06T21:45+01:00,0
2023-01-06T22:00+01:00,0
2023-01-06T22:15+01:00,0
2023-01-06T22:30+01:00,0
2023-01-06T22:45+01:00,0
2023-01-06T23:00+01:00,0
2023-01-06T23:15+01:00,0
2023-01-06T23:30+01:00,0
2023-01-06T23:45+01:00,0
2023-01-07T00:00+01:00,0
2023-01-07T00:15+01:00,0
2023-01-07T00:30+01:00,0
2023-01-07T00:45+01:00,0
2023-01-07T01:00+01:00,0
2023-01-07T01:15+01:00,0
2023-01-07T01:30+01:00,0
2023-01-07T01:45+01:00,0
2023-01-07T02:00+01:00,0
2023-01-07T02:15+01:00,0
2023-01-07T02:30+01:00,0
2023-01-07T02:45+01:00,0
2023-01-07T03:00+01:00,0
2023-01-07T03:15+01:00,0
2023-01-07T03:30+01:00,0
2023-01-07T03:45+01:00,0
2023-01-07T04:00+01:00,0
2023-01-07T04:15+01:00,0
2023-01-07T04:30+01:00,0
2023-01-07T04:45+01:00,0
2023-01-07T05:00+01:00,0
2023-01-07T05:15+01:00,0
2023-01-07T05:30+01:00,0
2023-01-07T05:45+01:00,0
2023-01-07T06:00+01:00,0
2023-01-07T06:15+01:00,0
2023-01-07T06:30+01:00,0
2023-01-07T06:45+01:00,0
2023-01-07T07:00+01:00,0
2023-01-07T07:15+01:00,0
2023-01-07T07:30+01:00,0
2023-01-07T07:45+01:00,0
2023-01-07T08:00+01:00,39.3
2023-01-07T08:15+01:00,150
2023-01-07T08:30+01:00,629.5
2023-01-07T08:45+01:00,1113.2
2023-01-07T09:00+01:00,1719.4
2023-01-07T09:15+01:00,2453.5
2023-01-07T09:30+01:00,3277.3
2023-01-07T09:45+01:00,4115.4
2023-01-07T10:00+01:00,4957.7
2023-01-07T10:15+01:00,5808.3
2023-01-07T10:30+01:00,6651.7
2023-01-07T10:45+01:00,7496
2023-01-07T11:00+01:00,8222.3
2023-01-07T11:15+01:00,8880.6
2023-01-07T11:30+01:00,9449.8
2023-01-07T11:45+01:00,9903.2
2023-01-07T12:00+01:00,10286.9
2023-01-07T12:15+01:00,10531.9
2023-01-07T12:30+01:00,10645.6
2023-01-07T12:45+01:00,10597.2
2023-01-07T13:00+01:00,10452.1
2023-01-07T13:15+01:00,10130.7
2023-01-07T13:30+01:00,9690.4
2023-01-07T13:45+01:00,9099.9
2023-01-07T14:00+01:00,8423.6
2023-01-07T14:15+01:00,7603.3
2023-01-07T14:30+01:00,6627.8
2023-01-07T14:45+01:00,5553
2023-01-07T15:00+01:00,4452.4
2023-01-07T15:15+01:00,3360.4
2023-01-07T15:30+01:00,2354.7
2023-01-07T15:45+01:00,1474.7
2023-01-07T16:00+01:00,851
2023-01-07T16:15+01:00,425.4
2023-01-07T16:30+01:00,229.9
2023-01-07T16:45+01:00,28.7
2023-01-07T17:00+01:00,0
2023-01-07T17:15+01:00,0
2023-01-07T17:30+01:00,0
2023-01-07T17:45+01:00,0
2023-01-07T18:00+01:00,0
2023-01-07T18:15+01:00,0
2023-01-07T18:30+01:00,0
2023-01-07T18:45+01:00,0
2023-01-07T19:00+01:00,0
2023-01-07T19:15+01:00,0
2023-01-07T19:30+01:00,0
2023-01-07T19:45+01:00,0
2023-01-07T20:00+01:00,0
2023-01-07T20:15+01:00,0
2023-01-07T20:30+01:00,0
2023-01-07T20:45+01:00,0
2023-01-07T21:00+01:00,0
2023-01-07T21:15+01:00,0
2023-01-07T21:30+01:00,0
2023-01-07T21:45+01:00,0
2023-01-07T22:00+01:00,0
2023-01-07T22:15+01:00,0
2023-01-07T22:30+01:00,0
2023-01-07T22:45+01:00,0
2023-01-07T23:00+01:00,0
2023-01-07T23:15+01:00,0
2023-01-07T23:30+01:00,0
2023-01-07T23:45+01:00,0
2023-01-08T00:00+01:00,0
2023-01-08T00:15+01:00,0
2023-01-08T00:30+01:00,0
2023-01-08T00:45+01:00,0
2023-01-08T01:00+01:00,0
2023-01-08T01:15+01:00,0
2023-01-08T01:30+01:00,0
2023-01-08T01:45+01:00,0
2023-01-08T02:00+01:00,0
2023-01-08T02:15+01:00,0
2023-01-08T02:30+01:00,0
2023-01-08T02:45+01:00,0
2023-01-08T03:00+01:00,0
2023-01-08T03:15+01:00,0
2023-01-08T03:30+01:00,0
2023-01-08T03:45+01:00,0
2023-01-08T04:00+01:00,0
2023-01-08T04:15+01:00,0
2023-01-08T04:30+01:00,0
2023-01-08T04:45+01:00,0
2023-01-08T05:00+01:00,0
2023-01-08T05:15+01:00,0
2023-01-08T05:30+01:00,0
2023-01-08T05:45+01:00,0
2023-01-08T06:00+01:00,0
2023-01-08T06:15+01:00,0
2023-01-08T06:30+01:00,0
2023-01-08T06:45+01:00,0
2023-01-08T07:00+01:00,0
2023-01-08T07:15+01:00,0
2023-01-08T07:30+01:00,0
2023-01-08T07:45+01:00,0
2023-01-08T08:00+01:00,17.8
2023-01-08T08:15+01:00,78.3
2023-01-08T08:30+01:00,440.6
2023-01-08T08:45+01:00,729.7
2023-01-08T09:00+01:00,1053
2023-01-08T09:15+01:00,1424.4
2023-01-08T09:30+01:00,1820.4
2023-01-08T09:45+01:00,2208.5
2023-01-08T10:00+01:00,2592.4
2023-01-08T10:15+01:00,2980.9
2023-01-08T10:30+01:00,3367
2023-01-08T10:45+01:00,3712.4
2023-01-08T11:00+01:00,4020.9
2023-01-08T11:15+01:00,4286.8
2023-01-08T11:30+01:00,4511.4
2023-01-08T11:45+01:00,4658.2
2023-01-08T12:00+01:00,4723.6
2023-01-08T12:15+01:00,4719
2023-01-08T12:30+01:00,4664.8
2023-01-08T12:45+01:00,4550.1
2023-01-08T13:00+01:00,4374.2
2023-01-08T13:15+01:00,4135.2
2023-01-08T13:30+01:00,3869.7
2023-01-08T13:45+01:00,3564.3
2023-01-08T14:00+01:00,3233.5
2023-01-08T14:15+01:00,2858.9
2023-01-08T14:30+01:00,2469
2023-01-08T14:45+01:00,2043.2
2023-01-08T15:00+01:00,1634.2
2023-01-08T15:15+01:00,1262.8
2023-01-08T15:30+01:00,918.6
2023-01-08T15:45+01:00,583.9
2023-01-08T16:00+01:00,350.3
2023-01-08T16:15+01:00,193.5
2023-01-08T16:30+01:00,91.6
2023-01-08T16:45+01:00,6
2023-01-08T17:00+01:00,0
2023-01-08T17:15+01:00,0
2023-01-08T17:30+01:00,0
2023-01-08T17:45+01:00,0
2023-01-08T18:00+01:00,0
2023-01-08T18:15+01:00,0
2023-01-08T18:30+01:00,0
2023-01-08T18:45+01:00,0
2023-01-08T19:00+01:00,0
2023-01-08T19:15+01:00,0
2023-01-08T19:30+01:00,0
2023-01-08T19:45+01:00,0
2023-01-08T20:00+01:00,0
2023-01-08T20:15+01:00,0
2023-01-08T20:30+01:00,0
2023-01-08T20:45+01:00,0
2023-01-08T21:00+01:00,0
2023-01-08T21:15+01:00,0
2023-01-08T21:30+01:00,0
2023-01-08T21:45+01:00,0
2023-01-08T22:00+01:00,0
2023-01-08T22:15+01:00,0
2023-01-08T22:30+01:00,0
2023-01-08T22:45+01:00,0
2023-01-08T23:00+01:00,0
2023-01-08T23:15+01:00,0
2023-01-08T23:30+01:00,0
2023-01-08T23:45+01:00,0
2023-01-09T00:00+01:00,0
2023-01-09T00:15+01:00,0
2023-01-09T00:30+01:00,0
2023-01-09T00:45+01:00,0
2023-01-09T01:00+01:00,0
2023-01-09T01:15+01:00,0
2023-01-09T01:30+01:00,0
2023-01-09T01:45+01:00,0
2023-01-09T02:00+01:00,0
2023-01-09T02:15+01:00,0
2023-01-09T02:30+01:00,0
2023-01-09T02:45+01:00,0
2023-01-09T03:00+01:00,0
2023-01-09T03:15+01:00,0
2023-01-09T03:30+01:00,0
2023-01-09T03:45+01:00,0
2023-01-09T04:00+01:00,0
2023-01-09T04:15+01:00,0
2023-01-09T04:30+01:00,0
2023-01-09T04:45+01:00,0
2023-01-09T05:00+01:00,0
2023-01-09T05:15+01:00,0
2023-01-09T05:30+01:00,0
2023-01-09T05:45+01:00,0
2023-01-09T06:00+01:00,0
2023-01-09T06:15+01:00,0
2023-01-09T06:30+01:00,0
2023-01-09T06:45+01:00,0
2023-01-09T07:00+01:00,0
2023-01-09T07:15+01:00,0
2023-01-09T07:30+01:00,0
2023-01-09T07:45+01:00,0
2023-01-09T08:00+01:00,13
2023-01-09T08:15+01:00,74.2
2023-01-09T08:30+01:00,323.7
2023-01-09T08:45+01:00,534.1
2023-01-09T09:00+01:00,788.1
2023-01-09T09:15+01:00,1107.2
2023-01-09T09:30+01:00,1469.4
2023-01-09T09:45+01:00,1855
2023-01-09T10:00+01:00,2249.3
2023-01-09T10:15+01:00,2670.4
2023-01-09T10:30+01:00,3097.2
2023-01-09T10:45+01:00,3520.8
2023-01-09T11:00+01:00,3903
2023-01-09T11:15+01:00,4275
2023-01-09T11:30+01:00,4588.6
2023-01-09T11:45+01:00,4836.2
2023-01-09T12:00+01:00,5010.5
2023-01-09T12:15+01:00,5133.1
2023-01-09T12:30+01:00,5187.8
2023-01-09T12:45+01:00,5185.6
2023-01-09T13:00+01:00,5122.1
2023-01-09T13:15+01:00,5020.1
2023-01-09T13:30+01:00,4837.8
2023-01-09T13:45+01:00,4588.9
2023-01-09T14:00+01:00,4301.6
2023-01-09T14:15+01:00,3941
2023-01-09T14:30+01:00,3486.6
2023-01-09T14:45+01:00,2914.5
2023-01-09T15:00+01:00,2304
2023-01-09T15:15+01:00,1736.7
2023-01-09T15:30+01:00,1203.4
2023-01-09T15:45+01:00,727.6
2023-01-09T16:00+01:00,414.1
2023-01-09T16:15+01:00,231.4
2023-01-09T16:30+01:00,97.8
2023-01-09T16:45+01:00,9.5
2023-01-09T17:00+01:00,0
2023-01-09T17:15+01:00,0
2023-01-09T17:30+01:00,0
2023-01-09T17:45+01:00,0
2023-01-09T18:00+01:00,0
2023-01-09T18:15+01:00,0
2023-01-09T18:30+01:00,0
2023-01-09T18:45+01:00,0
2023-01-09T19:00+01:00,0
2023-01-09T19:15+01:00,0
2023-01-09T19:30+01:00,0
2023-01-09T19:45+01:00,0
2023-01-09T20:00+01:00,0
2023-01-09T20:15+01:00,0
2023-01-09T20:30+01:00,0
2023-01-09T20:45+01:00,0
2023-01-09T21:00+01:00,0
2023-01-09T21:15+01:00,0
2023-01-09T21:30+01:00,0
2023-01-09T21:45+01:00,0
2023-01-09T22:00+01:00,0
2023-01-09T22:15+01:00,0
2023-01-09T22:30+01:00,0
2023-01-09T22:45+01:00,0
2023-01-09T23:00+01:00,0
2023-01-09T23:15+01:00,0
2023-01-09T23:30+01:00,0
2023-01-09T23:45+01:00,0
2023-01-10T00:00+01:00,0
2023-01-10T00:15+01:00,0
2023-01-10T00:30+01:00,0
2023-01-10T00:45+01:00,0
2023-01-10T01:00+01:00,0
2023-01-10T01:15+01:00,0
2023-01-10T01:30+01:00,0
2023-01-10T01:45+01:00,0
2023-01-10T02:00+01:00,0
2023-01-10T02:15+01:00,0
2023-01-10T02:30+01:00,0
2023-01-10T02:45+01:00,0
2023-01-10T03:00+01:00,0
2023-01-10T03:15+01:00,0
2023-01-10T03:30+01:00,0
2023-01-10T03:45+01:00,0
2023-01-10T04:00+01:00,0
2023-01-10T04:15+01:00,0
2023-01-10T04:30+01:00,0
2023-01-10T04:45+01:00,0
2023-01-10T05:00+01:00,0
2023-01-10T05:15+01:00,0
2023-01-10T05:30+01:00,0
2023-01-10T05:45+01:00,0
2023-01-10T06:00+01:00,0
2023-01-10T06:15+01:00,0
2023-01-10T06:30+01:00,0
2023-01-10T06:45+01:00,0
2023-01-10T07:00+01:00,0
2023-01-10T07:15+01:00,0
2023-01-10T07:30+01:00,0
2023-01-10T07:45+01:00,0
2023-01-10T08:00+01:00,16.8
2023-01-10T08:15+01:00,87.7
2023-01-10T08:30+01:00,396.6
2023-01-10T08:45+01:00,666.7
2023-01-10T09:00+01:00,1009.8
2023-01-10T09:15+01:00,1437.7
2023-01-10T09:30+01:00,1925.1
2023-01-10T09:45+01:00,2434.2
2023-01-10T10:00+01:00,2928.2
2023-01-10T10:15+01:00,3435.6
2023-01-10T10:30+01:00,3924.7
2023-01-10T10:45+01:00,4358.9
2023-01-10T11:00+01:00,4809.5
2023-01-10T11:15+01:00,5159.4
2023-01-10T11:30+01:00,5459.1
2023-01-10T11:45+01:00,5667.9
2023-01-10T12:00+01:00,5815
2023-01-10T12:15+01:00,5903.1
2023-01-10T12:30+01:00,5915.8
2023-01-10T12:45+01:00,5848.9
2023-01-10T13:00+01:00,5743.5
2023-01-10T13:15+01:00,5581.7
2023-01-10T13:30+01:00,5325
2023-01-10T13:45+01:00,4972.6
2023-01-10T14:00+01:00,4578
2023-01-10T14:15+01:00,4119.7
2023-01-10T14:30+01:00,3635.1
2023-01-10T14:45+01:00,3061.7
2023-01-10T15:00+01:00,2451
2023-01-10T15:15+01:00,1905
2023-01-10T15:30+01:00,1364.5
2023-01-10T15:45+01:00,862.6
2023-01-10T16:00+01:00,519
2023-01-10T16:15+01:00,297.1
2023-01-10T16:30+01:00,135.7
2023-01-10T16:45+01:00,29.3
2023-01-10T17:00+01:00,0
2023-01-10T17:15+01:00,0
2023-01-10T17:30+01:00,0
2023-01-10T17:45+01:00,0
2023-01-10T18:00+01:00,0
2023-01-10T18:15+01:00,0
2023-01-10T18:30+01:00,0
2023-01-10T18:45+01:00,0
2023-01-10T19:00+01:00,0
2023-01-10T19:15+01:00,0
2023-01-10T19:30+01:00,0
2023-01-10T19:45+01:00,0
2023-01-10T20:00+01:00,0
2023-01-10T20:15+01:00,0
2023-01-10T20:30+01:00,0
2023-01-10T20:45+01:00,0
2023-01-10T21:00+01:00,0
2023-01-10T21:15+01:00,0
2023-01-10T21:30+01:00,0
2023-01-10T21:45+01:00,0
2023-01-10T22:00+01:00,0
2023-01-10T22:15+01:00,0
2023-01-10T22:30+01:00,0
2023-01-10T22:45+01:00,0
2023-01-10T23:00+01:00,0
2023-01-10T23:15+01:00,0
2023-01-10T23:30+01:00,0
2023-01-10T23:45+01:00,0
2023-01-11T00:00+01:00,0
2023-01-11T00:15+01:00,0
2023-01-11T00:30+01:00,0
2023-01-11T00:45+01:00,0
2023-01-11T01:00+01:00,0
2023-01-11T01:15+01:00,0
2023-01-11T01:30+01:00,0
2023-01-11T01:45+01:00,0
2023-01-11T02:00+01:00,0
2023-01-11T02:15+01:00,0
2023-01-11T02:30+01:00,0
2023-01-11T02:45+01:00,0
2023-01-11T03:00+01:00,0
2023-01-11T03:15+01:00,0
2023-01-11T03:30+01:00,0
2023-01-11T03:45+01:00,0
2023-01-11T04:00+01:00,0
2023-01-11T04:15+01:00,0
2023-01-11T04:30+01:00,0
2023-01-11T04:45+01:00,0
2023-01-11T05:00+01:00,0
2023-01-11T05:15+01:00,0
2023-01-11T05:30+01:00,0
2023-01-11T05:45+01:00,0
2023-01-11T06:00+01:00,0
2023-01-11T06:15+01:00,0
2023-01-11T06:30+01:00,0
2023-01-11T06:45+01:00,0
2023-01-11T07:00+01:00,0
2023-01-11T07:15+01:00,0
2023-01-11T07:30+01:00,0
2023-01-11T07:45+01:00,0
2023-01-11T08:00+01:00,13.4
2023-01-11T08:15+01:00,72.4
2023-01-11T08:30+01:00,312.4
2023-01-11T08:45+01:00,488.7
2023-01-11T09:00+01:00,690.6
2023-01-11T09:15+01:00,935.9
2023-01-11T09:30+01:00,1206.1
2023-01-11T09:45+01:00,1489.3
2023-01-11T10:00+01:00,1758.9
2023-01-11T10:15+01:00,2045.2
2023-01-11T10:30+01:00,2319.4
2023-01-11T10:45+01:00,2583.9
2023-01-11T11:00+01:00,2817.4
2023-01-11T11:15+01:00,3035.3
2023-01-11T11:30+01:00,3212
2023-01-11T11:45+01:00,3321.9
2023-01-11T12:00+01:00,3400.9
2023-01-11T12:15+01:00,3438
2023-01-11T12:30+01:00,3407.7
2023-01-11T12:45+01:00,3333.6
2023-01-11T13:00+01:00,3212.2
2023-01-11T13:15+01:00,3052.4
2023-01-11T13:30+01:00,2863.4
2023-01-11T13:45+01:00,2653.7
2023-01-11T14:00+01:00,2433
2023-01-11T14:15+01:00,2180.4
2023-01-11T14:30+01:00,1913.9
2023-01-11T14:45+01:00,1622.6
2023-01-11T15:00+01:00,1323.8
2023-01-11T15:15+01:00,1057.6
2023-01-11T15:30+01:00,807
2023-01-11T15:45+01:00,556.4
2023-01-11T16:00+01:00,351.6
2023-01-11T16:15+01:00,199.1
2023-01-11T16:30+01:00,89.4
2023-01-11T16:45+01:00,20.9
2023-01-11T17:00+01:00,0
2023-01-11T17:15+01:00,0
2023-01-11T17:30+01:00,0
2023-01-11T17:45+01:00,0
2023-01-11T18:00+01:00,0
2023-01-11T18:15+01:00,0
2023-01-11T18:30+01:00,0
2023-01-11T18:45+01:00,0
2023-01-11T19:00+01:00,0
2023-01-11T19:15+01:00,0
2023-01-11T19:30+01:00,0
2023-01-11T19:45+01:00,0
2023-01-11T20:00+01:00,0
2023-01-11T20:15+01:00,0
2023-01-11T20:30+01:00,0
2023-01-11T20:45+01:00,0
2023-01-11T21:00+01:00,0
2023-01-11T21:15+01:00,0
2023-01-11T21:30+01:00,0
2023-01-11T21:45+01:00,0
2023-01-11T22:00+01:00,0
2023-01-11T22:15+01:00,0
2023-01-11T22:30+01:00,0
2023-01-11T22:45+01:00,0
2023-01-11T23:00+01:00,0
2023-01-11T23:15+01:00,0
2023-01-11T23:30+01:00,0
2023-01-11T23:45+01:00,0
2023-01-12T00:00+01:00,0
2023-01-12T00:15+01:00,0
2023-01-12T00:30+01:00,0
2023-01-12T00:45+01:00,0
2023-01-12T01:00+01:00,0
2023-01-12T01:15+01:00,0
2023-01-12T01:30+01:00,0
2023-01-12T01:45+01:00,0
2023-01-12T02:00+01:00,0
2023-01-12T02:15+01:00,0
2023-01-12T02:30+01:00,0
2023-01-12T02:45+01:00,0
2023-01-12T03:00+01:00,0
2023-01-12T03:15+01:00,0
2023-01-12T03:30+01:00,0
2023-01-12T03:45+01:00,0
2023-01-12T04:00+01:00,0
2023-01-12T04:15+01:00,0
2023-01-12T04:30+01:00,0
2023-01-12T04:45+01:00,0
2023-01-12T05:00+01:00,0
2023-01-12T05:15+01:00,0
2023-01-12T05:30+01:00,0
2023-01-12T05:45+01:00,0
2023-01-12T06:00+01:00,0
2023-01-12T06:15+01:00,0
2023-01-12T06:30+01:00,0
2023-01-12T06:45+01:00,0
2023-01-12T07:00+01:00,0
2023-01-12T07:15+01:00,0
2023-01-12T07:30+01:00,0
2023-01-12T07:45+01:00,0
2023-01-12T08:00+01:00,21.7
2023-01-12T08:15+01:00,116.7
2023-01-12T08:30+01:00,472.7
2023-01-12T08:45+01:00,740.2
2023-01-12T09:00+01:00,997
2023-01-12T09:15+01:00,1288.1
2023-01-12T09:30+01:00,1588.4
2023-01-12T09:45+01:00,1869.2
2023-01-12T10:00+01:00,2112.7
2023-01-12T10:15+01:00,2343
2023-01-12T10:30+01:00,2540.3
2023-01-12T10:45+01:00,2692.2
2023-01-12T11:00+01:00,2818.9
2023-01-12T11:15+01:00,2893.6
2023-01-12T11:30+01:00,2934.4
2023-01-12T11:45+01:00,2949.7
2023-01-12T12:00+01:00,2930.7
2023-01-12T12:15+01:00,2857.2
2023-01-12T12:30+01:00,2743
2023-01-12T12:45+01:00,2599.2
2023-01-12T13:00+01:00,2437.5
2023-01-12T13:15+01:00,2269.4
2023-01-12T13:30+01:00,2085.2
2023-01-12T13:45+01:00,1883.9
2023-01-12T14:00+01:00,1681.7
2023-01-12T14:15+01:00,1469.7
2023-01-12T14:30+01:00,1268
2023-01-12T14:45+01:00,1088.8
2023-01-12T15:00+01:00,887.9
2023-01-12T15:15+01:00,700.7
2023-01-12T15:30+01:00,540
2023-01-12T15:45+01:00,384.4
2023-01-12T16:00+01:00,265.2
2023-01-12T16:15+01:00,175.7
2023-01-12T16:30+01:00,85.2
2023-01-12T16:45+01:00,15.7
2023-01-12T17:00+01:00,0
2023-01-12T17:15+01:00,0
2023-01-12T17:30+01:00,0
2023-01-12T17:45+01:00,0
2023-01-12T18:00+01:00,0
2023-01-12T18:15+01:00,0
2023-01-12T18:30+01:00,0
2023-01-12T18:45+01:00,0
2023-01-12T19:00+01:00,0
2023-01-12T19:15+01:00,0
2023-01-12T19:30+01:00,0
2023-01-12T19:45+01:00,0
2023-01-12T20:00+01:00,0
2023-01-12T20:15+01:00,0
2023-01-12T20:30+01:00,0
2023-01-12T20:45+01:00,0
2023-01-12T21:00+01:00,0
2023-01-12T21:15+01:00,0
2023-01-12T21:30+01:00,0
2023-01-12T21:45+01:00,0
2023-01-12T22:00+01:00,0
2023-01-12T22:15+01:00,0
2023-01-12T22:30+01:00,0
2023-01-12T22:45+01:00,0
2023-01-12T23:00+01:00,0
2023-01-12T23:15+01:00,0
2023-01-12T23:30+01:00,0
2023-01-12T23:45+01:00,0
2023-01-13T00:00+01:00,0
2023-01-13T00:15+01:00,0
2023-01-13T00:30+01:00,0
2023-01-13T00:45+01:00,0
2023-01-13T01:00+01:00,0
2023-01-13T01:15+01:00,0
2023-01-13T01:30+01:00,0
2023-01-13T01:45+01:00,0
2023-01-13T02:00+01:00,0
2023-01-13T02:15+01:00,0
2023-01-13T02:30+01:00,0
2023-01-13T02:45+01:00,0
2023-01-13T03:00+01:00,0
2023-01-13T03:15+01:00,0
2023-01-13T03:30+01:00,0
2023-01-13T03:45+01:00,0
2023-01-13T04:00+01:00,0
2023-01-13T04:15+01:00,0
2023-01-13T04:30+01:00,0
2023-01-13T04:45+01:00,0
2023-01-13T05:00+01:00,0
2023-01-13T05:15+01:00,0
2023-01-13T05:30+01:00,0
2023-01-13T05:45+01:00,0
2023-01-13T06:00+01:00,0
2023-01-13T06:15+01:00,0
2023-01-13T06:30+01:00,0
2023-01-13T06:45+01:00,0
2023-01-13T07:00+01:00,0
2023-01-13T07:15+01:00,0
2023-01-13T07:30+01:00,0
2023-01-13T07:45+01:00,0
2023-01-13T08:00+01:00,23.7
2023-01-13T08:15+01:00,148.3
2023-01-13T08:30+01:00,530.9
2023-01-13T08:45+01:00,1029
2023-01-13T09:00+01:00,1573.6
2023-01-13T09:15+01:00,2215.5
2023-01-13T09:30+01:00,2902
2023-01-13T09:45+01:00,3599.9
2023-01-13T10:00+01:00,4241.7
2023-01-13T10:15+01:00,4862.5
2023-01-13T10:30+01:00,5438.3
2023-01-13T10:45+01:00,5959.3
2023-01-13T11:00+01:00,6377.5
2023-01-13T11:15+01:00,6780.9
2023-01-13T11:30+01:00,7093.8
2023-01-13T11:45+01:00,7302.2
2023-01-13T12:00+01:00,7467.2
2023-01-13T12:15+01:00,7557.1
2023-01-13T12:30+01:00,7544.5
2023-01-13T12:45+01:00,7440.6
2023-01-13T13:00+01:00,7276
2023-01-13T13:15+01:00,7050.6
2023-01-13T13:30+01:00,6724.7
2023-01-13T13:45+01:00,6311.2
2023-01-13T14:00+01:00,5869.8
2023-01-13T14:15+01:00,5361.3
2023-01-13T14:30+01:00,4737.4
2023-01-13T14:45+01:00,4018.8
2023-01-13T15:00+01:00,3229.7
2023-01-13T15:15+01:00,2485.7
2023-01-13T15:30+01:00,1766.8
2023-01-13T15:45+01:00,1125.8
2023-01-13T16:00+01:00,673.1
2023-01-13T16:15+01:00,397.8
2023-01-13T16:30+01:00,173.5
2023-01-13T16:45+01:00,35.1
2023-01-13T17:00+01:00,0
2023-01-13T17:15+01:00,0
2023-01-13T17:30+01:00,0
2023-01-13T17:45+01:00,0
2023-01-13T18:00+01:00,0
2023-01-13T18:15+01:00,0
2023-01-13T18:30+01:00,0
2023-01-13T18:45+01:00,0
2023-01-13T19:00+01:00,0
2023-01-13T19:15+01:00,0
2023-01-13T19:30+01:00,0
2023-01-13T19:45+01:00,0
2023-01-13T20:00+01:00,0
2023-01-13T20:15+01:00,0
2023-01-13T20:30+01:00,0
2023-01-13T20:45+01:00,0
2023-01-13T21:00+01:00,0
2023-01-13T21:15+01:00,0
2023-01-13T21:30+01:00,0
2023-01-13T21:45+01:00,0
2023-01-13T22:00+01:00,0
2023-01-13T22:15+01:00,0
2023-01-13T22:30+01:00,0
2023-01-13T22:45+01:00,0
2023-01-13T23:00+01:00,0
2023-01-13T23:15+01:00,0
2023-01-13T23:30+01:00,0
2023-01-13T23:45+01:00,0
2023-01-14T00:00+01:00,0
2023-01-14T00:15+01:00,0
2023-01-14T00:30+01:00,0
2023-01-14T00:45+01:00,0
2023-01-14T01:00+01:00,0
2023-01-14T01:15+01:00,0
2023-01-14T01:30+01:00,0
2023-01-14T01:45+01:00,0
2023-01-14T02:00+01:00,0
2023-01-14T02:15+01:00,0
2023-01-14T02:30+01:00,0
2023-01-14T02:45+01:00,0
2023-01-14T03:00+01:00,0
2023-01-14T03:15+01:00,0
2023-01-14T03:30+01:00,0
2023-01-14T03:45+01:00,0
2023-01-14T04:00+01:00,0
2023-01-14T04:15+01:00,0
2023-01-14T04:30+01:00,0
2023-01-14T04:45+01:00,0
2023-01-14T05:00+01:00,0
2023-01-14T05:15+01:00,0
2023-01-14T05:30+01:00,0
2023-01-14T05:45+01:00,0
2023-01-14T06:00+01:00,0
2023-01-14T06:15+01:00,0
2023-01-14T06:30+01:00,0
2023-01-14T06:45+01:00,0
2023-01-14T07:00+01:00,0
2023-01-14T07:15+01:00,0
2023-01-14T07:30+01:00,0
2023-01-14T07:45+01:00,0
2023-01-14T08:00+01:00,41.4
2023-01-14T08:15+01:00,209.3
2023-01-14T08:30+01:00,718.4
2023-01-14T08:45+01:00,1197.6
2023-01-14T09:00+01:00,1744.7
2023-01-14T09:15+01:00,2364.5
2023-01-14T09:30+01:00,3009.8
2023-01-14T09:45+01:00,3647.5
2023-01-14T10:00+01:00,4251.9
2023-01-14T10:15+01:00,4840.6
2023-01-14T10:30+01:00,5372.6
2023-01-14T10:45+01:00,5793.2
2023-01-14T11:00+01:00,6119
2023-01-14T11:15+01:00,6342.4
2023-01-14T11:30+01:00,6440.9
2023-01-14T11:45+01:00,6417.1
2023-01-14T12:00+01:00,6305.5
2023-01-14T12:15+01:00,6058.6
2023-01-14T12:30+01:00,5717.3
2023-01-14T12:45+01:00,5311.1
2023-01-14T13:00+01:00,4880.8
2023-01-14T13:15+01:00,4417.8
2023-01-14T13:30+01:00,3936.2
2023-01-14T13:45+01:00,3432.6
2023-01-14T14:00+01:00,2953.3
2023-01-14T14:15+01:00,2477.8
2023-01-14T14:30+01:00,2028
2023-01-14T14:45+01:00,1602.6
2023-01-14T15:00+01:00,1254.9
2023-01-14T15:15+01:00,952.8
2023-01-14T15:30+01:00,697
2023-01-14T15:45+01:00,460.6
2023-01-14T16:00+01:00,297.9
2023-01-14T16:15+01:00,187.5
2023-01-14T16:30+01:00,96.3
2023-01-14T16:45+01:00,20.9
2023-01-14T17:00+01:00,0
2023-01-14T17:15+01:00,0
2023-01-14T17:30+01:00,0
2023-01-14T17:45+01:00,0
2023-01-14T18:00+01:00,0
2023-01-14T18:15+01:00,0
2023-01-14T18:30+01:00,0
2023-01-14T18:45+01:00,0
2023-01-14T19:00+01:00,0
2023-01-14T19:15+01:00,0
2023-01-14T19:30+01:00,0
2023-01-14T19:45+01:00,0
2023-01-14T20:00+01:00,0
2023-01-14T20:15+01:00,0
2023-01-14T20:30+01:00,0
2023-01-14T20:45+01:00,0
2023-01-14T21:00+01:00,0
2023-01-14T21:15+01:00,0
2023-01-14T21:30+01:00,0
2023-01-14T21:45+01:00,0
2023-01-14T22:00+01:00,0
2023-01-14T22:15+01:00,0
2023-01-14T22:30+01:00,0
2023-01-14T22:45+01:00,0
2023-01-14T23:00+01:00,0
2023-01-14T23:15+01:00,0
2023-01-14T23:30+01:00,0
2023-01-14T23:45+01:00,0
2023-01-15T00:00+01:00,0
2023-01-15T00:15+01:00,0
2023-01-15T00:30+01:00,0
2023-01-15T00:45+01:00,0
2023-01-15T01:00+01:00,0
2023-01-15T01:15+01:00,0
2023-01-15T01:30+01:00,0
2023-01-15T01:45+01:00,0
2023-01-15T02:00+01:00,0
2023-01-15T02:15+01:00,0
2023-01-15T02:30+01:00,0
2023-01-15T02:45+01:00,0
2023-01-15T03:00+01:00,0
2023-01-15T03:15+01:00,0
2023-01-15T03:30+01:00,0
2023-01-15T03:45+01:00,0
2023-01-15T04:00+01:00,0
2023-01-15T04:15+01:00,0
2023-01-15T04:30+01:00,0
2023-01-15T04:45+01:00,0
2023-01-15T05:00+01:00,0
2023-01-15T05:15+01:00,0
2023-01-15T05:30+01:00,0
2023-01-15T05:45+01:00,0
2023-01-15T06:00+01:00,0
2023-01-15T06:15+01:00,0
2023-01-15T06:30+01:00,0
2023-01-15T06:45+01:00,0
2023-01-15T07:00+01:00,0
2023-01-15T07:15+01:00,0
2023-01-15T07:30+01:00,0
2023-01-15T07:45+01:00,0
2023-01-15T08:00+01:00,21
2023-01-15T08:15+01:00,101.9
2023-01-15T08:30+01:00,399.2
2023-01-15T08:45+01:00,665.5
2023-01-15T09:00+01:00,993.9
2023-01-15T09:15+01:00,1410.8
2023-01-15T09:30+01:00,1868.8
2023-01-15T09:45+01:00,2344
2023-01-15T10:00+01:00,2829.6
2023-01-15T10:15+01:00,3337.4
2023-01-15T10:30+01:00,3820.7
2023-01-15T10:45+01:00,4261.1
2023-01-15T11:00+01:00,4672.3
2023-01-15T11:15+01:00,5071.9
2023-01-15T11:30+01:00,5394.4
2023-01-15T11:45+01:00,5628.5
2023-01-15T12:00+01:00,5810.6
2023-01-15T12:15+01:00,5929.2
2023-01-15T12:30+01:00,5979.9
2023-01-15T12:45+01:00,5947.6
2023-01-15T13:00+01:00,5828.1
2023-01-15T13:15+01:00,5682.3
2023-01-15T13:30+01:00,5459.7
2023-01-15T13:45+01:00,5166.3
2023-01-15T14:00+01:00,4847.3
2023-01-15T14:15+01:00,4455.6
2023-01-15T14:30+01:00,3999.6
2023-01-15T14:45+01:00,3474.1
2023-01-15T15:00+01:00,2889
2023-01-15T15:15+01:00,2314.8
2023-01-15T15:30+01:00,1720.2
2023-01-15T15:45+01:00,1159.1
2023-01-15T16:00+01:00,715.8
2023-01-15T16:15+01:00,425.3
2023-01-15T16:30+01:00,197
2023-01-15T16:45+01:00,49.7
2023-01-15T17:00+01:00,0
2023-01-15T17:15+01:00,0
2023-01-15T17:30+01:00,0
2023-01-15T17:45+01:00,0
2023-01-15T18:00+01:00,0
2023-01-15T18:15+01:00,0
2023-01-15T18:30+01:00,0
2023-01-15T18:45+01:00,0
2023-01-15T19:00+01:00,0
2023-01-15T19:15+01:00,0
2023-01-15T19:30+01:00,0
2023-01-15T19:45+01:00,0
2023-01-15T20:00+01:00,0
2023-01-15T20:15+01:00,0
2023-01-15T20:30+01:00,0
2023-01-15T20:45+01:00,0
2023-01-15T21:00+01:00,0
2023-01-15T21:15+01:00,0
2023-01-15T21:30+01:00,0
2023-01-15T21:45+01:00,0
2023-01-15T22:00+01:00,0
2023-01-15T22:15+01:00,0
2023-01-15T22:30+01:00,0
2023-01-15T22:45+01:00,0
2023-01-15T23:00+01:00,0
2023-01-15T23:15+01:00,0
2023-01-15T23:30+01:00,0
2023-01-15T23:45+01:00,0
2023-01-16T00:00+01:00,0
2023-01-16T00:15+01:00,0
2023-01-16T00:30+01:00,0
2023-01-16T00:45+01:00,0
2023-01-16T01:00+01:00,0
2023-01-16T01:15+01:00,0
2023-01-16T01:30+01:00,0
2023-01-16T01:45+01:00,0
2023-01-16T02:00+01:00,0
2023-01-16T02:15+01:00,0
2023-01-16T02:30+01:00,0
2023-01-16T02:45+01:00,0
2023-01-16T03:00+01:00,0
2023-01-16T03:15+01:00,0
2023-01-16T03:30+01:00,0
2023-01-16T03:45+01:00,0
2023-01-16T04:00+01:00,0
2023-01-16T04:15+01:00,0
2023-01-16T04:30+01:00,0
2023-01-16T04:45+01:00,0
2023-01-16T05:00+01:00,0
2023-01-16T05:15+01:00,0
2023-01-16T05:30+01:00,0
2023-01-16T05:45+01:00,0
2023-01-16T06:00+01:00,0
2023-01-16T06:15+01:00,0
2023-01-16T06:30+01:00,0
2023-01-16T06:45+01:00,0
2023-01-16T07:00+01:00,0
2023-01-16T07:15+01:00,0
2023-01-16T07:30+01:00,0
2023-01-16T07:45+01:00,0
2023-01-16T08:00+01:00,75.2
2023-01-16T08:15+01:00,361.1
2023-01-16T08:30+01:00,1101.7
2023-01-16T08:45+01:00,1774.6
2023-01-16T09:00+01:00,2517.3
2023-01-16T09:15+01:00,3330.2
2023-01-16T09:30+01:00,4181.9
2023-01-16T09:45+01:00,4997.9
2023-01-16T10:00+01:00,5737
2023-01-16T10:15+01:00,6425.1
2023-01-16T10:30+01:00,7048.7
2023-01-16T10:45+01:00,7569.5
2023-01-16T11:00+01:00,8035.7
2023-01-16T11:15+01:00,8433.9
2023-01-16T11:30+01:00,8705.8
2023-01-16T11:45+01:00,8835.6
2023-01-16T12:00+01:00,8898.5
2023-01-16T12:15+01:00,8813.9
2023-01-16T12:30+01:00,8627.6
2023-01-16T12:45+01:00,8338.3
2023-01-16T13:00+01:00,7948.5
2023-01-16T13:15+01:00,7495.8
2023-01-16T13:30+01:00,6967.8
2023-01-16T13:45+01:00,6392.8
2023-01-16T14:00+01:00,5774
2023-01-16T14:15+01:00,5095.5
2023-01-16T14:30+01:00,4377.5
2023-01-16T14:45+01:00,3635.9
2023-01-16T15:00+01:00,2942.7
2023-01-16T15:15+01:00,2245.5
2023-01-16T15:30+01:00,1603.1
2023-01-16T15:45+01:00,1013.5
2023-01-16T16:00+01:00,614.7
2023-01-16T16:15+01:00,370.1
2023-01-16T16:30+01:00,176.6
2023-01-16T16:45+01:00,39
2023-01-16T17:00+01:00,0
2023-01-16T17:15+01:00,0
2023-01-16T17:30+01:00,0
2023-01-16T17:45+01:00,0
2023-01-16T18:00+01:00,0
2023-01-16T18:15+01:00,0
2023-01-16T18:30+01:00,0
2023-01-16T18:45+01:00,0
2023-01-16T19:00+01:00,0
2023-01-16T19:15+01:00,0
2023-01-16T19:30+01:00,0
2023-01-16T19:45+01:00,0
2023-01-16T20:00+01:00,0
2023-01-16T20:15+01:00,0
2023-01-16T20:30+01:00,0
2023-01-16T20:45+01:00,0
2023-01-16T21:00+01:00,0
2023-01-16T21:15+01:00,0
2023-01-16T21:30+01:00,0
2023-01-16T21:45+01:00,0
2023-01-16T22:00+01:00,0
2023-01-16T22:15+01:00,0
2023-01-16T22:30+01:00,0
2023-01-16T22:45+01:00,0
2023-01-16T23:00+01:00,0
2023-01-16T23:15+01:00,0
2023-01-16T23:30+01:00,0
2023-01-16T23:45+01:00,0
2023-01-17T00:00+01:00,0
2023-01-17T00:15+01:00,0
2023-01-17T00:30+01:00,0
2023-01-17T00:45+01:00,0
2023-01-17T01:00+01:00,0
2023-01-17T01:15+01:00,0
2023-01-17T01:30+01:00,0
2023-01-17T01:45+01:00,0
2023-01-17T02:00+01:00,0
2023-01-17T02:15+01:00,0
2023-01-17T02:30+01:00,0
2023-01-17T02:45+01:00,0
2023-01-17T03:00+01:00,0
2023-01-17T03:15+01:00,0
2023-01-17T03:30+01:00,0
2023-01-17T03:45+01:00,0
2023-01-17T04:00+01:00,0
2023-01-17T04:15+01:00,0
2023-01-17T04:30+01:00,0
2023-01-17T04:45+01:00,0
2023-01-17T05:00+01:00,0
2023-01-17T05:15+01:00,0
2023-01-17T05:30+01:00,0
2023-01-17T05:45+01:00,0
2023-01-17T06:00+01:00,0
2023-01-17T06:15+01:00,0
2023-01-17T06:30+01:00,0
2023-01-17T06:45+01:00,0
2023-01-17T07:00+01:00,0
2023-01-17T07:15+01:00,0
2023-01-17T07:30+01:00,0
2023-01-17T07:45+01:00,0.1
2023-01-17T08:00+01:00,76.4
2023-01-17T08:15+01:00,354.6
2023-01-17T08:30+01:00,1015.8
2023-01-17T08:45+01:00,1742.1
2023-01-17T09:00+01:00,2577.6
2023-01-17T09:15+01:00,3508.4
2023-01-17T09:30+01:00,4507.4
2023-01-17T09:45+01:00,5543.2
2023-01-17T10:00+01:00,6541
2023-01-17T10:15+01:00,7515.5
2023-01-17T10:30+01:00,8463.3
2023-01-17T10:45+01:00,9411
2023-01-17T11:00+01:00,10159.2
2023-01-17T11:15+01:00,10863.7
2023-01-17T11:30+01:00,11462.9
2023-01-17T11:45+01:00,11927
2023-01-17T12:00+01:00,12226.2
2023-01-17T12:15+01:00,12322.1
2023-01-17T12:30+01:00,12313.9
2023-01-17T12:45+01:00,12146.5
2023-01-17T13:00+01:00,11854.2
2023-01-17T13:15+01:00,11405.1
2023-01-17T13:30+01:00,10836.7
2023-01-17T13:45+01:00,10177.7
2023-01-17T14:00+01:00,9432.7
2023-01-17T14:15+01:00,8588.6
2023-01-17T14:30+01:00,7644.1
2023-01-17T14:45+01:00,6582.7
2023-01-17T15:00+01:00,5470.8
2023-01-17T15:15+01:00,4333.5
2023-01-17T15:30+01:00,3211.2
2023-01-17T15:45+01:00,2172.4
2023-01-17T16:00+01:00,1328.1
2023-01-17T16:15+01:00,731.5
2023-01-17T16:30+01:00,318.9
2023-01-17T16:45+01:00,137.8
2023-01-17T17:00+01:00,0
2023-01-17T17:15+01:00,0
2023-01-17T17:30+01:00,0
2023-01-17T17:45+01:00,0
2023-01-17T18:00+01:00,0
2023-01-17T18:15+01:00,0
2023-01-17T18:30+01:00,0
2023-01-17T18:45+01:00,0
2023-01-17T19:00+01:00,0
2023-01-17T19:15+01:00,0
2023-01-17T19:30+01:00,0
2023-01-17T19:45+01:00,0
2023-01-17T20:00+01:00,0
2023-01-17T20:15+01:00,0
2023-01-17T20:30+01:00,0
2023-01-17T20:45+01:00,0
2023-01-17T21:00+01:00,0
2023-01-17T21:15+01:00,0
2023-01-17T21:30+01:00,0
2023-01-17T21:45+01:00,0
2023-01-17T22:00+01:00,0
2023-01-17T22:15+01:00,0
2023-01-17T22:30+01:00,0
2023-01-17T22:45+01:00,0
2023-01-17T23:00+01:00,0
2023-01-17T23:15+01:00,0
2023-01-17T23:30+01:00,0
2023-01-17T23:45+01:00,0
2023-01-18T00:00+01:00,0
2023-01-18T00:15+01:00,0
2023-01-18T00:30+01:00,0
2023-01-18T00:45+01:00,0
2023-01-18T01:00+01:00,0
2023-01-18T01:15+01:00,0
2023-01-18T01:30+01:00,0
2023-01-18T01:45+01:00,0
2023-01-18T02:00+01:00,0
2023-01-18T02:15+01:00,0
2023-01-18T02:30+01:00,0
2023-01-18T02:45+01:00,0
2023-01-18T03:00+01:00,0
2023-01-18T03:15+01:00,0
2023-01-18T03:30+01:00,0
2023-01-18T03:45+01:00,0
2023-01-18T04:00+01:00,0
2023-01-18T04:15+01:00,0
2023-01-18T04:30+01:00,0
2023-01-18T04:45+01:00,0
2023-01-18T05:00+01:00,0
2023-01-18T05:15+01:00,0
2023-01-18T05:30+01:00,0
2023-01-18T05:45+01:00,0
2023-01-18T06:00+01:00,0
2023-01-18T06:15+01:00,0
2023-01-18T06:30+01:00,0
2023-01-18T06:45+01:00,0
2023-01-18T07:00+01:00,0
2023-01-18T07:15+01:00,0
2023-01-18T07:30+01:00,0
2023-01-18T07:45+01:00,0.1
2023-01-18T08:00+01:00,49.1
2023-01-18T08:15+01:00,221.2
2023-01-18T08:30+01:00,595.5
2023-01-18T08:45+01:00,991.3
2023-01-18T09:00+01:00,1497.1
2023-01-18T09:15+01:00,2098.4
2023-01-18T09:30+01:00,2763
2023-01-18T09:45+01:00,3443.1
2023-01-18T10:00+01:00,4104.6
2023-01-18T10:15+01:00,4782.4
2023-01-18T10:30+01:00,5422.5
2023-01-18T10:45+01:00,6015.9
2023-01-18T11:00+01:00,6579.4
2023-01-18T11:15+01:00,7046.6
2023-01-18T11:30+01:00,7415.6
2023-01-18T11:45+01:00,7701.4
2023-01-18T12:00+01:00,7881.6
2023-01-18T12:15+01:00,7982.7
2023-01-18T12:30+01:00,8009.5
2023-01-18T12:45+01:00,7938.8
2023-01-18T13:00+01:00,7794.4
2023-01-18T13:15+01:00,7514.4
2023-01-18T13:30+01:00,7153.1
2023-01-18T13:45+01:00,6711.4
2023-01-18T14:00+01:00,6204.2
2023-01-18T14:15+01:00,5651.4
2023-01-18T14:30+01:00,5065.1
2023-01-18T14:45+01:00,4377.6
2023-01-18T15:00+01:00,3719.6
2023-01-18T15:15+01:00,3021.4
2023-01-18T15:30+01:00,2316.7
2023-01-18T15:45+01:00,1642.5
2023-01-18T16:00+01:00,1063.6
2023-01-18T16:15+01:00,605.2
2023-01-18T16:30+01:00,310.9
2023-01-18T16:45+01:00,106.7
2023-01-18T17:00+01:00,0
2023-01-18T17:15+01:00,0
2023-01-18T17:30+01:00,0
2023-01-18T17:45+01:00,0
2023-01-18T18:00+01:00,0
2023-01-18T18:15+01:00,0
2023-01-18T18:30+01:00,0
2023-01-18T18:45+01:00,0
2023-01-18T19:00+01:00,0
2023-01-18T19:15+01:00,0
2023-01-18T19:30+01:00,0
2023-01-18T19:45+01:00,0
2023-01-18T20:00+01:00,0
2023-01-18T20:15+01:00,0
2023-01-18T20:30+01:00,0
2023-01-18T20:45+01:00,0
2023-01-18T21:00+01:00,0
2023-01-18T21:15+01:00,0
2023-01-18T21:30+01:00,0
2023-01-18T21:45+01:00,0
2023-01-18T22:00+01:00,0
2023-01-18T22:15+01:00,0
2023-01-18T22:30+01:00,0
2023-01-18T22:45+01:00,0
2023-01-18T23:00+01:00,0
2023-01-18T23:15+01:00,0
2023-01-18T23:30+01:00,0
2023-01-18T23:45+01:00,0
2023-01-19T00:00+01:00,0
2023-01-19T00:15+01:00,0
2023-01-19T00:30+01:00,0
2023-01-19T00:45+01:00,0
2023-01-19T01:00+01:00,0
2023-01-19T01:15+01:00,0
2023-01-19T01:30+01:00,0
2023-01-19T01:45+01:00,0
2023-01-19T02:00+01:00,0
2023-01-19T02:15+01:00,0
2023-01-19T02:30+01:00,0
2023-01-19T02:45+01:00,0
2023-01-19T03:00+01:00,0
2023-01-19T03:15+01:00,0
2023-01-19T03:30+01:00,0
2023-01-19T03:45+01:00,0
2023-01-19T04:00+01:00,0
2023-01-19T04:15+01:00,0
2023-01-19T04:30+01:00,0
2023-01-19T04:45+01:00,0
2023-01-19T05:00+01:00,0
2023-01-19T05:15+01:00,0
2023-01-19T05:30+01:00,0
2023-01-19T05:45+01:00,0
2023-01-19T06:00+01:00,0
2023-01-19T06:15+01:00,0
2023-01-19T06:30+01:00,0
2023-01-19T06:45+01:00,0
2023-01-19T07:00+01:00,0
2023-01-19T07:15+01:00,0
2023-01-19T07:30+01:00,0
2023-01-19T07:45+01:00,0.2
2023-01-19T08:00+01:00,81.3
2023-01-19T08:15+01:00,377.4
2023-01-19T08:30+01:00,970.2
2023-01-19T08:45+01:00,1570.7
2023-01-19T09:00+01:00,2214
2023-01-19T09:15+01:00,2975.5
2023-01-19T09:30+01:00,3776.9
2023-01-19T09:45+01:00,4591.8
2023-01-19T10:00+01:00,5348.1
2023-01-19T10:15+01:00,6026
2023-01-19T10:30+01:00,6666.8
2023-01-19T10:45+01:00,7236.2
2023-01-19T11:00+01:00,7713.6
2023-01-19T11:15+01:00,8102.1
2023-01-19T11:30+01:00,8381.6
2023-01-19T11:45+01:00,8559.6
2023-01-19T12:00+01:00,8630.4
2023-01-19T12:15+01:00,8602.5
2023-01-19T12:30+01:00,8468.7
2023-01-19T12:45+01:00,8228.8
2023-01-19T13:00+01:00,7984.7
2023-01-19T13:15+01:00,7624.2
2023-01-19T13:30+01:00,7182.4
2023-01-19T13:45+01:00,6674.8
2023-01-19T14:00+01:00,6149.6
2023-01-19T14:15+01:00,5573.6
2023-01-19T14:30+01:00,4915.7
2023-01-19T14:45+01:00,4226.4
2023-01-19T15:00+01:00,3508.5
2023-01-19T15:15+01:00,2810.6
2023-01-19T15:30+01:00,2148.1
2023-01-19T15:45+01:00,1498.1
2023-01-19T16:00+01:00,957.4
2023-01-19T16:15+01:00,563.4
2023-01-19T16:30+01:00,292.4
2023-01-19T16:45+01:00,110.9
2023-01-19T17:00+01:00,5
2023-01-19T17:15+01:00,0
2023-01-19T17:30+01:00,0
2023-01-19T17:45+01:00,0
2023-01-19T18:00+01:00,0
2023-01-19T18:15+01:00,0
2023-01-19T18:30+01:00,0
2023-01-19T18:45+01:00,0
2023-01-19T19:00+01:00,0
2023-01-19T19:15+01:00,0
2023-01-19T19:30+01:00,0
2023-01-19T19:45+01:00,0
2023-01-19T20:00+01:00,0
2023-01-19T20:15+01:00,0
2023-01-19T20:30+01:00,0
2023-01-19T20:45+01:00,0
2023-01-19T21:00+01:00,0
2023-01-19T21:15+01:00,0
2023-01-19T21:30+01:00,0
2023-01-19T21:45+01:00,0
2023-01-19T22:00+01:00,0
2023-01-19T22:15+01:00,0
2023-01-19T22:30+01:00,0
2023-01-19T22:45+01:00,0
2023-01-19T23:00+01:00,0
2023-01-19T23:15+01:00,0
2023-01-19T23:30+01:00,0
2023-01-19T23:45+01:00,0
2023-01-20T00:00+01:00,0
2023-01-20T00:15+01:00,0
2023-01-20T00:30+01:00,0
2023-01-20T00:45+01:00,0
2023-01-20T01:00+01:00,0
2023-01-20T01:15+01:00,0
2023-01-20T01:30+01:00,0
2023-01-20T01:45+01:00,0
2023-01-20T02:00+01:00,0
2023-01-20T02:15+01:00,0
2023-01-20T02:30+01:00,0
2023-01-20T02:45+01:00,0
2023-01-20T03:00+01:00,0
2023-01-20T03:15+01:00,0
2023-01-20T03:30+01:00,0
2023-01-20T03:45+01:00,0
2023-01-20T04:00+01:00,0
2023-01-20T04:15+01:00,0
2023-01-20T04:30+01:00,0
2023-01-20T04:45+01:00,0
2023-01-20T05:00+01:00,0
2023-01-20T05:15+01:00,0
2023-01-20T05:30+01:00,0
2023-01-20T05:45+01:00,0
2023-01-20T06:00+01:00,0
2023-01-20T06:15+01:00,0
2023-01-20T06:30+01:00,0
2023-01-20T06:45+01:00,0
2023-01-20T07:00+01:00,0.9
2023-01-20T07:15+01:00,1.4
2023-01-20T07:30+01:00,5.2
2023-01-20T07:45+01:00,20.1
2023-01-20T08:00+01:00,79.7
2023-01-20T08:15+01:00,284.2
2023-01-20T08:30+01:00,649.6
2023-01-20T08:45+01:00,1085.8
2023-01-20T09:00+01:00,1631.5
2023-01-20T09:15+01:00,2300.7
2023-01-20T09:30+01:00,3029.8
2023-01-20T09:45+01:00,3758.6
2023-01-20T10:00+01:00,4462.8
2023-01-20T10:15+01:00,5108.6
2023-01-20T10:30+01:00,5722
2023-01-20T10:45+01:00,6302.8
2023-01-20T11:00+01:00,6785
2023-01-20T11:15+01:00,7210.8
2023-01-20T11:30+01:00,7529.4
2023-01-20T11:45+01:00,7729.2
2023-01-20T12:00+01:00,7833.6
2023-01-20T12:15+01:00,7829.1
2023-01-20T12:30+01:00,7722.6
2023-01-20T12:45+01:00,7524.1
2023-01-20T13:00+01:00,7272.7
2023-01-20T13:15+01:00,6980.6
2023-01-20T13:30+01:00,6610.6
2023-01-20T13:45+01:00,6182.2
2023-01-20T14:00+01:00,5730.3
2023-01-20T14:15+01:00,5219.5
2023-01-20T14:30+01:00,4631.2
2023-01-20T14:45+01:00,4009.8
2023-01-20T15:00+01:00,3396.1
2023-01-20T15:15+01:00,2716.8
2023-01-20T15:30+01:00,2060.1
2023-01-20T15:45+01:00,1459.6
2023-01-20T16:00+01:00,941.7
2023-01-20T16:15+01:00,565.9
2023-01-20T16:30+01:00,323
2023-01-20T16:45+01:00,110.8
2023-01-20T17:00+01:00,9
2023-01-20T17:15+01:00,1
2023-01-20T17:30+01:00,0
2023-01-20T17:45+01:00,0
2023-01-20T18:00+01:00,0
2023-01-20T18:15+01:00,0
2023-01-20T18:30+01:00,0
2023-01-20T18:45+01:00,0
2023-01-20T19:00+01:00,0
2023-01-20T19:15+01:00,0
2023-01-20T19:30+01:00,0
2023-01-20T19:45+01:00,0
2023-01-20T20:00+01:00,0
2023-01-20T20:15+01:00,0
2023-01-20T20:30+01:00,0
2023-01-20T20:45+01:00,0
2023-01-20T21:00+01:00,0
2023-01-20T21:15+01:00,0
2023-01-20T21:30+01:00,0
2023-01-20T21:45+01:00,0
2023-01-20T22:00+01:00,0
2023-01-20T22:15+01:00,0
2023-01-20T22:30+01:00,0
2023-01-20T22:45+01:00,0
2023-01-20T23:00+01:00,0
2023-01-20T23:15+01:00,0
2023-01-20T23:30+01:00,0
2023-01-20T23:45+01:00,0
2023-01-21T00:00+01:00,0
2023-01-21T00:15+01:00,0
2023-01-21T00:30+01:00,0
2023-01-21T00:45+01:00,0
2023-01-21T01:00+01:00,0
2023-01-21T01:15+01:00,0
2023-01-21T01:30+01:00,0
2023-01-21T01:45+01:00,0
2023-01-21T02:00+01:00,0
2023-01-21T02:15+01:00,0
2023-01-21T02:30+01:00,0
2023-01-21T02:45+01:00,0
2023-01-21T03:00+01:00,0
2023-01-21T03:15+01:00,0
2023-01-21T03:30+01:00,0
2023-01-21T03:45+01:00,0
2023-01-21T04:00+01:00,0
2023-01-21T04:15+01:00,0
2023-01-21T04:30+01:00,0
2023-01-21T04:45+01:00,0
2023-01-21T05:00+01:00,0
2023-01-21T05:15+01:00,0
2023-01-21T05:30+01:00,0
2023-01-21T05:45+01:00,0
2023-01-21T06:00+01:00,0
2023-01-21T06:15+01:00,0
2023-01-21T06:30+01:00,0
2023-01-21T06:45+01:00,0
2023-01-21T07:00+01:00,0.9
2023-01-21T07:15+01:00,2.3
2023-01-21T07:30+01:00,6
2023-01-21T07:45+01:00,15.5
2023-01-21T08:00+01:00,52.3
2023-01-21T08:15+01:00,189
2023-01-21T08:30+01:00,362.3
2023-01-21T08:45+01:00,613.4
2023-01-21T09:00+01:00,894.9
2023-01-21T09:15+01:00,1244.6
2023-01-21T09:30+01:00,1663.9
2023-01-21T09:45+01:00,2102.7
2023-01-21T10:00+01:00,2505.1
2023-01-21T10:15+01:00,2911
2023-01-21T10:30+01:00,3317.1
2023-01-21T10:45+01:00,3689.9
2023-01-21T11:00+01:00,3989.5
2023-01-21T11:15+01:00,4271.9
2023-01-21T11:30+01:00,4484.1
2023-01-21T11:45+01:00,4629.8
2023-01-21T12:00+01:00,4694.3
2023-01-21T12:15+01:00,4696.1
2023-01-21T12:30+01:00,4654.2
2023-01-21T12:45+01:00,4553.6
2023-01-21T13:00+01:00,4384.4
2023-01-21T13:15+01:00,4176
2023-01-21T13:30+01:00,3927.1
2023-01-21T13:45+01:00,3642.6
2023-01-21T14:00+01:00,3327.2
2023-01-21T14:15+01:00,2990.7
2023-01-21T14:30+01:00,2634.7
2023-01-21T14:45+01:00,2245.3
2023-01-21T15:00+01:00,1866
2023-01-21T15:15+01:00,1481.3
2023-01-21T15:30+01:00,1112.2
2023-01-21T15:45+01:00,773
2023-01-21T16:00+01:00,502.2
2023-01-21T16:15+01:00,306.4
2023-01-21T16:30+01:00,170.7
2023-01-21T16:45+01:00,59
2023-01-21T17:00+01:00,6
2023-01-21T17:15+01:00,1
2023-01-21T17:30+01:00,0
2023-01-21T17:45+01:00,0
2023-01-21T18:00+01:00,0
2023-01-21T18:15+01:00,0
2023-01-21T18:30+01:00,0
2023-01-21T18:45+01:00,0
2023-01-21T19:00+01:00,0
2023-01-21T19:15+01:00,0
2023-01-21T19:30+01:00,0
2023-01-21T19:45+01:00,0
2023-01-21T20:00+01:00,0
2023-01-21T20:15+01:00,0
2023-01-21T20:30+01:00,0
2023-01-21T20:45+01:00,0
2023-01-21T21:00+01:00,0
2023-01-21T21:15+01:00,0
2023-01-21T21:30+01:00,0
2023-01-21T21:45+01:00,0
2023-01-21T22:00+01:00,0
2023-01-21T22:15+01:00,0
2023-01-21T22:30+01:00,0
2023-01-21T22:45+01:00,0
2023-01-21T23:00+01:00,0
2023-01-21T23:15+01:00,0
2023-01-21T23:30+01:00,0
2023-01-21T23:45+01:00,0
2023-01-22T00:00+01:00,0
2023-01-22T00:15+01:00,0
2023-01-22T00:30+01:00,0
2023-01-22T00:45+01:00,0
2023-01-22T01:00+01:00,0
2023-01-22T01:15+01:00,0
2023-01-22T01:30+01:00,0
2023-01-22T01:45+01:00,0
2023-01-22T02:00+01:00,0
2023-01-22T02:15+01:00,0
2023-01-22T02:30+01:00,0
2023-01-22T02:45+01:00,0
2023-01-22T03:00+01:00,0
2023-01-22T03:15+01:00,0
2023-01-22T03:30+01:00,0
2023-01-22T03:45+01:00,0
2023-01-22T04:00+01:00,0
2023-01-22T04:15+01:00,0
2023-01-22T04:30+01:00,0
2023-01-22T04:45+01:00,0
2023-01-22T05:00+01:00,0
2023-01-22T05:15+01:00,0
2023-01-22T05:30+01:00,0
2023-01-22T05:45+01:00,0
2023-01-22T06:00+01:00,0
2023-01-22T06:15+01:00,0
2023-01-22T06:30+01:00,0
2023-01-22T06:45+01:00,0
2023-01-22T07:00+01:00,0.5
2023-01-22T07:15+01:00,0.5
2023-01-22T07:30+01:00,1.3
2023-01-22T07:45+01:00,6.5
2023-01-22T08:00+01:00,25.9
2023-01-22T08:15+01:00,102.5
2023-01-22T08:30+01:00,197
2023-01-22T08:45+01:00,304.5
2023-01-22T09:00+01:00,461.8
2023-01-22T09:15+01:00,660.6
2023-01-22T09:30+01:00,868.2
2023-01-22T09:45+01:00,1089
2023-01-22T10:00+01:00,1323.1
2023-01-22T10:15+01:00,1558.8
2023-01-22T10:30+01:00,1776.2
2023-01-22T10:45+01:00,1963.4
2023-01-22T11:00+01:00,2099.5
2023-01-22T11:15+01:00,2229.8
2023-01-22T11:30+01:00,2327.6
2023-01-22T11:45+01:00,2400.2
2023-01-22T12:00+01:00,2439.3
2023-01-22T12:15+01:00,2438.1
2023-01-22T12:30+01:00,2405.3
2023-01-22T12:45+01:00,2346.6
2023-01-22T13:00+01:00,2270.6
2023-01-22T13:15+01:00,2145.4
2023-01-22T13:30+01:00,1999.5
2023-01-22T13:45+01:00,1839.4
2023-01-22T14:00+01:00,1658.5
2023-01-22T14:15+01:00,1466.1
2023-01-22T14:30+01:00,1276.8
2023-01-22T14:45+01:00,1080.8
2023-01-22T15:00+01:00,879
2023-01-22T15:15+01:00,699.5
2023-01-22T15:30+01:00,537.4
2023-01-22T15:45+01:00,387.1
2023-01-22T16:00+01:00,267.2
2023-01-22T16:15+01:00,171.2
2023-01-22T16:30+01:00,102.1
2023-01-22T16:45+01:00,44.2
2023-01-22T17:00+01:00,5
2023-01-22T17:15+01:00,2
2023-01-22T17:30+01:00,1
2023-01-22T17:45+01:00,0
2023-01-22T18:00+01:00,0
2023-01-22T18:15+01:00,0
2023-01-22T18:30+01:00,0
2023-01-22T18:45+01:00,0
2023-01-22T19:00+01:00,0
2023-01-22T19:15+01:00,0
2023-01-22T19:30+01:00,0
2023-01-22T19:45+01:00,0
2023-01-22T20:00+01:00,0
2023-01-22T20:15+01:00,0
2023-01-22T20:30+01:00,0
2023-01-22T20:45+01:00,0
2023-01-22T21:00+01:00,0
2023-01-22T21:15+01:00,0
2023-01-22T21:30+01:00,0
2023-01-22T21:45+01:00,0
2023-01-22T22:00+01:00,0
2023-01-22T22:15+01:00,0
2023-01-22T22:30+01:00,0
2023-01-22T22:45+01:00,0
2023-01-22T23:00+01:00,0
2023-01-22T23:15+01:00,0
2023-01-22T23:30+01:00,0
2023-01-22T23:45+01:00,0
2023-01-23T00:00+01:00,0
2023-01-23T00:15+01:00,0
2023-01-23T00:30+01:00,0
2023-01-23T00:45+01:00,0
2023-01-23T01:00+01:00,0
2023-01-23T01:15+01:00,0
2023-01-23T01:30+01:00,0
2023-01-23T01:45+01:00,0
2023-01-23T02:00+01:00,0
2023-01-23T02:15+01:00,0
2023-01-23T02:30+01:00,0
2023-01-23T02:45+01:00,0
2023-01-23T03:00+01:00,0
2023-01-23T03:15+01:00,0
2023-01-23T03:30+01:00,0
2023-01-23T03:45+01:00,0
2023-01-23T04:00+01:00,0
2023-01-23T04:15+01:00,0
2023-01-23T04:30+01:00,0
2023-01-23T04:45+01:00,0
2023-01-23T05:00+01:00,0
2023-01-23T05:15+01:00,0
2023-01-23T05:30+01:00,0
2023-01-23T05:45+01:00,0
2023-01-23T06:00+01:00,0
2023-01-23T06:15+01:00,0
2023-01-23T06:30+01:00,0
2023-01-23T06:45+01:00,0
2023-01-23T07:00+01:00,0.4
2023-01-23T07:15+01:00,0.9
2023-01-23T07:30+01:00,2.2
2023-01-23T07:45+01:00,7.4
2023-01-23T08:00+01:00,26.4
2023-01-23T08:15+01:00,107.2
2023-01-23T08:30+01:00,205.6
2023-01-23T08:45+01:00,352.3
2023-01-23T09:00+01:00,528.2
2023-01-23T09:15+01:00,738.3
2023-01-23T09:30+01:00,966.8
2023-01-23T09:45+01:00,1203.9
2023-01-23T10:00+01:00,1457
2023-01-23T10:15+01:00,1745
2023-01-23T10:30+01:00,2017.4
2023-01-23T10:45+01:00,2263.8
2023-01-23T11:00+01:00,2448.4
2023-01-23T11:15+01:00,2647.9
2023-01-23T11:30+01:00,2810.9
2023-01-23T11:45+01:00,2939.9
2023-01-23T12:00+01:00,3020.5
2023-01-23T12:15+01:00,3073.6
2023-01-23T12:30+01:00,3071.4
2023-01-23T12:45+01:00,3029.7
2023-01-23T13:00+01:00,2951.2
2023-01-23T13:15+01:00,2851.7
2023-01-23T13:30+01:00,2717.8
2023-01-23T13:45+01:00,2556.6
2023-01-23T14:00+01:00,2369.4
2023-01-23T14:15+01:00,2160.1
2023-01-23T14:30+01:00,1930.6
2023-01-23T14:45+01:00,1701.3
2023-01-23T15:00+01:00,1442.4
2023-01-23T15:15+01:00,1169.8
2023-01-23T15:30+01:00,910.1
2023-01-23T15:45+01:00,667.8
2023-01-23T16:00+01:00,466.1
2023-01-23T16:15+01:00,295.2
2023-01-23T16:30+01:00,166.4
2023-01-23T16:45+01:00,63.9
2023-01-23T17:00+01:00,4
2023-01-23T17:15+01:00,1
2023-01-23T17:30+01:00,0
2023-01-23T17:45+01:00,0
2023-01-23T18:00+01:00,0
2023-01-23T18:15+01:00,0
2023-01-23T18:30+01:00,0
2023-01-23T18:45+01:00,0
2023-01-23T19:00+01:00,0
2023-01-23T19:15+01:00,0
2023-01-23T19:30+01:00,0
2023-01-23T19:45+01:00,0
2023-01-23T20:00+01:00,0
2023-01-23T20:15+01:00,0
2023-01-23T20:30+01:00,0
2023-01-23T20:45+01:00,0
2023-01-23T21:00+01:00,0
2023-01-23T21:15+01:00,0
2023-01-23T21:30+01:00,0
2023-01-23T21:45+01:00,0
2023-01-23T22:00+01:00,0
2023-01-23T22:15+01:00,0
2023-01-23T22:30+01:00,0
2023-01-23T22:45+01:00,0
2023-01-23T23:00+01:00,0
2023-01-23T23:15+01:00,0
2023-01-23T23:30+01:00,0
2023-01-23T23:45+01:00,0
2023-01-24T00:00+01:00,0
2023-01-24T00:15+01:00,0
2023-01-24T00:30+01:00,0
2023-01-24T00:45+01:00,0
2023-01-24T01:00+01:00,0
2023-01-24T01:15+01:00,0
2023-01-24T01:30+01:00,0
2023-01-24T01:45+01:00,0
2023-01-24T02:00+01:00,0
2023-01-24T02:15+01:00,0
2023-01-24T02:30+01:00,0
2023-01-24T02:45+01:00,0
2023-01-24T03:00+01:00,0
2023-01-24T03:15+01:00,0
2023-01-24T03:30+01:00,0
2023-01-24T03:45+01:00,0
2023-01-24T04:00+01:00,0
2023-01-24T04:15+01:00,0
2023-01-24T04:30+01:00,0
2023-01-24T04:45+01:00,0
2023-01-24T05:00+01:00,0
2023-01-24T05:15+01:00,0
2023-01-24T05:30+01:00,0
2023-01-24T05:45+01:00,0
2023-01-24T06:00+01:00,0
2023-01-24T06:15+01:00,0
2023-01-24T06:30+01:00,0
2023-01-24T06:45+01:00,0
2023-01-24T07:00+01:00,0.8
2023-01-24T07:15+01:00,1.1
2023-01-24T07:30+01:00,3.3
2023-01-24T07:45+01:00,14.6
2023-01-24T08:00+01:00,49.5
2023-01-24T08:15+01:00,156.1
2023-01-24T08:30+01:00,316.2
2023-01-24T08:45+01:00,542.3
2023-01-24T09:00+01:00,815.8
2023-01-24T09:15+01:00,1154.1
2023-01-24T09:30+01:00,1518.9
2023-01-24T09:45+01:00,1908.9
2023-01-24T10:00+01:00,2302
2023-01-24T10:15+01:00,2696.8
2023-01-24T10:30+01:00,3081.8
2023-01-24T10:45+01:00,3449.5
2023-01-24T11:00+01:00,3776.2
2023-01-24T11:15+01:00,4092.2
2023-01-24T11:30+01:00,4371.3
2023-01-24T11:45+01:00,4594.2
2023-01-24T12:00+01:00,4760.7
2023-01-24T12:15+01:00,4883.4
2023-01-24T12:30+01:00,4945
2023-01-24T12:45+01:00,4942.8
2023-01-24T13:00+01:00,4888
2023-01-24T13:15+01:00,4780.8
2023-01-24T13:30+01:00,4603.4
2023-01-24T13:45+01:00,4365.4
2023-01-24T14:00+01:00,4084.2
2023-01-24T14:15+01:00,3760
2023-01-24T14:30+01:00,3402.7
2023-01-24T14:45+01:00,3020
2023-01-24T15:00+01:00,2593.4
2023-01-24T15:15+01:00,2130.4
2023-01-24T15:30+01:00,1665.9
2023-01-24T15:45+01:00,1228
2023-01-24T16:00+01:00,841.7
2023-01-24T16:15+01:00,519.8
2023-01-24T16:30+01:00,281
2023-01-24T16:45+01:00,103.5
2023-01-24T17:00+01:00,13
2023-01-24T17:15+01:00,5
2023-01-24T17:30+01:00,2
2023-01-24T17:45+01:00,1
2023-01-24T18:00+01:00,0
2023-01-24T18:15+01:00,0
2023-01-24T18:30+01:00,0
2023-01-24T18:45+01:00,0
2023-01-24T19:00+01:00,0
2023-01-24T19:15+01:00,0
2023-01-24T19:30+01:00,0
2023-01-24T19:45+01:00,0
2023-01-24T20:00+01:00,0
2023-01-24T20:15+01:00,0
2023-01-24T20:30+01:00,0
2023-01-24T20:45+01:00,0
2023-01-24T21:00+01:00,0
2023-01-24T21:15+01:00,0
2023-01-24T21:30+01:00,0
2023-01-24T21:45+01:00,0
2023-01-24T22:00+01:00,0
2023-01-24T22:15+01:00,0
2023-01-24T22:30+01:00,0
2023-01-24T22:45+01:00,0
2023-01-24T23:00+01:00,0
2023-01-24T23:15+01:00,0
2023-01-24T23:30+01:00,0
2023-01-24T23:45+01:00,0
2023-01-25T00:00+01:00,0
2023-01-25T00:15+01:00,0
2023-01-25T00:30+01:00,0
2023-01-25T00:45+01:00,0
2023-01-25T01:00+01:00,0
2023-01-25T01:15+01:00,0
2023-01-25T01:30+01:00,0
2023-01-25T01:45+01:00,0
2023-01-25T02:00+01:00,0
2023-01-25T02:15+01:00,0
2023-01-25T02:30+01:00,0
2023-01-25T02:45+01:00,0
2023-01-25T03:00+01:00,0
2023-01-25T03:15+01:00,0
2023-01-25T03:30+01:00,0
2023-01-25T03:45+01:00,0
2023-01-25T04:00+01:00,0
2023-01-25T04:15+01:00,0
2023-01-25T04:30+01:00,0
2023-01-25T04:45+01:00,0
2023-01-25T05:00+01:00,0
2023-01-25T05:15+01:00,0
2023-01-25T05:30+01:00,0
2023-01-25T05:45+01:00,0
2023-01-25T06:00+01:00,0
2023-01-25T06:15+01:00,0
2023-01-25T06:30+01:00,0
2023-01-25T06:45+01:00,0
2023-01-25T07:00+01:00,0.4
2023-01-25T07:15+01:00,0.8
2023-01-25T07:30+01:00,3.1
2023-01-25T07:45+01:00,15.8
2023-01-25T08:00+01:00,65.8
2023-01-25T08:15+01:00,145.8
2023-01-25T08:30+01:00,338.7
2023-01-25T08:45+01:00,585.4
2023-01-25T09:00+01:00,886.7
2023-01-25T09:15+01:00,1253.4
2023-01-25T09:30+01:00,1662.6
2023-01-25T09:45+01:00,2079.6
2023-01-25T10:00+01:00,2489.2
2023-01-25T10:15+01:00,2914.2
2023-01-25T10:30+01:00,3323.8
2023-01-25T10:45+01:00,3704.7
2023-01-25T11:00+01:00,4036
2023-01-25T11:15+01:00,4336.7
2023-01-25T11:30+01:00,4601.4
2023-01-25T11:45+01:00,4809.4
2023-01-25T12:00+01:00,4969.9
2023-01-25T12:15+01:00,5089
2023-01-25T12:30+01:00,5138.1
2023-01-25T12:45+01:00,5139.3
2023-01-25T13:00+01:00,5099.8
2023-01-25T13:15+01:00,4985.2
2023-01-25T13:30+01:00,4808.6
2023-01-25T13:45+01:00,4572.6
2023-01-25T14:00+01:00,4280.5
2023-01-25T14:15+01:00,3944.3
2023-01-25T14:30+01:00,3563.7
2023-01-25T14:45+01:00,3120
2023-01-25T15:00+01:00,2656.6
2023-01-25T15:15+01:00,2172.8
2023-01-25T15:30+01:00,1685.2
2023-01-25T15:45+01:00,1229.4
2023-01-25T16:00+01:00,844.6
2023-01-25T16:15+01:00,524.5
2023-01-25T16:30+01:00,291.2
2023-01-25T16:45+01:00,80.8
2023-01-25T17:00+01:00,14
2023-01-25T17:15+01:00,2
2023-01-25T17:30+01:00,0
2023-01-25T17:45+01:00,0
2023-01-25T18:00+01:00,0
2023-01-25T18:15+01:00,0
2023-01-25T18:30+01:00,0
2023-01-25T18:45+01:00,0
2023-01-25T19:00+01:00,0
2023-01-25T19:15+01:00,0
2023-01-25T19:30+01:00,0
2023-01-25T19:45+01:00,0
2023-01-25T20:00+01:00,0
2023-01-25T20:15+01:00,0
2023-01-25T20:30+01:00,0
2023-01-25T20:45+01:00,0
2023-01-25T21:00+01:00,0
2023-01-25T21:15+01:00,0
2023-01-25T21:30+01:00,0
2023-01-25T21:45+01:00,0
2023-01-25T22:00+01:00,0
2023-01-25T22:15+01:00,0
2023-01-25T22:30+01:00,0
2023-01-25T22:45+01:00,0
2023-01-25T23:00+01:00,0
2023-01-25T23:15+01:00,0
2023-01-25T23:30+01:00,0
2023-01-25T23:45+01:00,0
2023-01-26T00:00+01:00,0
2023-01-26T00:15+01:00,0
2023-01-26T00:30+01:00,0
2023-01-26T00:45+01:00,0
2023-01-26T01:00+01:00,0
2023-01-26T01:15+01:00,0
2023-01-26T01:30+01:00,0
2023-01-26T01:45+01:00,0
2023-01-26T02:00+01:00,0
2023-01-26T02:15+01:00,0
2023-01-26T02:30+01:00,0
2023-01-26T02:45+01:00,0
2023-01-26T03:00+01:00,0
2023-01-26T03:15+01:00,0
2023-01-26T03:30+01:00,0
2023-01-26T03:45+01:00,0
2023-01-26T04:00+01:00,0
2023-01-26T04:15+01:00,0
2023-01-26T04:30+01:00,0
2023-01-26T04:45+01:00,0
2023-01-26T05:00+01:00,0
2023-01-26T05:15+01:00,0
2023-01-26T05:30+01:00,0
2023-01-26T05:45+01:00,0
2023-01-26T06:00+01:00,0
2023-01-26T06:15+01:00,0
2023-01-26T06:30+01:00,0
2023-01-26T06:45+01:00,0
2023-01-26T07:00+01:00,1.6
2023-01-26T07:15+01:00,4.6
2023-01-26T07:30+01:00,10.5
2023-01-26T07:45+01:00,21
2023-01-26T08:00+01:00,56.5
2023-01-26T08:15+01:00,104.2
2023-01-26T08:30+01:00,233.9
2023-01-26T08:45+01:00,375.2
2023-01-26T09:00+01:00,565.8
2023-01-26T09:15+01:00,809.5
2023-01-26T09:30+01:00,1054.8
2023-01-26T09:45+01:00,1316.8
2023-01-26T10:00+01:00,1599.7
2023-01-26T10:15+01:00,1893.2
2023-01-26T10:30+01:00,2182.5
2023-01-26T10:45+01:00,2455.7
2023-01-26T11:00+01:00,2695.8
2023-01-26T11:15+01:00,2918.4
2023-01-26T11:30+01:00,3111.9
2023-01-26T11:45+01:00,3265.5
2023-01-26T12:00+01:00,3366.3
2023-01-26T12:15+01:00,3427.7
2023-01-26T12:30+01:00,3457.9
2023-01-26T12:45+01:00,3458.2
2023-01-26T13:00+01:00,3390.4
2023-01-26T13:15+01:00,3296.7
2023-01-26T13:30+01:00,3153.3
2023-01-26T13:45+01:00,2972.2
2023-01-26T14:00+01:00,2751.5
2023-01-26T14:15+01:00,2498.5
2023-01-26T14:30+01:00,2219.9
2023-01-26T14:45+01:00,1922.3
2023-01-26T15:00+01:00,1631.2
2023-01-26T15:15+01:00,1342.6
2023-01-26T15:30+01:00,1051.1
2023-01-26T15:45+01:00,778.7
2023-01-26T16:00+01:00,533.7
2023-01-26T16:15+01:00,342.5
2023-01-26T16:30+01:00,190.8
2023-01-26T16:45+01:00,67.3
2023-01-26T17:00+01:00,27.8
2023-01-26T17:15+01:00,19.2
2023-01-26T17:30+01:00,2
2023-01-26T17:45+01:00,1
2023-01-26T18:00+01:00,0
2023-01-26T18:15+01:00,0
2023-01-26T18:30+01:00,0
2023-01-26T18:45+01:00,0
2023-01-26T19:00+01:00,0
2023-01-26T19:15+01:00,0
2023-01-26T19:30+01:00,0
2023-01-26T19:45+01:00,0
2023-01-26T20:00+01:00,0
2023-01-26T20:15+01:00,0
2023-01-26T20:30+01:00,0
2023-01-26T20:45+01:00,0
2023-01-26T21:00+01:00,0
2023-01-26T21:15+01:00,0
2023-01-26T21:30+01:00,0
2023-01-26T21:45+01:00,0
2023-01-26T22:00+01:00,0
2023-01-26T22:15+01:00,0
2023-01-26T22:30+01:00,0
2023-01-26T22:45+01:00,0
2023-01-26T23:00+01:00,0
2023-01-26T23:15+01:00,0
2023-01-26T23:30+01:00,0
2023-01-26T23:45+01:00,0
2023-01-27T00:00+01:00,0
2023-01-27T00:15+01:00,0
2023-01-27T00:30+01:00,0
2023-01-27T00:45+01:00,0
2023-01-27T01:00+01:00,0
2023-01-27T01:15+01:00,0
2023-01-27T01:30+01:00,0
2023-01-27T01:45+01:00,0
2023-01-27T02:00+01:00,0
2023-01-27T02:15+01:00,0
2023-01-27T02:30+01:00,0
2023-01-27T02:45+01:00,0
2023-01-27T03:00+01:00,0
2023-01-27T03:15+01:00,0
2023-01-27T03:30+01:00,0
2023-01-27T03:45+01:00,0
2023-01-27T04:00+01:00,0
2023-01-27T04:15+01:00,0
2023-01-27T04:30+01:00,0
2023-01-27T04:45+01:00,0
2023-01-27T05:00+01:00,0
2023-01-27T05:15+01:00,0
2023-01-27T05:30+01:00,0
2023-01-27T05:45+01:00,0
2023-01-27T06:00+01:00,0
2023-01-27T06:15+01:00,0
2023-01-27T06:30+01:00,0
2023-01-27T06:45+01:00,0
2023-01-27T07:00+01:00,0.9
2023-01-27T07:15+01:00,1.2
2023-01-27T07:30+01:00,3.6
2023-01-27T07:45+01:00,12.6
2023-01-27T08:00+01:00,35.1
2023-01-27T08:15+01:00,72.4
2023-01-27T08:30+01:00,204.2
2023-01-27T08:45+01:00,378.8
2023-01-27T09:00+01:00,590.1
2023-01-27T09:15+01:00,886.2
2023-01-27T09:30+01:00,1200.3
2023-01-27T09:45+01:00,1521.5
2023-01-27T10:00+01:00,1835.1
2023-01-27T10:15+01:00,2140.4
2023-01-27T10:30+01:00,2433.8
2023-01-27T10:45+01:00,2707.4
2023-01-27T11:00+01:00,2939.4
2023-01-27T11:15+01:00,3142.9
2023-01-27T11:30+01:00,3305
2023-01-27T11:45+01:00,3415.5
2023-01-27T12:00+01:00,3484.6
2023-01-27T12:15+01:00,3520.7
2023-01-27T12:30+01:00,3518.9
2023-01-27T12:45+01:00,3478.9
2023-01-27T13:00+01:00,3412.9
2023-01-27T13:15+01:00,3316.2
2023-01-27T13:30+01:00,3170
2023-01-27T13:45+01:00,2980.7
2023-01-27T14:00+01:00,2768.2
2023-01-27T14:15+01:00,2535.6
2023-01-27T14:30+01:00,2275.4
2023-01-27T14:45+01:00,1996.4
2023-01-27T15:00+01:00,1706.7
2023-01-27T15:15+01:00,1409
2023-01-27T15:30+01:00,1101.3
2023-01-27T15:45+01:00,799.6
2023-01-27T16:00+01:00,561.3
2023-01-27T16:15+01:00,347.7
2023-01-27T16:30+01:00,187.3
2023-01-27T16:45+01:00,48.6
2023-01-27T17:00+01:00,6.1
2023-01-27T17:15+01:00,0
2023-01-27T17:30+01:00,0
2023-01-27T17:45+01:00,0
2023-01-27T18:00+01:00,0
2023-01-27T18:15+01:00,0
2023-01-27T18:30+01:00,0
2023-01-27T18:45+01:00,0
2023-01-27T19:00+01:00,0
2023-01-27T19:15+01:00,0
2023-01-27T19:30+01:00,0
2023-01-27T19:45+01:00,0
2023-01-27T20:00+01:00,0
2023-01-27T20:15+01:00,0
2023-01-27T20:30+01:00,0
2023-01-27T20:45+01:00,0
2023-01-27T21:00+01:00,0
2023-01-27T21:15+01:00,0
2023-01-27T21:30+01:00,0
2023-01-27T21:45+01:00,0
2023-01-27T22:00+01:00,0
2023-01-27T22:15+01:00,0
2023-01-27T22:30+01:00,0
2023-01-27T22:45+01:00,0
2023-01-27T23:00+01:00,0
2023-01-27T23:15+01:00,0
2023-01-27T23:30+01:00,0
2023-01-27T23:45+01:00,0
2023-01-28T00:00+01:00,0
2023-01-28T00:15+01:00,0
2023-01-28T00:30+01:00,0
2023-01-28T00:45+01:00,0
2023-01-28T01:00+01:00,0
2023-01-28T01:15+01:00,0
2023-01-28T01:30+01:00,0
2023-01-28T01:45+01:00,0
2023-01-28T02:00+01:00,0
2023-01-28T02:15+01:00,0
2023-01-28T02:30+01:00,0
2023-01-28T02:45+01:00,0
2023-01-28T03:00+01:00,0
2023-01-28T03:15+01:00,0
2023-01-28T03:30+01:00,0
2023-01-28T03:45+01:00,0
2023-01-28T04:00+01:00,0
2023-01-28T04:15+01:00,0
2023-01-28T04:30+01:00,0
2023-01-28T04:45+01:00,0
2023-01-28T05:00+01:00,0
2023-01-28T05:15+01:00,0
2023-01-28T05:30+01:00,0
2023-01-28T05:45+01:00,0
2023-01-28T06:00+01:00,0
2023-01-28T06:15+01:00,0
2023-01-28T06:30+01:00,0
2023-01-28T06:45+01:00,0
2023-01-28T07:00+01:00,0
2023-01-28T07:15+01:00,0
2023-01-28T07:30+01:00,1.3
2023-01-28T07:45+01:00,16.3
2023-01-28T08:00+01:00,62.8
2023-01-28T08:15+01:00,160.8
2023-01-28T08:30+01:00,423.5
2023-01-28T08:45+01:00,768.9
2023-01-28T09:00+01:00,1166.9
2023-01-28T09:15+01:00,1680.3
2023-01-28T09:30+01:00,2209.5
2023-01-28T09:45+01:00,2716.7
2023-01-28T10:00+01:00,3220.3
2023-01-28T10:15+01:00,3717.9
2023-01-28T10:30+01:00,4166.4
2023-01-28T10:45+01:00,4587.3
2023-01-28T11:00+01:00,4985.8
2023-01-28T11:15+01:00,5335.9
2023-01-28T11:30+01:00,5618.5
2023-01-28T11:45+01:00,5823.9
2023-01-28T12:00+01:00,5988.3
2023-01-28T12:15+01:00,6084.8
2023-01-28T12:30+01:00,6104.2
2023-01-28T12:45+01:00,6054.5
2023-01-28T13:00+01:00,5971.3
2023-01-28T13:15+01:00,5850.1
2023-01-28T13:30+01:00,5658.4
2023-01-28T13:45+01:00,5400
2023-01-28T14:00+01:00,5105.4
2023-01-28T14:15+01:00,4757.8
2023-01-28T14:30+01:00,4340.9
2023-01-28T14:45+01:00,3858.9
2023-01-28T15:00+01:00,3309.2
2023-01-28T15:15+01:00,2734.5
2023-01-28T15:30+01:00,2134.9
2023-01-28T15:45+01:00,1554.1
2023-01-28T16:00+01:00,1067.5
2023-01-28T16:15+01:00,680.4
2023-01-28T16:30+01:00,376.6
2023-01-28T16:45+01:00,122.8
2023-01-28T17:00+01:00,25
2023-01-28T17:15+01:00,0
2023-01-28T17:30+01:00,0
2023-01-28T17:45+01:00,0
2023-01-28T18:00+01:00,0
2023-01-28T18:15+01:00,0
2023-01-28T18:30+01:00,0
2023-01-28T18:45+01:00,0
2023-01-28T19:00+01:00,0
2023-01-28T19:15+01:00,0
2023-01-28T19:30+01:00,0
2023-01-28T19:45+01:00,0
2023-01-28T20:00+01:00,0
2023-01-28T20:15+01:00,0
2023-01-28T20:30+01:00,0
2023-01-28T20:45+01:00,0
2023-01-28T21:00+01:00,0
2023-01-28T21:15+01:00,0
2023-01-28T21:30+01:00,0
2023-01-28T21:45+01:00,0
2023-01-28T22:00+01:00,0
2023-01-28T22:15+01:00,0
2023-01-28T22:30+01:00,0
2023-01-28T22:45+01:00,0
2023-01-28T23:00+01:00,0
2023-01-28T23:15+01:00,0
2023-01-28T23:30+01:00,0
2023-01-28T23:45+01:00,0
2023-01-29T00:00+01:00,0
2023-01-29T00:15+01:00,0
2023-01-29T00:30+01:00,0
2023-01-29T00:45+01:00,0
2023-01-29T01:00+01:00,0
2023-01-29T01:15+01:00,0
2023-01-29T01:30+01:00,0
2023-01-29T01:45+01:00,0
2023-01-29T02:00+01:00,0
2023-01-29T02:15+01:00,0
2023-01-29T02:30+01:00,0
2023-01-29T02:45+01:00,0
2023-01-29T03:00+01:00,0
2023-01-29T03:15+01:00,0
2023-01-29T03:30+01:00,0
2023-01-29T03:45+01:00,0
2023-01-29T04:00+01:00,0
2023-01-29T04:15+01:00,0
2023-01-29T04:30+01:00,0
2023-01-29T04:45+01:00,0
2023-01-29T05:00+01:00,0
2023-01-29T05:15+01:00,0
2023-01-29T05:30+01:00,0
2023-01-29T05:45+01:00,0
2023-01-29T06:00+01:00,0
2023-01-29T06:15+01:00,0
2023-01-29T06:30+01:00,0
2023-01-29T06:45+01:00,0
2023-01-29T07:00+01:00,1.4
2023-01-29T07:15+01:00,1.9
2023-01-29T07:30+01:00,7.4
2023-01-29T07:45+01:00,51.2
2023-01-29T08:00+01:00,123.8
2023-01-29T08:15+01:00,277.4
2023-01-29T08:30+01:00,687.5
2023-01-29T08:45+01:00,1122.9
2023-01-29T09:00+01:00,1700.4
2023-01-29T09:15+01:00,2355.6
2023-01-29T09:30+01:00,3051.6
2023-01-29T09:45+01:00,3735.3
2023-01-29T10:00+01:00,4421.9
2023-01-29T10:15+01:00,5077.1
2023-01-29T10:30+01:00,5686.9
2023-01-29T10:45+01:00,6260.7
2023-01-29T11:00+01:00,6783.8
2023-01-29T11:15+01:00,7246.8
2023-01-29T11:30+01:00,7622.5
2023-01-29T11:45+01:00,7936.1
2023-01-29T12:00+01:00,8188
2023-01-29T12:15+01:00,8367.8
2023-01-29T12:30+01:00,8479.9
2023-01-29T12:45+01:00,8491.4
2023-01-29T13:00+01:00,8391.7
2023-01-29T13:15+01:00,8217.4
2023-01-29T13:30+01:00,7955.4
2023-01-29T13:45+01:00,7577.1
2023-01-29T14:00+01:00,7142.5
2023-01-29T14:15+01:00,6620.7
2023-01-29T14:30+01:00,5993.2
2023-01-29T14:45+01:00,5329.2
2023-01-29T15:00+01:00,4628.1
2023-01-29T15:15+01:00,3918.7
2023-01-29T15:30+01:00,3214.2
2023-01-29T15:45+01:00,2518.3
2023-01-29T16:00+01:00,1832.6
2023-01-29T16:15+01:00,1225.3
2023-01-29T16:30+01:00,691.9
2023-01-29T16:45+01:00,261.7
2023-01-29T17:00+01:00,79.1
2023-01-29T17:15+01:00,28.5
2023-01-29T17:30+01:00,2.6
2023-01-29T17:45+01:00,1.3
2023-01-29T18:00+01:00,0
2023-01-29T18:15+01:00,0
2023-01-29T18:30+01:00,0
2023-01-29T18:45+01:00,0
2023-01-29T19:00+01:00,0
2023-01-29T19:15+01:00,0
2023-01-29T19:30+01:00,0
2023-01-29T19:45+01:00,0
2023-01-29T20:00+01:00,0
2023-01-29T20:15+01:00,0
2023-01-29T20:30+01:00,0
2023-01-29T20:45+01:00,0
2023-01-29T21:00+01:00,0
2023-01-29T21:15+01:00,0
2023-01-29T21:30+01:00,0
2023-01-29T21:45+01:00,0
2023-01-29T22:00+01:00,0
2023-01-29T22:15+01:00,0
2023-01-29T22:30+01:00,0
2023-01-29T22:45+01:00,0
2023-01-29T23:00+01:00,0
2023-01-29T23:15+01:00,0
2023-01-29T23:30+01:00,0
2023-01-29T23:45+01:00,0
2023-01-30T00:00+01:00,0
2023-01-30T00:15+01:00,0
2023-01-30T00:30+01:00,0
2023-01-30T00:45+01:00,0
2023-01-30T01:00+01:00,0
2023-01-30T01:15+01:00,0
2023-01-30T01:30+01:00,0
2023-01-30T01:45+01:00,0
2023-01-30T02:00+01:00,0
2023-01-30T02:15+01:00,0
2023-01-30T02:30+01:00,0
2023-01-30T02:45+01:00,0
2023-01-30T03:00+01:00,0
2023-01-30T03:15+01:00,0
2023-01-30T03:30+01:00,0
2023-01-30T03:45+01:00,0
2023-01-30T04:00+01:00,0
2023-01-30T04:15+01:00,0
2023-01-30T04:30+01:00,0
2023-01-30T04:45+01:00,0
2023-01-30T05:00+01:00,0
2023-01-30T05:15+01:00,0
2023-01-30T05:30+01:00,0
2023-01-30T05:45+01:00,0
2023-01-30T06:00+01:00,0
2023-01-30T06:15+01:00,0
2023-01-30T06:30+01:00,0
2023-01-30T06:45+01:00,0
2023-01-30T07:00+01:00,0.9
2023-01-30T07:15+01:00,1.2
2023-01-30T07:30+01:00,4.1
2023-01-30T07:45+01:00,23.3
2023-01-30T08:00+01:00,82.1
2023-01-30T08:15+01:00,226.6
2023-01-30T08:30+01:00,522.6
2023-01-30T08:45+01:00,835.1
2023-01-30T09:00+01:00,1242.7
2023-01-30T09:15+01:00,1728.8
2023-01-30T09:30+01:00,2241.1
2023-01-30T09:45+01:00,2746.8
2023-01-30T10:00+01:00,3325.2
2023-01-30T10:15+01:00,3786.3
2023-01-30T10:30+01:00,4205.4
2023-01-30T10:45+01:00,4574.1
2023-01-30T11:00+01:00,4913.1
2023-01-30T11:15+01:00,5218.7
2023-01-30T11:30+01:00,5409.4
2023-01-30T11:45+01:00,5526.6
2023-01-30T12:00+01:00,5629.5
2023-01-30T12:15+01:00,5682.2
2023-01-30T12:30+01:00,5669.4
2023-01-30T12:45+01:00,5607.9
2023-01-30T13:00+01:00,5470.1
2023-01-30T13:15+01:00,5355.9
2023-01-30T13:30+01:00,5182
2023-01-30T13:45+01:00,4954.8
2023-01-30T14:00+01:00,4684.3
2023-01-30T14:15+01:00,4382.1
2023-01-30T14:30+01:00,4011.7
2023-01-30T14:45+01:00,3581
2023-01-30T15:00+01:00,3120.2
2023-01-30T15:15+01:00,2645.4
2023-01-30T15:30+01:00,2144.5
2023-01-30T15:45+01:00,1635.5
2023-01-30T16:00+01:00,1154.2
2023-01-30T16:15+01:00,743
2023-01-30T16:30+01:00,425.4
2023-01-30T16:45+01:00,183.1
2023-01-30T17:00+01:00,39.1
2023-01-30T17:15+01:00,2
2023-01-30T17:30+01:00,0
2023-01-30T17:45+01:00,0
2023-01-30T18:00+01:00,0
2023-01-30T18:15+01:00,0
2023-01-30T18:30+01:00,0
2023-01-30T18:45+01:00,0
2023-01-30T19:00+01:00,0
2023-01-30T19:15+01:00,0
2023-01-30T19:30+01:00,0
2023-01-30T19:45+01:00,0
2023-01-30T20:00+01:00,0
2023-01-30T20:15+01:00,0
2023-01-30T20:30+01:00,0
2023-01-30T20:45+01:00,0
2023-01-30T21:00+01:00,0
2023-01-30T21:15+01:00,0
2023-01-30T21:30+01:00,0
2023-01-30T21:45+01:00,0
2023-01-30T22:00+01:00,0
2023-01-30T22:15+01:00,0
2023-01-30T22:30+01:00,0
2023-01-30T22:45+01:00,0
2023-01-30T23:00+01:00,0
2023-01-30T23:15+01:00,0
2023-01-30T23:30+01:00,0
2023-01-30T23:45+01:00,0
2023-01-31T00:00+01:00,0
2023-01-31T00:15+01:00,0
2023-01-31T00:30+01:00,0
2023-01-31T00:45+01:00,0
2023-01-31T01:00+01:00,0
2023-01-31T01:15+01:00,0
2023-01-31T01:30+01:00,0
2023-01-31T01:45+01:00,0
2023-01-31T02:00+01:00,0
2023-01-31T02:15+01:00,0
2023-01-31T02:30+01:00,0
2023-01-31T02:45+01:00,0
2023-01-31T03:00+01:00,0
2023-01-31T03:15+01:00,0
2023-01-31T03:30+01:00,0
2023-01-31T03:45+01:00,0
2023-01-31T04:00+01:00,0
2023-01-31T04:15+01:00,0
2023-01-31T04:30+01:00,0
2023-01-31T04:45+01:00,0
2023-01-31T05:00+01:00,0
2023-01-31T05:15+01:00,0
2023-01-31T05:30+01:00,0
2023-01-31T05:45+01:00,0
2023-01-31T06:00+01:00,0
2023-01-31T06:15+01:00,0
2023-01-31T06:30+01:00,0
2023-01-31T06:45+01:00,0
2023-01-31T07:00+01:00,1.8
2023-01-31T07:15+01:00,4.2
2023-01-31T07:30+01:00,10.1
2023-01-31T07:45+01:00,37.9
2023-01-31T08:00+01:00,117.1
2023-01-31T08:15+01:00,267.1
2023-01-31T08:30+01:00,522.4
2023-01-31T08:45+01:00,819
2023-01-31T09:00+01:00,1173.9
2023-01-31T09:15+01:00,1551.5
2023-01-31T09:30+01:00,1910.1
2023-01-31T09:45+01:00,2240.5
2023-01-31T10:00+01:00,2486
2023-01-31T10:15+01:00,2765.5
2023-01-31T10:30+01:00,3021.9
2023-01-31T10:45+01:00,3245.4
2023-01-31T11:00+01:00,3461
2023-01-31T11:15+01:00,3647.1
2023-01-31T11:30+01:00,3800.6
2023-01-31T11:45+01:00,3915.6
2023-01-31T12:00+01:00,3975.8
2023-01-31T12:15+01:00,3958
2023-01-31T12:30+01:00,3870.3
2023-01-31T12:45+01:00,3723.5
2023-01-31T13:00+01:00,3499.2
2023-01-31T13:15+01:00,3355.1
2023-01-31T13:30+01:00,3150.8
2023-01-31T13:45+01:00,2905.1
2023-01-31T14:00+01:00,2649.5
2023-01-31T14:15+01:00,2396.9
2023-01-31T14:30+01:00,2125.6
2023-01-31T14:45+01:00,1844
2023-01-31T15:00+01:00,1574.6
2023-01-31T15:15+01:00,1319.8
2023-01-31T15:30+01:00,1070.6
2023-01-31T15:45+01:00,827.5
2023-01-31T16:00+01:00,608.8
2023-01-31T16:15+01:00,415.5
2023-01-31T16:30+01:00,253.5
2023-01-31T16:45+01:00,121.5
2023-01-31T17:00+01:00,35.3
2023-01-31T17:15+01:00,12.5
2023-01-31T17:30+01:00,1
2023-01-31T17:45+01:00,0.5
2023-01-31T18:00+01:00,0
2023-01-31T18:15+01:00,0
2023-01-31T18:30+01:00,0
2023-01-31T18:45+01:00,0
2023-01-31T19:00+01:00,0
2023-01-31T19:15+01:00,0
2023-01-31T19:30+01:00,0
2023-01-31T19:45+01:00,0
2023-01-31T20:00+01:00,0
2023-01-31T20:15+01:00,0
2023-01-31T20:30+01:00,0
2023-01-31T20:45+01:00,0
2023-01-31T21:00+01:00,0
2023-01-31T21:15+01:00,0
2023-01-31T21:30+01:00,0
2023-01-31T21:45+01:00,0
2023-01-31T22:00+01:00,0
2023-01-31T22:15+01:00,0
2023-01-31T22:30+01:00,0
2023-01-31T22:45+01:00,0
2023-01-31T23:00+01:00,0
2023-01-31T23:15+01:00,0
2023-01-31T23:30+01:00,0
2023-01-31T23:45+01:00,0
2023-02-01T00:00+01:00,0
2023-02-01T00:15+01:00,0
2023-02-01T00:30+01:00,0
2023-02-01T00:45+01:00,0
2023-02-01T01:00+01:00,0
2023-02-01T01:15+01:00,0
2023-02-01T01:30+01:00,0
2023-02-01T01:45+01:00,0
2023-02-01T02:00+01:00,0
2023-02-01T02:15+01:00,0
2023-02-01T02:30+01:00,0
2023-02-01T02:45+01:00,0
2023-02-01T03:00+01:00,0
2023-02-01T03:15+01:00,0
2023-02-01T03:30+01:00,0
2023-02-01T03:45+01:00,0
2023-02-01T04:00+01:00,0
2023-02-01T04:15+01:00,0
2023-02-01T04:30+01:00,0
2023-02-01T04:45+01:00,0
2023-02-01T05:00+01:00,0
2023-02-01T05:15+01:00,0
2023-02-01T05:30+01:00,0
2023-02-01T05:45+01:00,0
2023-02-01T06:00+01:00,0
2023-02-01T06:15+01:00,0
2023-02-01T06:30+01:00,0
2023-02-01T06:45+01:00,0
2023-02-01T07:00+01:00,2.3
2023-02-01T07:15+01:00,5.4
2023-02-01T07:30+01:00,12.7
2023-02-01T07:45+01:00,49.5
2023-02-01T08:00+01:00,107.7
2023-02-01T08:15+01:00,228.7
2023-02-01T08:30+01:00,457.5
2023-02-01T08:45+01:00,743.8
2023-02-01T09:00+01:00,1095.2
2023-02-01T09:15+01:00,1496.5
2023-02-01T09:30+01:00,1925.9
2023-02-01T09:45+01:00,2354.6
2023-02-01T10:00+01:00,2781
2023-02-01T10:15+01:00,3251.9
2023-02-01T10:30+01:00,3696.9
2023-02-01T10:45+01:00,4089.9
2023-02-01T11:00+01:00,4487.4
2023-02-01T11:15+01:00,4874.6
2023-02-01T11:30+01:00,5148.2
2023-02-01T11:45+01:00,5357.9
2023-02-01T12:00+01:00,5530.8
2023-02-01T12:15+01:00,5669
2023-02-01T12:30+01:00,5690.4
2023-02-01T12:45+01:00,5600.2
2023-02-01T13:00+01:00,5453.4
2023-02-01T13:15+01:00,5333.2
2023-02-01T13:30+01:00,5128
2023-02-01T13:45+01:00,4836.1
2023-02-01T14:00+01:00,4505.1
2023-02-01T14:15+01:00,4146.8
2023-02-01T14:30+01:00,3718.6
2023-02-01T14:45+01:00,3266.7
2023-02-01T15:00+01:00,2800.9
2023-02-01T15:15+01:00,2342.7
2023-02-01T15:30+01:00,1877.2
2023-02-01T15:45+01:00,1434.5
2023-02-01T16:00+01:00,1035.1
2023-02-01T16:15+01:00,708.4
2023-02-01T16:30+01:00,441.8
2023-02-01T16:45+01:00,230.9
2023-02-01T17:00+01:00,92.1
2023-02-01T17:15+01:00,41.1
2023-02-01T17:30+01:00,5.4
2023-02-01T17:45+01:00,1.9
2023-02-01T18:00+01:00,0
2023-02-01T18:15+01:00,0
2023-02-01T18:30+01:00,0
2023-02-01T18:45+01:00,0
2023-02-01T19:00+01:00,0
2023-02-01T19:15+01:00,0
2023-02-01T19:30+01:00,0
2023-02-01T19:45+01:00,0
2023-02-01T20:00+01:00,0
2023-02-01T20:15+01:00,0
2023-02-01T20:30+01:00,0
2023-02-01T20:45+01:00,0
2023-02-01T21:00+01:00,0
2023-02-01T21:15+01:00,0
2023-02-01T21:30+01:00,0
2023-02-01T21:45+01:00,0
2023-02-01T22:00+01:00,0
2023-02-01T22:15+01:00,0
2023-02-01T22:30+01:00,0
2023-02-01T22:45+01:00,0
2023-02-01T23:00+01:00,0
2023-02-01T23:15+01:00,0
2023-02-01T23:30+01:00,0
2023-02-01T23:45+01:00,0
2023-02-02T00:00+01:00,0
2023-02-02T00:15+01:00,0
2023-02-02T00:30+01:00,0
2023-02-02T00:45+01:00,0
2023-02-02T01:00+01:00,0
2023-02-02T01:15+01:00,0
2023-02-02T01:30+01:00,0
2023-02-02T01:45+01:00,0
2023-02-02T02:00+01:00,0
2023-02-02T02:15+01:00,0
2023-02-02T02:30+01:00,0
2023-02-02T02:45+01:00,0
2023-02-02T03:00+01:00,0
2023-02-02T03:15+01:00,0
2023-02-02T03:30+01:00,0
2023-02-02T03:45+01:00,0
2023-02-02T04:00+01:00,0
2023-02-02T04:15+01:00,0
2023-02-02T04:30+01:00,0
2023-02-02T04:45+01:00,0
2023-02-02T05:00+01:00,0
2023-02-02T05:15+01:00,0
2023-02-02T05:30+01:00,0
2023-02-02T05:45+01:00,0
2023-02-02T06:00+01:00,0
2023-02-02T06:15+01:00,0
2023-02-02T06:30+01:00,0
2023-02-02T06:45+01:00,0
2023-02-02T07:00+01:00,0.7
2023-02-02T07:15+01:00,2.2
2023-02-02T07:30+01:00,6.7
2023-02-02T07:45+01:00,42.8
2023-02-02T08:00+01:00,105.9
2023-02-02T08:15+01:00,257.5
2023-02-02T08:30+01:00,518.4
2023-02-02T08:45+01:00,828.5
2023-02-02T09:00+01:00,1165
2023-02-02T09:15+01:00,1523.3
2023-02-02T09:30+01:00,1896.8
2023-02-02T09:45+01:00,2295.3
2023-02-02T10:00+01:00,2679.4
2023-02-02T10:15+01:00,3075.2
2023-02-02T10:30+01:00,3436.4
2023-02-02T10:45+01:00,3766.6
2023-02-02T11:00+01:00,4090.1
2023-02-02T11:15+01:00,4393.2
2023-02-02T11:30+01:00,4654.2
2023-02-02T11:45+01:00,4831.3
2023-02-02T12:00+01:00,4974.3
2023-02-02T12:15+01:00,5054.7
2023-02-02T12:30+01:00,5072.9
2023-02-02T12:45+01:00,5047.9
2023-02-02T13:00+01:00,5030.6
2023-02-02T13:15+01:00,4922.3
2023-02-02T13:30+01:00,4733.6
2023-02-02T13:45+01:00,4468.4
2023-02-02T14:00+01:00,4161.2
2023-02-02T14:15+01:00,3819.2
2023-02-02T14:30+01:00,3423.2
2023-02-02T14:45+01:00,2981.6
2023-02-02T15:00+01:00,2542.1
2023-02-02T15:15+01:00,2085.9
2023-02-02T15:30+01:00,1635
2023-02-02T15:45+01:00,1217
2023-02-02T16:00+01:00,849.3
2023-02-02T16:15+01:00,551.3
2023-02-02T16:30+01:00,321.2
2023-02-02T16:45+01:00,174.6
2023-02-02T17:00+01:00,70.6
2023-02-02T17:15+01:00,23.7
2023-02-02T17:30+01:00,9.5
2023-02-02T17:45+01:00,2.7
2023-02-02T18:00+01:00,0
2023-02-02T18:15+01:00,0
2023-02-02T18:30+01:00,0
2023-02-02T18:45+01:00,0
2023-02-02T19:00+01:00,0
2023-02-02T19:15+01:00,0
2023-02-02T19:30+01:00,0
2023-02-02T19:45+01:00,0
2023-02-02T20:00+01:00,0
2023-02-02T20:15+01:00,0
2023-02-02T20:30+01:00,0
2023-02-02T20:45+01:00,0
2023-02-02T21:00+01:00,0
2023-02-02T21:15+01:00,0
2023-02-02T21:30+01:00,0
2023-02-02T21:45+01:00,0
2023-02-02T22:00+01:00,0
2023-02-02T22:15+01:00,0
2023-02-02T22:30+01:00,0
2023-02-02T22:45+01:00,0
2023-02-02T23:00+01:00,0
2023-02-02T23:15+01:00,0
2023-02-02T23:30+01:00,0
2023-02-02T23:45+01:00,0
2023-02-03T00:00+01:00,0
2023-02-03T00:15+01:00,0
2023-02-03T00:30+01:00,0
2023-02-03T00:45+01:00,0
2023-02-03T01:00+01:00,0
2023-02-03T01:15+01:00,0
2023-02-03T01:30+01:00,0
2023-02-03T01:45+01:00,0
2023-02-03T02:00+01:00,0
2023-02-03T02:15+01:00,0
2023-02-03T02:30+01:00,0
2023-02-03T02:45+01:00,0
2023-02-03T03:00+01:00,0
2023-02-03T03:15+01:00,0
2023-02-03T03:30+01:00,0
2023-02-03T03:45+01:00,0
2023-02-03T04:00+01:00,0
2023-02-03T04:15+01:00,0
2023-02-03T04:30+01:00,0
2023-02-03T04:45+01:00,0
2023-02-03T05:00+01:00,0
2023-02-03T05:15+01:00,0
2023-02-03T05:30+01:00,0
2023-02-03T05:45+01:00,0
2023-02-03T06:00+01:00,0
2023-02-03T06:15+01:00,0
2023-02-03T06:30+01:00,0
2023-02-03T06:45+01:00,0
2023-02-03T07:00+01:00,1.1
2023-02-03T07:15+01:00,3.1
2023-02-03T07:30+01:00,6.9
2023-02-03T07:45+01:00,73.2
2023-02-03T08:00+01:00,108.4
2023-02-03T08:15+01:00,181.6
2023-02-03T08:30+01:00,335.2
2023-02-03T08:45+01:00,529.6
2023-02-03T09:00+01:00,738.1
2023-02-03T09:15+01:00,964.8
2023-02-03T09:30+01:00,1214.9
2023-02-03T09:45+01:00,1484.5
2023-02-03T10:00+01:00,1693.4
2023-02-03T10:15+01:00,1987.7
2023-02-03T10:30+01:00,2273.9
2023-02-03T10:45+01:00,2553.4
2023-02-03T11:00+01:00,2858.8
2023-02-03T11:15+01:00,3183.9
2023-02-03T11:30+01:00,3485.1
2023-02-03T11:45+01:00,3757.3
2023-02-03T12:00+01:00,4024
2023-02-03T12:15+01:00,4281.2
2023-02-03T12:30+01:00,4444.7
2023-02-03T12:45+01:00,4508.8
2023-02-03T13:00+01:00,4466.4
2023-02-03T13:15+01:00,4413.5
2023-02-03T13:30+01:00,4269.2
2023-02-03T13:45+01:00,4050.9
2023-02-03T14:00+01:00,3811.6
2023-02-03T14:15+01:00,3545.6
2023-02-03T14:30+01:00,3241.3
2023-02-03T14:45+01:00,2870.2
2023-02-03T15:00+01:00,2442.1
2023-02-03T15:15+01:00,2016.1
2023-02-03T15:30+01:00,1601.6
2023-02-03T15:45+01:00,1199.7
2023-02-03T16:00+01:00,888
2023-02-03T16:15+01:00,595.5
2023-02-03T16:30+01:00,370.3
2023-02-03T16:45+01:00,202
2023-02-03T17:00+01:00,81
2023-02-03T17:15+01:00,30.1
2023-02-03T17:30+01:00,15.5
2023-02-03T17:45+01:00,2.4
2023-02-03T18:00+01:00,0
2023-02-03T18:15+01:00,0
2023-02-03T18:30+01:00,0
2023-02-03T18:45+01:00,0
2023-02-03T19:00+01:00,0
2023-02-03T19:15+01:00,0
2023-02-03T19:30+01:00,0
2023-02-03T19:45+01:00,0
2023-02-03T20:00+01:00,0
2023-02-03T20:15+01:00,0
2023-02-03T20:30+01:00,0
2023-02-03T20:45+01:00,0
2023-02-03T21:00+01:00,0
2023-02-03T21:15+01:00,0
2023-02-03T21:30+01:00,0
2023-02-03T21:45+01:00,0
2023-02-03T22:00+01:00,0
2023-02-03T22:15+01:00,0
2023-02-03T22:30+01:00,0
2023-02-03T22:45+01:00,0
2023-02-03T23:00+01:00,0
2023-02-03T23:15+01:00,0
2023-02-03T23:30+01:00,0
2023-02-03T23:45+01:00,0
2023-02-04T00:00+01:00,0
2023-02-04T00:15+01:00,0
2023-02-04T00:30+01:00,0
2023-02-04T00:45+01:00,0
2023-02-04T01:00+01:00,0
2023-02-04T01:15+01:00,0
2023-02-04T01:30+01:00,0
2023-02-04T01:45+01:00,0
2023-02-04T02:00+01:00,0
2023-02-04T02:15+01:00,0
2023-02-04T02:30+01:00,0
2023-02-04T02:45+01:00,0
2023-02-04T03:00+01:00,0
2023-02-04T03:15+01:00,0
2023-02-04T03:30+01:00,0
2023-02-04T03:45+01:00,0
2023-02-04T04:00+01:00,0
2023-02-04T04:15+01:00,0
2023-02-04T04:30+01:00,0
2023-02-04T04:45+01:00,0
2023-02-04T05:00+01:00,0
2023-02-04T05:15+01:00,0
2023-02-04T05:30+01:00,0
2023-02-04T05:45+01:00,0
2023-02-04T06:00+01:00,0
2023-02-04T06:15+01:00,0
2023-02-04T06:30+01:00,0
2023-02-04T06:45+01:00,0
2023-02-04T07:00+01:00,0
2023-02-04T07:15+01:00,0
2023-02-04T07:30+01:00,1
2023-02-04T07:45+01:00,40.2
2023-02-04T08:00+01:00,212.4
2023-02-04T08:15+01:00,636
2023-02-04T08:30+01:00,1196.2
2023-02-04T08:45+01:00,1854.8
2023-02-04T09:00+01:00,2599.6
2023-02-04T09:15+01:00,3400.2
2023-02-04T09:30+01:00,4224.4
2023-02-04T09:45+01:00,5069.2
2023-02-04T10:00+01:00,5958
2023-02-04T10:15+01:00,6852.9
2023-02-04T10:30+01:00,7682.2
2023-02-04T10:45+01:00,8409.1
2023-02-04T11:00+01:00,9050
2023-02-04T11:15+01:00,9610.2
2023-02-04T11:30+01:00,10055.6
2023-02-04T11:45+01:00,10393
2023-02-04T12:00+01:00,10750.7
2023-02-04T12:15+01:00,10927.5
2023-02-04T12:30+01:00,10972.7
2023-02-04T12:45+01:00,10909.8
2023-02-04T13:00+01:00,10834.1
2023-02-04T13:15+01:00,10698.9
2023-02-04T13:30+01:00,10411.2
2023-02-04T13:45+01:00,9992.6
2023-02-04T14:00+01:00,9530.3
2023-02-04T14:15+01:00,8972.5
2023-02-04T14:30+01:00,8279.5
2023-02-04T14:45+01:00,7465.8
2023-02-04T15:00+01:00,6591.9
2023-02-04T15:15+01:00,5657.9
2023-02-04T15:30+01:00,4663.1
2023-02-04T15:45+01:00,3645.6
2023-02-04T16:00+01:00,2691.6
2023-02-04T16:15+01:00,1823.3
2023-02-04T16:30+01:00,1063
2023-02-04T16:45+01:00,484.9
2023-02-04T17:00+01:00,147
2023-02-04T17:15+01:00,23.9
2023-02-04T17:30+01:00,2.9
2023-02-04T17:45+01:00,1.8
2023-02-04T18:00+01:00,0
2023-02-04T18:15+01:00,0
2023-02-04T18:30+01:00,0
2023-02-04T18:45+01:00,0
2023-02-04T19:00+01:00,0
2023-02-04T19:15+01:00,0
2023-02-04T19:30+01:00,0
2023-02-04T19:45+01:00,0
2023-02-04T20:00+01:00,0
2023-02-04T20:15+01:00,0
2023-02-04T20:30+01:00,0
2023-02-04T20:45+01:00,0
2023-02-04T21:00+01:00,0
2023-02-04T21:15+01:00,0
2023-02-04T21:30+01:00,0
2023-02-04T21:45+01:00,0
2023-02-04T22:00+01:00,0
2023-02-04T22:15+01:00,0
2023-02-04T22:30+01:00,0
2023-02-04T22:45+01:00,0
2023-02-04T23:00+01:00,0
2023-02-04T23:15+01:00,0
2023-02-04T23:30+01:00,0
2023-02-04T23:45+01:00,0
2023-02-05T00:00+01:00,0
2023-02-05T00:15+01:00,0
2023-02-05T00:30+01:00,0
2023-02-05T00:45+01:00,0
2023-02-05T01:00+01:00,0
2023-02-05T01:15+01:00,0
2023-02-05T01:30+01:00,0
2023-02-05T01:45+01:00,0
2023-02-05T02:00+01:00,0
2023-02-05T02:15+01:00,0
2023-02-05T02:30+01:00,0
2023-02-05T02:45+01:00,0
2023-02-05T03:00+01:00,0
2023-02-05T03:15+01:00,0
2023-02-05T03:30+01:00,0
2023-02-05T03:45+01:00,0
2023-02-05T04:00+01:00,0
2023-02-05T04:15+01:00,0
2023-02-05T04:30+01:00,0
2023-02-05T04:45+01:00,0
2023-02-05T05:00+01:00,0
2023-02-05T05:15+01:00,0
2023-02-05T05:30+01:00,0
2023-02-05T05:45+01:00,0
2023-02-05T06:00+01:00,0
2023-02-05T06:15+01:00,0
2023-02-05T06:30+01:00,0
2023-02-05T06:45+01:00,0
2023-02-05T07:00+01:00,3.7
2023-02-05T07:15+01:00,6.7
2023-02-05T07:30+01:00,22.6
2023-02-05T07:45+01:00,103.1
2023-02-05T08:00+01:00,335.6
2023-02-05T08:15+01:00,846.1
2023-02-05T08:30+01:00,1510.5
2023-02-05T08:45+01:00,2250.3
2023-02-05T09:00+01:00,3013
2023-02-05T09:15+01:00,3765.2
2023-02-05T09:30+01:00,4485.5
2023-02-05T09:45+01:00,5170.4
2023-02-05T10:00+01:00,5784.8
2023-02-05T10:15+01:00,6417.5
2023-02-05T10:30+01:00,6963.3
2023-02-05T10:45+01:00,7370.3
2023-02-05T11:00+01:00,7668.4
2023-02-05T11:15+01:00,7873.8
2023-02-05T11:30+01:00,7916.5
2023-02-05T11:45+01:00,7878.1
2023-02-05T12:00+01:00,7785
2023-02-05T12:15+01:00,7625.2
2023-02-05T12:30+01:00,7387.1
2023-02-05T12:45+01:00,7084.3
2023-02-05T13:00+01:00,6777.3
2023-02-05T13:15+01:00,6520.2
2023-02-05T13:30+01:00,6207.1
2023-02-05T13:45+01:00,5797.8
2023-02-05T14:00+01:00,5416.9
2023-02-05T14:15+01:00,5001.7
2023-02-05T14:30+01:00,4545.7
2023-02-05T14:45+01:00,4080.5
2023-02-05T15:00+01:00,3607.8
2023-02-05T15:15+01:00,3098.7
2023-02-05T15:30+01:00,2576.2
2023-02-05T15:45+01:00,2050.5
2023-02-05T16:00+01:00,1556.6
2023-02-05T16:15+01:00,1125.3
2023-02-05T16:30+01:00,727.3
2023-02-05T16:45+01:00,366.2
2023-02-05T17:00+01:00,119.7
2023-02-05T17:15+01:00,23.1
2023-02-05T17:30+01:00,3.9
2023-02-05T17:45+01:00,1.6
2023-02-05T18:00+01:00,0
2023-02-05T18:15+01:00,0
2023-02-05T18:30+01:00,0
2023-02-05T18:45+01:00,0
2023-02-05T19:00+01:00,0
2023-02-05T19:15+01:00,0
2023-02-05T19:30+01:00,0
2023-02-05T19:45+01:00,0
2023-02-05T20:00+01:00,0
2023-02-05T20:15+01:00,0
2023-02-05T20:30+01:00,0
2023-02-05T20:45+01:00,0
2023-02-05T21:00+01:00,0
2023-02-05T21:15+01:00,0
2023-02-05T21:30+01:00,0
2023-02-05T21:45+01:00,0
2023-02-05T22:00+01:00,0
2023-02-05T22:15+01:00,0
2023-02-05T22:30+01:00,0
2023-02-05T22:45+01:00,0
2023-02-05T23:00+01:00,0
2023-02-05T23:15+01:00,0
2023-02-05T23:30+01:00,0
2023-02-05T23:45+01:00,0
2023-02-06T00:00+01:00,0
2023-02-06T00:15+01:00,0
2023-02-06T00:30+01:00,0
2023-02-06T00:45+01:00,0
2023-02-06T01:00+01:00,0
2023-02-06T01:15+01:00,0
2023-02-06T01:30+01:00,0
2023-02-06T01:45+01:00,0
2023-02-06T02:00+01:00,0
2023-02-06T02:15+01:00,0
2023-02-06T02:30+01:00,0
2023-02-06T02:45+01:00,0
2023-02-06T03:00+01:00,0
2023-02-06T03:15+01:00,0
2023-02-06T03:30+01:00,0
2023-02-06T03:45+01:00,0
2023-02-06T04:00+01:00,0
2023-02-06T04:15+01:00,0
2023-02-06T04:30+01:00,0
2023-02-06T04:45+01:00,0
2023-02-06T05:00+01:00,0
2023-02-06T05:15+01:00,0
2023-02-06T05:30+01:00,0
2023-02-06T05:45+01:00,0
2023-02-06T06:00+01:00,0
2023-02-06T06:15+01:00,0
2023-02-06T06:30+01:00,0
2023-02-06T06:45+01:00,0
2023-02-06T07:00+01:00,4.3
2023-02-06T07:15+01:00,6.3
2023-02-06T07:30+01:00,25.9
2023-02-06T07:45+01:00,139.3
2023-02-06T08:00+01:00,452.8
2023-02-06T08:15+01:00,1044.2
2023-02-06T08:30+01:00,1788.2
2023-02-06T08:45+01:00,2613.9
2023-02-06T09:00+01:00,3482.1
2023-02-06T09:15+01:00,4409.1
2023-02-06T09:30+01:00,5337.4
2023-02-06T09:45+01:00,6243.6
2023-02-06T10:00+01:00,7103.1
2023-02-06T10:15+01:00,7967
2023-02-06T10:30+01:00,8757.1
2023-02-06T10:45+01:00,9434.9
2023-02-06T11:00+01:00,9996.8
2023-02-06T11:15+01:00,10476.7
2023-02-06T11:30+01:00,10853.3
2023-02-06T11:45+01:00,11110.3
2023-02-06T12:00+01:00,11269.2
2023-02-06T12:15+01:00,11341.5
2023-02-06T12:30+01:00,11322.8
2023-02-06T12:45+01:00,11225.9
2023-02-06T13:00+01:00,11053.7
2023-02-06T13:15+01:00,10844.8
2023-02-06T13:30+01:00,10506.6
2023-02-06T13:45+01:00,10037.6
2023-02-06T14:00+01:00,9462.9
2023-02-06T14:15+01:00,8784.6
2023-02-06T14:30+01:00,8006.7
2023-02-06T14:45+01:00,7151.1
2023-02-06T15:00+01:00,6265.4
2023-02-06T15:15+01:00,5349.2
2023-02-06T15:30+01:00,4409.5
2023-02-06T15:45+01:00,3479.1
2023-02-06T16:00+01:00,2629
2023-02-06T16:15+01:00,1852.4
2023-02-06T16:30+01:00,1152.6
2023-02-06T16:45+01:00,605.2
2023-02-06T17:00+01:00,229
2023-02-06T17:15+01:00,64.7
2023-02-06T17:30+01:00,17.2
2023-02-06T17:45+01:00,5.5
2023-02-06T18:00+01:00,0
2023-02-06T18:15+01:00,0
2023-02-06T18:30+01:00,0
2023-02-06T18:45+01:00,0
2023-02-06T19:00+01:00,0
2023-02-06T19:15+01:00,0
2023-02-06T19:30+01:00,0
2023-02-06T19:45+01:00,0
2023-02-06T20:00+01:00,0
2023-02-06T20:15+01:00,0
2023-02-06T20:30+01:00,0
2023-02-06T20:45+01:00,0
2023-02-06T21:00+01:00,0
2023-02-06T21:15+01:00,0
2023-02-06T21:30+01:00,0
2023-02-06T21:45+01:00,0
2023-02-06T22:00+01:00,0
2023-02-06T22:15+01:00,0
2023-02-06T22:30+01:00,0
2023-02-06T22:45+01:00,0
2023-02-06T23:00+01:00,0
2023-02-06T23:15+01:00,0
2023-02-06T23:30+01:00,0
2023-02-06T23:45+01:00,0
2023-02-07T00:00+01:00,0
2023-02-07T00:15+01:00,0
2023-02-07T00:30+01:00,0
2023-02-07T00:45+01:00,0
2023-02-07T01:00+01:00,0
2023-02-07T01:15+01:00,0
2023-02-07T01:30+01:00,0
2023-02-07T01:45+01:00,0
2023-02-07T02:00+01:00,0
2023-02-07T02:15+01:00,0
2023-02-07T02:30+01:00,0
2023-02-07T02:45+01:00,0
2023-02-07T03:00+01:00,0
2023-02-07T03:15+01:00,0
2023-02-07T03:30+01:00,0
2023-02-07T03:45+01:00,0
2023-02-07T04:00+01:00,0
2023-02-07T04:15+01:00,0
2023-02-07T04:30+01:00,0
2023-02-07T04:45+01:00,0
2023-02-07T05:00+01:00,0
2023-02-07T05:15+01:00,0
2023-02-07T05:30+01:00,0
2023-02-07T05:45+01:00,0
2023-02-07T06:00+01:00,0
2023-02-07T06:15+01:00,0
2023-02-07T06:30+01:00,0
2023-02-07T06:45+01:00,0
2023-02-07T07:00+01:00,0
2023-02-07T07:15+01:00,0
2023-02-07T07:30+01:00,10.9
2023-02-07T07:45+01:00,211.6
2023-02-07T08:00+01:00,1035.8
2023-02-07T08:15+01:00,2608.7
2023-02-07T08:30+01:00,4341.5
2023-02-07T08:45+01:00,6215.5
2023-02-07T09:00+01:00,8196.5
2023-02-07T09:15+01:00,10311.8
2023-02-07T09:30+01:00,12370.4
2023-02-07T09:45+01:00,14303.1
2023-02-07T10:00+01:00,16210.1
2023-02-07T10:15+01:00,17972.6
2023-02-07T10:30+01:00,19549.4
2023-02-07T10:45+01:00,20904.2
2023-02-07T11:00+01:00,22007.8
2023-02-07T11:15+01:00,22875.3
2023-02-07T11:30+01:00,23525.8
2023-02-07T11:45+01:00,24037.3
2023-02-07T12:00+01:00,24403.3
2023-02-07T12:15+01:00,24579.9
2023-02-07T12:30+01:00,24606.3
2023-02-07T12:45+01:00,24494.8
2023-02-07T13:00+01:00,24214.3
2023-02-07T13:15+01:00,23741.4
2023-02-07T13:30+01:00,23095.2
2023-02-07T13:45+01:00,22227.1
2023-02-07T14:00+01:00,21086.5
2023-02-07T14:15+01:00,19718.1
2023-02-07T14:30+01:00,18126.9
2023-02-07T14:45+01:00,16350.9
2023-02-07T15:00+01:00,14505.3
2023-02-07T15:15+01:00,12503.1
2023-02-07T15:30+01:00,10435.8
2023-02-07T15:45+01:00,8383.2
2023-02-07T16:00+01:00,6394.4
2023-02-07T16:15+01:00,4537.9
2023-02-07T16:30+01:00,2871.5
2023-02-07T16:45+01:00,1422.2
2023-02-07T17:00+01:00,501.2
2023-02-07T17:15+01:00,90.1
2023-02-07T17:30+01:00,11.9
2023-02-07T17:45+01:00,3.2
2023-02-07T18:00+01:00,0
2023-02-07T18:15+01:00,0
2023-02-07T18:30+01:00,0
2023-02-07T18:45+01:00,0
2023-02-07T19:00+01:00,0
2023-02-07T19:15+01:00,0
2023-02-07T19:30+01:00,0
2023-02-07T19:45+01:00,0
2023-02-07T20:00+01:00,0
2023-02-07T20:15+01:00,0
2023-02-07T20:30+01:00,0
2023-02-07T20:45+01:00,0
2023-02-07T21:00+01:00,0
2023-02-07T21:15+01:00,0
2023-02-07T21:30+01:00,0
2023-02-07T21:45+01:00,0
2023-02-07T22:00+01:00,0
2023-02-07T22:15+01:00,0
2023-02-07T22:30+01:00,0
2023-02-07T22:45+01:00,0
2023-02-07T23:00+01:00,0
2023-02-07T23:15+01:00,0
2023-02-07T23:30+01:00,0
2023-02-07T23:45+01:00,0
2023-02-08T00:00+01:00,0
2023-02-08T00:15+01:00,0
2023-02-08T00:30+01:00,0
2023-02-08T00:45+01:00,0
2023-02-08T01:00+01:00,0
2023-02-08T01:15+01:00,0
2023-02-08T01:30+01:00,0
2023-02-08T01:45+01:00,0
2023-02-08T02:00+01:00,0
2023-02-08T02:15+01:00,0
2023-02-08T02:30+01:00,0
2023-02-08T02:45+01:00,0
2023-02-08T03:00+01:00,0
2023-02-08T03:15+01:00,0
2023-02-08T03:30+01:00,0
2023-02-08T03:45+01:00,0
2023-02-08T04:00+01:00,0
2023-02-08T04:15+01:00,0
2023-02-08T04:30+01:00,0
2023-02-08T04:45+01:00,0
2023-02-08T05:00+01:00,0
2023-02-08T05:15+01:00,0
2023-02-08T05:30+01:00,0
2023-02-08T05:45+01:00,0
2023-02-08T06:00+01:00,0
2023-02-08T06:15+01:00,0
2023-02-08T06:30+01:00,0
2023-02-08T06:45+01:00,0
2023-02-08T07:00+01:00,1
2023-02-08T07:15+01:00,2
2023-02-08T07:30+01:00,27.7
2023-02-08T07:45+01:00,293
2023-02-08T08:00+01:00,1285.9
2023-02-08T08:15+01:00,3008.5
2023-02-08T08:30+01:00,4992.7
2023-02-08T08:45+01:00,7144.7
2023-02-08T09:00+01:00,9360.5
2023-02-08T09:15+01:00,11617.3
2023-02-08T09:30+01:00,13786.8
2023-02-08T09:45+01:00,15871
2023-02-08T10:00+01:00,17896.9
2023-02-08T10:15+01:00,19829.2
2023-02-08T10:30+01:00,21577.1
2023-02-08T10:45+01:00,23084
2023-02-08T11:00+01:00,24293.9
2023-02-08T11:15+01:00,25233.3
2023-02-08T11:30+01:00,25936.8
2023-02-08T11:45+01:00,26456
2023-02-08T12:00+01:00,26809.9
2023-02-08T12:15+01:00,26973.8
2023-02-08T12:30+01:00,26961.5
2023-02-08T12:45+01:00,26790.1
2023-02-08T13:00+01:00,26476.5
2023-02-08T13:15+01:00,25974.1
2023-02-08T13:30+01:00,25306.1
2023-02-08T13:45+01:00,24420.3
2023-02-08T14:00+01:00,23254.5
2023-02-08T14:15+01:00,21806.3
2023-02-08T14:30+01:00,20143.7
2023-02-08T14:45+01:00,18323.7
2023-02-08T15:00+01:00,16413.1
2023-02-08T15:15+01:00,14334.3
2023-02-08T15:30+01:00,12095.7
2023-02-08T15:45+01:00,9801.4
2023-02-08T16:00+01:00,7490.5
2023-02-08T16:15+01:00,5292.6
2023-02-08T16:30+01:00,3343.5
2023-02-08T16:45+01:00,1653
2023-02-08T17:00+01:00,615.1
2023-02-08T17:15+01:00,145.3
2023-02-08T17:30+01:00,32.4
2023-02-08T17:45+01:00,11.7
2023-02-08T18:00+01:00,0
2023-02-08T18:15+01:00,0
2023-02-08T18:30+01:00,0
2023-02-08T18:45+01:00,0
2023-02-08T19:00+01:00,0
2023-02-08T19:15+01:00,0
2023-02-08T19:30+01:00,0
2023-02-08T19:45+01:00,0
2023-02-08T20:00+01:00,0
2023-02-08T20:15+01:00,0
2023-02-08T20:30+01:00,0
2023-02-08T20:45+01:00,0
2023-02-08T21:00+01:00,0
2023-02-08T21:15+01:00,0
2023-02-08T21:30+01:00,0
2023-02-08T21:45+01:00,0
2023-02-08T22:00+01:00,0
2023-02-08T22:15+01:00,0
2023-02-08T22:30+01:00,0
2023-02-08T22:45+01:00,0
2023-02-08T23:00+01:00,0
2023-02-08T23:15+01:00,0
2023-02-08T23:30+01:00,0
2023-02-08T23:45+01:00,0
2023-02-09T00:00+01:00,0
2023-02-09T00:15+01:00,0
2023-02-09T00:30+01:00,0
2023-02-09T00:45+01:00,0
2023-02-09T01:00+01:00,0
2023-02-09T01:15+01:00,0
2023-02-09T01:30+01:00,0
2023-02-09T01:45+01:00,0
2023-02-09T02:00+01:00,0
2023-02-09T02:15+01:00,0
2023-02-09T02:30+01:00,0
2023-02-09T02:45+01:00,0
2023-02-09T03:00+01:00,0
2023-02-09T03:15+01:00,0
2023-02-09T03:30+01:00,0
2023-02-09T03:45+01:00,0
2023-02-09T04:00+01:00,0
2023-02-09T04:15+01:00,0
2023-02-09T04:30+01:00,0
2023-02-09T04:45+01:00,0
2023-02-09T05:00+01:00,0
2023-02-09T05:15+01:00,0
2023-02-09T05:30+01:00,0
2023-02-09T05:45+01:00,0
2023-02-09T06:00+01:00,0
2023-02-09T06:15+01:00,0
2023-02-09T06:30+01:00,0
2023-02-09T06:45+01:00,0
2023-02-09T07:00+01:00,10.9
2023-02-09T07:15+01:00,21
2023-02-09T07:30+01:00,67.8
2023-02-09T07:45+01:00,343.4
2023-02-09T08:00+01:00,1207.5
2023-02-09T08:15+01:00,2640.5
2023-02-09T08:30+01:00,4334.7
2023-02-09T08:45+01:00,6214.4
2023-02-09T09:00+01:00,8175.6
2023-02-09T09:15+01:00,10197
2023-02-09T09:30+01:00,12191.9
2023-02-09T09:45+01:00,14016.5
2023-02-09T10:00+01:00,15716.3
2023-02-09T10:15+01:00,17333.7
2023-02-09T10:30+01:00,18832.5
2023-02-09T10:45+01:00,20179
2023-02-09T11:00+01:00,21265.6
2023-02-09T11:15+01:00,22176.3
2023-02-09T11:30+01:00,22853.9
2023-02-09T11:45+01:00,23322.5
2023-02-09T12:00+01:00,23590.4
2023-02-09T12:15+01:00,23665.8
2023-02-09T12:30+01:00,23596.8
2023-02-09T12:45+01:00,23346.7
2023-02-09T13:00+01:00,22921.3
2023-02-09T13:15+01:00,22326.4
2023-02-09T13:30+01:00,21556.5
2023-02-09T13:45+01:00,20602.5
2023-02-09T14:00+01:00,19464.5
2023-02-09T14:15+01:00,18136.2
2023-02-09T14:30+01:00,16649.5
2023-02-09T14:45+01:00,15021
2023-02-09T15:00+01:00,13320.9
2023-02-09T15:15+01:00,11511.1
2023-02-09T15:30+01:00,9628.3
2023-02-09T15:45+01:00,7739.5
2023-02-09T16:00+01:00,5917.5
2023-02-09T16:15+01:00,4199.6
2023-02-09T16:30+01:00,2660.8
2023-02-09T16:45+01:00,1352.1
2023-02-09T17:00+01:00,539.5
2023-02-09T17:15+01:00,157.2
2023-02-09T17:30+01:00,48.8
2023-02-09T17:45+01:00,15.7
2023-02-09T18:00+01:00,0
2023-02-09T18:15+01:00,0
2023-02-09T18:30+01:00,0
2023-02-09T18:45+01:00,0
2023-02-09T19:00+01:00,0
2023-02-09T19:15+01:00,0
2023-02-09T19:30+01:00,0
2023-02-09T19:45+01:00,0
2023-02-09T20:00+01:00,0
2023-02-09T20:15+01:00,0
2023-02-09T20:30+01:00,0
2023-02-09T20:45+01:00,0
2023-02-09T21:00+01:00,0
2023-02-09T21:15+01:00,0
2023-02-09T21:30+01:00,0
2023-02-09T21:45+01:00,0
2023-02-09T22:00+01:00,0
2023-02-09T22:15+01:00,0
2023-02-09T22:30+01:00,0
2023-02-09T22:45+01:00,0
2023-02-09T23:00+01:00,0
2023-02-09T23:15+01:00,0
2023-02-09T23:30+01:00,0
2023-02-09T23:45+01:00,0
2023-02-10T00:00+01:00,0
2023-02-10T00:15+01:00,0
2023-02-10T00:30+01:00,0
2023-02-10T00:45+01:00,0
2023-02-10T01:00+01:00,0
2023-02-10T01:15+01:00,0
2023-02-10T01:30+01:00,0
2023-02-10T01:45+01:00,0
2023-02-10T02:00+01:00,0
2023-02-10T02:15+01:00,0
2023-02-10T02:30+01:00,0
2023-02-10T02:45+01:00,0
2023-02-10T03:00+01:00,0
2023-02-10T03:15+01:00,0
2023-02-10T03:30+01:00,0
2023-02-10T03:45+01:00,0
2023-02-10T04:00+01:00,0
2023-02-10T04:15+01:00,0
2023-02-10T04:30+01:00,0
2023-02-10T04:45+01:00,0
2023-02-10T05:00+01:00,0
2023-02-10T05:15+01:00,0
2023-02-10T05:30+01:00,0
2023-02-10T05:45+01:00,0
2023-02-10T06:00+01:00,0
2023-02-10T06:15+01:00,0
2023-02-10T06:30+01:00,0
2023-02-10T06:45+01:00,0
2023-02-10T07:00+01:00,9
2023-02-10T07:15+01:00,21.4
2023-02-10T07:30+01:00,72.4
2023-02-10T07:45+01:00,287.5
2023-02-10T08:00+01:00,881.3
2023-02-10T08:15+01:00,1837.8
2023-02-10T08:30+01:00,2913.6
2023-02-10T08:45+01:00,4077.6
2023-02-10T09:00+01:00,5296.6
2023-02-10T09:15+01:00,6603.1
2023-02-10T09:30+01:00,7904.2
2023-02-10T09:45+01:00,9160.9
2023-02-10T10:00+01:00,10344.5
2023-02-10T10:15+01:00,11474.5
2023-02-10T10:30+01:00,12490.2
2023-02-10T10:45+01:00,13365.2
2023-02-10T11:00+01:00,14134.9
2023-02-10T11:15+01:00,14820.8
2023-02-10T11:30+01:00,15371.5
2023-02-10T11:45+01:00,15789.6
2023-02-10T12:00+01:00,16060
2023-02-10T12:15+01:00,16200.8
2023-02-10T12:30+01:00,16233.1
2023-02-10T12:45+01:00,16132.8
2023-02-10T13:00+01:00,15921.9
2023-02-10T13:15+01:00,15578.6
2023-02-10T13:30+01:00,15113.9
2023-02-10T13:45+01:00,14510.3
2023-02-10T14:00+01:00,13790.4
2023-02-10T14:15+01:00,12964.8
2023-02-10T14:30+01:00,11983.7
2023-02-10T14:45+01:00,10879.5
2023-02-10T15:00+01:00,9616.9
2023-02-10T15:15+01:00,8266.9
2023-02-10T15:30+01:00,6853.3
2023-02-10T15:45+01:00,5448.6
2023-02-10T16:00+01:00,4170.6
2023-02-10T16:15+01:00,2996.6
2023-02-10T16:30+01:00,1924.8
2023-02-10T16:45+01:00,1043.6
2023-02-10T17:00+01:00,441.6
2023-02-10T17:15+01:00,125.4
2023-02-10T17:30+01:00,33
2023-02-10T17:45+01:00,11.8
2023-02-10T18:00+01:00,0
2023-02-10T18:15+01:00,0
2023-02-10T18:30+01:00,0
2023-02-10T18:45+01:00,0
2023-02-10T19:00+01:00,0
2023-02-10T19:15+01:00,0
2023-02-10T19:30+01:00,0
2023-02-10T19:45+01:00,0
2023-02-10T20:00+01:00,0
2023-02-10T20:15+01:00,0
2023-02-10T20:30+01:00,0
2023-02-10T20:45+01:00,0
2023-02-10T21:00+01:00,0
2023-02-10T21:15+01:00,0
2023-02-10T21:30+01:00,0
2023-02-10T21:45+01:00,0
2023-02-10T22:00+01:00,0
2023-02-10T22:15+01:00,0
2023-02-10T22:30+01:00,0
2023-02-10T22:45+01:00,0
2023-02-10T23:00+01:00,0
2023-02-10T23:15+01:00,0
2023-02-10T23:30+01:00,0
2023-02-10T23:45+01:00,0
2023-02-11T00:00+01:00,0
2023-02-11T00:15+01:00,0
2023-02-11T00:30+01:00,0
2023-02-11T00:45+01:00,0
2023-02-11T01:00+01:00,0
2023-02-11T01:15+01:00,0
2023-02-11T01:30+01:00,0
2023-02-11T01:45+01:00,0
2023-02-11T02:00+01:00,0
2023-02-11T02:15+01:00,0
2023-02-11T02:30+01:00,0
2023-02-11T02:45+01:00,0
2023-02-11T03:00+01:00,0
2023-02-11T03:15+01:00,0
2023-02-11T03:30+01:00,0
2023-02-11T03:45+01:00,0
2023-02-11T04:00+01:00,0
2023-02-11T04:15+01:00,0
2023-02-11T04:30+01:00,0
2023-02-11T04:45+01:00,0
2023-02-11T05:00+01:00,0
2023-02-11T05:15+01:00,0
2023-02-11T05:30+01:00,0
2023-02-11T05:45+01:00,0
2023-02-11T06:00+01:00,0
2023-02-11T06:15+01:00,0
2023-02-11T06:30+01:00,0
2023-02-11T06:45+01:00,0
2023-02-11T07:00+01:00,6.4
2023-02-11T07:15+01:00,15.9
2023-02-11T07:30+01:00,59.3
2023-02-11T07:45+01:00,161.9
2023-02-11T08:00+01:00,376.7
2023-02-11T08:15+01:00,762.1
2023-02-11T08:30+01:00,1206.8
2023-02-11T08:45+01:00,1695.7
2023-02-11T09:00+01:00,2249.4
2023-02-11T09:15+01:00,2841
2023-02-11T09:30+01:00,3469.2
2023-02-11T09:45+01:00,4094.6
2023-02-11T10:00+01:00,4679.4
2023-02-11T10:15+01:00,5302.9
2023-02-11T10:30+01:00,5899.8
2023-02-11T10:45+01:00,6453.3
2023-02-11T11:00+01:00,6983.3
2023-02-11T11:15+01:00,7496.5
2023-02-11T11:30+01:00,7948.8
2023-02-11T11:45+01:00,8316.6
2023-02-11T12:00+01:00,8595
2023-02-11T12:15+01:00,8798.2
2023-02-11T12:30+01:00,8911.7
2023-02-11T12:45+01:00,8938.5
2023-02-11T13:00+01:00,8907.5
2023-02-11T13:15+01:00,8777.1
2023-02-11T13:30+01:00,8513
2023-02-11T13:45+01:00,8137.9
2023-02-11T14:00+01:00,7711.5
2023-02-11T14:15+01:00,7233.2
2023-02-11T14:30+01:00,6662.8
2023-02-11T14:45+01:00,6014.5
2023-02-11T15:00+01:00,5293.2
2023-02-11T15:15+01:00,4521.4
2023-02-11T15:30+01:00,3727.9
2023-02-11T15:45+01:00,2946.9
2023-02-11T16:00+01:00,2256.8
2023-02-11T16:15+01:00,1619.3
2023-02-11T16:30+01:00,1064.3
2023-02-11T16:45+01:00,617
2023-02-11T17:00+01:00,298.8
2023-02-11T17:15+01:00,120.2
2023-02-11T17:30+01:00,44.8
2023-02-11T17:45+01:00,12.1
2023-02-11T18:00+01:00,0
2023-02-11T18:15+01:00,0
2023-02-11T18:30+01:00,0
2023-02-11T18:45+01:00,0
2023-02-11T19:00+01:00,0
2023-02-11T19:15+01:00,0
2023-02-11T19:30+01:00,0
2023-02-11T19:45+01:00,0
2023-02-11T20:00+01:00,0
2023-02-11T20:15+01:00,0
2023-02-11T20:30+01:00,0
2023-02-11T20:45+01:00,0
2023-02-11T21:00+01:00,0
2023-02-11T21:15+01:00,0
2023-02-11T21:30+01:00,0
2023-02-11T21:45+01:00,0
2023-02-11T22:00+01:00,0
2023-02-11T22:15+01:00,0
2023-02-11T22:30+01:00,0
2023-02-11T22:45+01:00,0
2023-02-11T23:00+01:00,0
2023-02-11T23:15+01:00,0
2023-02-11T23:30+01:00,0
2023-02-11T23:45+01:00,0
2023-02-12T00:00+01:00,0
2023-02-12T00:15+01:00,0
2023-02-12T00:30+01:00,0
2023-02-12T00:45+01:00,0
2023-02-12T01:00+01:00,0
2023-02-12T01:15+01:00,0
2023-02-12T01:30+01:00,0
2023-02-12T01:45+01:00,0
2023-02-12T02:00+01:00,0
2023-02-12T02:15+01:00,0
2023-02-12T02:30+01:00,0
2023-02-12T02:45+01:00,0
2023-02-12T03:00+01:00,0
2023-02-12T03:15+01:00,0
2023-02-12T03:30+01:00,0
2023-02-12T03:45+01:00,0
2023-02-12T04:00+01:00,0
2023-02-12T04:15+01:00,0
2023-02-12T04:30+01:00,0
2023-02-12T04:45+01:00,0
2023-02-12T05:00+01:00,0
2023-02-12T05:15+01:00,0
2023-02-12T05:30+01:00,0
2023-02-12T05:45+01:00,0
2023-02-12T06:00+01:00,0
2023-02-12T06:15+01:00,0
2023-02-12T06:30+01:00,0
2023-02-12T06:45+01:00,0
2023-02-12T07:00+01:00,4.6
2023-02-12T07:15+01:00,12.4
2023-02-12T07:30+01:00,36
2023-02-12T07:45+01:00,110.2
2023-02-12T08:00+01:00,293.5
2023-02-12T08:15+01:00,584.4
2023-02-12T08:30+01:00,949.3
2023-02-12T08:45+01:00,1398.6
2023-02-12T09:00+01:00,1924.3
2023-02-12T09:15+01:00,2517.9
2023-02-12T09:30+01:00,3164.6
2023-02-12T09:45+01:00,3843.3
2023-02-12T10:00+01:00,4526.4
2023-02-12T10:15+01:00,5221.4
2023-02-12T10:30+01:00,5900
2023-02-12T10:45+01:00,6545.6
2023-02-12T11:00+01:00,7169.6
2023-02-12T11:15+01:00,7758
2023-02-12T11:30+01:00,8274.4
2023-02-12T11:45+01:00,8692.8
2023-02-12T12:00+01:00,9058.3
2023-02-12T12:15+01:00,9371.6
2023-02-12T12:30+01:00,9588.1
2023-02-12T12:45+01:00,9697.9
2023-02-12T13:00+01:00,9751.3
2023-02-12T13:15+01:00,9683.7
2023-02-12T13:30+01:00,9500.9
2023-02-12T13:45+01:00,9207.3
2023-02-12T14:00+01:00,8829.4
2023-02-12T14:15+01:00,8380.4
2023-02-12T14:30+01:00,7823
2023-02-12T14:45+01:00,7150.4
2023-02-12T15:00+01:00,6364.9
2023-02-12T15:15+01:00,5500
2023-02-12T15:30+01:00,4569.3
2023-02-12T15:45+01:00,3658.1
2023-02-12T16:00+01:00,2848.2
2023-02-12T16:15+01:00,2089.6
2023-02-12T16:30+01:00,1388.6
2023-02-12T16:45+01:00,799.8
2023-02-12T17:00+01:00,391.3
2023-02-12T17:15+01:00,150.3
2023-02-12T17:30+01:00,48.7
2023-02-12T17:45+01:00,14.2
2023-02-12T18:00+01:00,0
2023-02-12T18:15+01:00,0
2023-02-12T18:30+01:00,0
2023-02-12T18:45+01:00,0
2023-02-12T19:00+01:00,0
2023-02-12T19:15+01:00,0
2023-02-12T19:30+01:00,0
2023-02-12T19:45+01:00,0
2023-02-12T20:00+01:00,0
2023-02-12T20:15+01:00,0
2023-02-12T20:30+01:00,0
2023-02-12T20:45+01:00,0
2023-02-12T21:00+01:00,0
2023-02-12T21:15+01:00,0
2023-02-12T21:30+01:00,0
2023-02-12T21:45+01:00,0
2023-02-12T22:00+01:00,0
2023-02-12T22:15+01:00,0
2023-02-12T22:30+01:00,0
2023-02-12T22:45+01:00,0
2023-02-12T23:00+01:00,0
2023-02-12T23:15+01:00,0
2023-02-12T23:30+01:00,0
2023-02-12T23:45+01:00,0
2023-02-13T00:00+01:00,0
2023-02-13T00:15+01:00,0
2023-02-13T00:30+01:00,0
2023-02-13T00:45+01:00,0
2023-02-13T01:00+01:00,0
2023-02-13T01:15+01:00,0
2023-02-13T01:30+01:00,0
2023-02-13T01:45+01:00,0
2023-02-13T02:00+01:00,0
2023-02-13T02:15+01:00,0
2023-02-13T02:30+01:00,0
2023-02-13T02:45+01:00,0
2023-02-13T03:00+01:00,0
2023-02-13T03:15+01:00,0
2023-02-13T03:30+01:00,0
2023-02-13T03:45+01:00,0
2023-02-13T04:00+01:00,0
2023-02-13T04:15+01:00,0
2023-02-13T04:30+01:00,0
2023-02-13T04:45+01:00,0
2023-02-13T05:00+01:00,0
2023-02-13T05:15+01:00,0
2023-02-13T05:30+01:00,0
2023-02-13T05:45+01:00,0
2023-02-13T06:00+01:00,0
2023-02-13T06:15+01:00,0
2023-02-13T06:30+01:00,0
2023-02-13T06:45+01:00,0
2023-02-13T07:00+01:00,8
2023-02-13T07:15+01:00,18.8
2023-02-13T07:30+01:00,62.1
2023-02-13T07:45+01:00,210.4
2023-02-13T08:00+01:00,615.7
2023-02-13T08:15+01:00,1207.5
2023-02-13T08:30+01:00,1947.8
2023-02-13T08:45+01:00,2845
2023-02-13T09:00+01:00,3832.4
2023-02-13T09:15+01:00,4895.8
2023-02-13T09:30+01:00,6021.6
2023-02-13T09:45+01:00,7166.5
2023-02-13T10:00+01:00,8295.4
2023-02-13T10:15+01:00,9419.8
2023-02-13T10:30+01:00,10538.6
2023-02-13T10:45+01:00,11614.4
2023-02-13T11:00+01:00,12634.9
2023-02-13T11:15+01:00,13594.8
2023-02-13T11:30+01:00,14467.7
2023-02-13T11:45+01:00,15205.5
2023-02-13T12:00+01:00,15810.8
2023-02-13T12:15+01:00,16275
2023-02-13T12:30+01:00,16615.9
2023-02-13T12:45+01:00,16785.8
2023-02-13T13:00+01:00,16812.1
2023-02-13T13:15+01:00,16699.8
2023-02-13T13:30+01:00,16419.5
2023-02-13T13:45+01:00,15979
2023-02-13T14:00+01:00,15392.9
2023-02-13T14:15+01:00,14656.5
2023-02-13T14:30+01:00,13747.3
2023-02-13T14:45+01:00,12682.5
2023-02-13T15:00+01:00,11417.7
2023-02-13T15:15+01:00,10018.2
2023-02-13T15:30+01:00,8498.6
2023-02-13T15:45+01:00,6930.3
2023-02-13T16:00+01:00,5439.7
2023-02-13T16:15+01:00,4005.7
2023-02-13T16:30+01:00,2683.5
2023-02-13T16:45+01:00,1570
2023-02-13T17:00+01:00,772.9
2023-02-13T17:15+01:00,298.5
2023-02-13T17:30+01:00,99.3
2023-02-13T17:45+01:00,25.5
2023-02-13T18:00+01:00,0
2023-02-13T18:15+01:00,0
2023-02-13T18:30+01:00,0
2023-02-13T18:45+01:00,0
2023-02-13T19:00+01:00,0
2023-02-13T19:15+01:00,0
2023-02-13T19:30+01:00,0
2023-02-13T19:45+01:00,0
2023-02-13T20:00+01:00,0
2023-02-13T20:15+01:00,0
2023-02-13T20:30+01:00,0
2023-02-13T20:45+01:00,0
2023-02-13T21:00+01:00,0
2023-02-13T21:15+01:00,0
2023-02-13T21:30+01:00,0
2023-02-13T21:45+01:00,0
2023-02-13T22:00+01:00,0
2023-02-13T22:15+01:00,0
2023-02-13T22:30+01:00,0
2023-02-13T22:45+01:00,0
2023-02-13T23:00+01:00,0
2023-02-13T23:15+01:00,0
2023-02-13T23:30+01:00,0
2023-02-13T23:45+01:00,0
2023-02-14T00:00+01:00,0
2023-02-14T00:15+01:00,0
2023-02-14T00:30+01:00,0
2023-02-14T00:45+01:00,0
2023-02-14T01:00+01:00,0
2023-02-14T01:15+01:00,0
2023-02-14T01:30+01:00,0
2023-02-14T01:45+01:00,0
2023-02-14T02:00+01:00,0
2023-02-14T02:15+01:00,0
2023-02-14T02:30+01:00,0
2023-02-14T02:45+01:00,0
2023-02-14T03:00+01:00,0
2023-02-14T03:15+01:00,0
2023-02-14T03:30+01:00,0
2023-02-14T03:45+01:00,0
2023-02-14T04:00+01:00,0
2023-02-14T04:15+01:00,0
2023-02-14T04:30+01:00,0
2023-02-14T04:45+01:00,0
2023-02-14T05:00+01:00,0
2023-02-14T05:15+01:00,0
2023-02-14T05:30+01:00,0
2023-02-14T05:45+01:00,0
2023-02-14T06:00+01:00,0
2023-02-14T06:15+01:00,0
2023-02-14T06:30+01:00,0
2023-02-14T06:45+01:00,0
2023-02-14T07:00+01:00,14.8
2023-02-14T07:15+01:00,39.6
2023-02-14T07:30+01:00,107.8
2023-02-14T07:45+01:00,349.8
2023-02-14T08:00+01:00,959.7
2023-02-14T08:15+01:00,1877.3
2023-02-14T08:30+01:00,3005.6
2023-02-14T08:45+01:00,4257.4
2023-02-14T09:00+01:00,5619.6
2023-02-14T09:15+01:00,7082.8
2023-02-14T09:30+01:00,8591.7
2023-02-14T09:45+01:00,10117.6
2023-02-14T10:00+01:00,11567.9
2023-02-14T10:15+01:00,12959.2
2023-02-14T10:30+01:00,14284.9
2023-02-14T10:45+01:00,15577
2023-02-14T11:00+01:00,16769.7
2023-02-14T11:15+01:00,17869.9
2023-02-14T11:30+01:00,18882
2023-02-14T11:45+01:00,19746.8
2023-02-14T12:00+01:00,20459.6
2023-02-14T12:15+01:00,20972.4
2023-02-14T12:30+01:00,21311.3
2023-02-14T12:45+01:00,21492.7
2023-02-14T13:00+01:00,21543.1
2023-02-14T13:15+01:00,21398
2023-02-14T13:30+01:00,21084.6
2023-02-14T13:45+01:00,20583.3
2023-02-14T14:00+01:00,19867
2023-02-14T14:15+01:00,18962
2023-02-14T14:30+01:00,17866.4
2023-02-14T14:45+01:00,16552.1
2023-02-14T15:00+01:00,15029.2
2023-02-14T15:15+01:00,13289.6
2023-02-14T15:30+01:00,11373.3
2023-02-14T15:45+01:00,9397.1
2023-02-14T16:00+01:00,7417.3
2023-02-14T16:15+01:00,5494
2023-02-14T16:30+01:00,3694.3
2023-02-14T16:45+01:00,2221.4
2023-02-14T17:00+01:00,1083.2
2023-02-14T17:15+01:00,443
2023-02-14T17:30+01:00,154.9
2023-02-14T17:45+01:00,47
2023-02-14T18:00+01:00,0
2023-02-14T18:15+01:00,0
2023-02-14T18:30+01:00,0
2023-02-14T18:45+01:00,0
2023-02-14T19:00+01:00,0
2023-02-14T19:15+01:00,0
2023-02-14T19:30+01:00,0
2023-02-14T19:45+01:00,0
2023-02-14T20:00+01:00,0
2023-02-14T20:15+01:00,0
2023-02-14T20:30+01:00,0
2023-02-14T20:45+01:00,0
2023-02-14T21:00+01:00,0
2023-02-14T21:15+01:00,0
2023-02-14T21:30+01:00,0
2023-02-14T21:45+01:00,0
2023-02-14T22:00+01:00,0
2023-02-14T22:15+01:00,0
2023-02-14T22:30+01:00,0
2023-02-14T22:45+01:00,0
2023-02-14T23:00+01:00,0
2023-02-14T23:15+01:00,0
2023-02-14T23:30+01:00,0
2023-02-14T23:45+01:00,0
2023-02-15T00:00+01:00,0
2023-02-15T00:15+01:00,0
2023-02-15T00:30+01:00,0
2023-02-15T00:45+01:00,0
2023-02-15T01:00+01:00,0
2023-02-15T01:15+01:00,0
2023-02-15T01:30+01:00,0
2023-02-15T01:45+01:00,0
2023-02-15T02:00+01:00,0
2023-02-15T02:15+01:00,0
2023-02-15T02:30+01:00,0
2023-02-15T02:45+01:00,0
2023-02-15T03:00+01:00,0
2023-02-15T03:15+01:00,0
2023-02-15T03:30+01:00,0
2023-02-15T03:45+01:00,0
2023-02-15T04:00+01:00,0
2023-02-15T04:15+01:00,0
2023-02-15T04:30+01:00,0
2023-02-15T04:45+01:00,0
2023-02-15T05:00+01:00,0
2023-02-15T05:15+01:00,0
2023-02-15T05:30+01:00,0
2023-02-15T05:45+01:00,0
2023-02-15T06:00+01:00,0
2023-02-15T06:15+01:00,0
2023-02-15T06:30+01:00,0
2023-02-15T06:45+01:00,0
2023-02-15T07:00+01:00,19.5
2023-02-15T07:15+01:00,54.6
2023-02-15T07:30+01:00,155.8
2023-02-15T07:45+01:00,535.5
2023-02-15T08:00+01:00,1327.3
2023-02-15T08:15+01:00,2453.8
2023-02-15T08:30+01:00,3852.4
2023-02-15T08:45+01:00,5379.3
2023-02-15T09:00+01:00,7011.8
2023-02-15T09:15+01:00,8726.1
2023-02-15T09:30+01:00,10488.9
2023-02-15T09:45+01:00,12220.3
2023-02-15T10:00+01:00,13858.4
2023-02-15T10:15+01:00,15476
2023-02-15T10:30+01:00,17012.8
2023-02-15T10:45+01:00,18451.5
2023-02-15T11:00+01:00,19764
2023-02-15T11:15+01:00,20970.3
2023-02-15T11:30+01:00,22060.7
2023-02-15T11:45+01:00,22959.3
2023-02-15T12:00+01:00,23672.5
2023-02-15T12:15+01:00,24179.4
2023-02-15T12:30+01:00,24476.4
2023-02-15T12:45+01:00,24624.4
2023-02-15T13:00+01:00,24591.5
2023-02-15T13:15+01:00,24340.7
2023-02-15T13:30+01:00,23877.5
2023-02-15T13:45+01:00,23192.1
2023-02-15T14:00+01:00,22312
2023-02-15T14:15+01:00,21254.5
2023-02-15T14:30+01:00,19993.6
2023-02-15T14:45+01:00,18487
2023-02-15T15:00+01:00,16762.2
2023-02-15T15:15+01:00,14801.9
2023-02-15T15:30+01:00,12700.1
2023-02-15T15:45+01:00,10481.5
2023-02-15T16:00+01:00,8230
2023-02-15T16:15+01:00,6070.9
2023-02-15T16:30+01:00,4092.7
2023-02-15T16:45+01:00,2467.6
2023-02-15T17:00+01:00,1216.6
2023-02-15T17:15+01:00,497.3
2023-02-15T17:30+01:00,172.6
2023-02-15T17:45+01:00,49
2023-02-15T18:00+01:00,0
2023-02-15T18:15+01:00,0
2023-02-15T18:30+01:00,0
2023-02-15T18:45+01:00,0
2023-02-15T19:00+01:00,0
2023-02-15T19:15+01:00,0
2023-02-15T19:30+01:00,0
2023-02-15T19:45+01:00,0
2023-02-15T20:00+01:00,0
2023-02-15T20:15+01:00,0
2023-02-15T20:30+01:00,0
2023-02-15T20:45+01:00,0
2023-02-15T21:00+01:00,0
2023-02-15T21:15+01:00,0
2023-02-15T21:30+01:00,0
2023-02-15T21:45+01:00,0
2023-02-15T22:00+01:00,0
2023-02-15T22:15+01:00,0
2023-02-15T22:30+01:00,0
2023-02-15T22:45+01:00,0
2023-02-15T23:00+01:00,0
2023-02-15T23:15+01:00,0
2023-02-15T23:30+01:00,0
2023-02-15T23:45+01:00,0
2023-02-16T00:00+01:00,0
2023-02-16T00:15+01:00,0
2023-02-16T00:30+01:00,0
2023-02-16T00:45+01:00,0
2023-02-16T01:00+01:00,0
2023-02-16T01:15+01:00,0
2023-02-16T01:30+01:00,0
2023-02-16T01:45+01:00,0
2023-02-16T02:00+01:00,0
2023-02-16T02:15+01:00,0
2023-02-16T02:30+01:00,0
2023-02-16T02:45+01:00,0
2023-02-16T03:00+01:00,0
2023-02-16T03:15+01:00,0
2023-02-16T03:30+01:00,0
2023-02-16T03:45+01:00,0
2023-02-16T04:00+01:00,0
2023-02-16T04:15+01:00,0
2023-02-16T04:30+01:00,0
2023-02-16T04:45+01:00,0
2023-02-16T05:00+01:00,0
2023-02-16T05:15+01:00,0
2023-02-16T05:30+01:00,0
2023-02-16T05:45+01:00,0
2023-02-16T06:00+01:00,0
2023-02-16T06:15+01:00,0
2023-02-16T06:30+01:00,0
2023-02-16T06:45+01:00,0
2023-02-16T07:00+01:00,24.8
2023-02-16T07:15+01:00,87.6
2023-02-16T07:30+01:00,243.8
2023-02-16T07:45+01:00,717.5
2023-02-16T08:00+01:00,1645.7
2023-02-16T08:15+01:00,2892.2
2023-02-16T08:30+01:00,4334.3
2023-02-16T08:45+01:00,5903.2
2023-02-16T09:00+01:00,7533.8
2023-02-16T09:15+01:00,9199.1
2023-02-16T09:30+01:00,10872.5
2023-02-16T09:45+01:00,12395.8
2023-02-16T10:00+01:00,13651.4
2023-02-16T10:15+01:00,14864.3
2023-02-16T10:30+01:00,16000.5
2023-02-16T10:45+01:00,16956.7
2023-02-16T11:00+01:00,17699.6
2023-02-16T11:15+01:00,18278.3
2023-02-16T11:30+01:00,18685.7
2023-02-16T11:45+01:00,18917.6
2023-02-16T12:00+01:00,18978.4
2023-02-16T12:15+01:00,18879.3
2023-02-16T12:30+01:00,18619.4
2023-02-16T12:45+01:00,18216
2023-02-16T13:00+01:00,17677.6
2023-02-16T13:15+01:00,17090.5
2023-02-16T13:30+01:00,16397.3
2023-02-16T13:45+01:00,15579.7
2023-02-16T14:00+01:00,14620.5
2023-02-16T14:15+01:00,13518.8
2023-02-16T14:30+01:00,12293.2
2023-02-16T14:45+01:00,10966.3
2023-02-16T15:00+01:00,9645.4
2023-02-16T15:15+01:00,8283
2023-02-16T15:30+01:00,6915.8
2023-02-16T15:45+01:00,5584.2
2023-02-16T16:00+01:00,4319.7
2023-02-16T16:15+01:00,3154.6
2023-02-16T16:30+01:00,2096.2
2023-02-16T16:45+01:00,1196
2023-02-16T17:00+01:00,578.2
2023-02-16T17:15+01:00,238.6
2023-02-16T17:30+01:00,87.8
2023-02-16T17:45+01:00,35.2
2023-02-16T18:00+01:00,0
2023-02-16T18:15+01:00,0
2023-02-16T18:30+01:00,0
2023-02-16T18:45+01:00,0
2023-02-16T19:00+01:00,0
2023-02-16T19:15+01:00,0
2023-02-16T19:30+01:00,0
2023-02-16T19:45+01:00,0
2023-02-16T20:00+01:00,0
2023-02-16T20:15+01:00,0
2023-02-16T20:30+01:00,0
2023-02-16T20:45+01:00,0
2023-02-16T21:00+01:00,0
2023-02-16T21:15+01:00,0
2023-02-16T21:30+01:00,0
2023-02-16T21:45+01:00,0
2023-02-16T22:00+01:00,0
2023-02-16T22:15+01:00,0
2023-02-16T22:30+01:00,0
2023-02-16T22:45+01:00,0
2023-02-16T23:00+01:00,0
2023-02-16T23:15+01:00,0
2023-02-16T23:30+01:00,0
2023-02-16T23:45+01:00,0
2023-02-17T00:00+01:00,0
2023-02-17T00:15+01:00,0
2023-02-17T00:30+01:00,0
2023-02-17T00:45+01:00,0
2023-02-17T01:00+01:00,0
2023-02-17T01:15+01:00,0
2023-02-17T01:30+01:00,0
2023-02-17T01:45+01:00,0
2023-02-17T02:00+01:00,0
2023-02-17T02:15+01:00,0
2023-02-17T02:30+01:00,0
2023-02-17T02:45+01:00,0
2023-02-17T03:00+01:00,0
2023-02-17T03:15+01:00,0
2023-02-17T03:30+01:00,0
2023-02-17T03:45+01:00,0
2023-02-17T04:00+01:00,0
2023-02-17T04:15+01:00,0
2023-02-17T04:30+01:00,0
2023-02-17T04:45+01:00,0
2023-02-17T05:00+01:00,0
2023-02-17T05:15+01:00,0
2023-02-17T05:30+01:00,0
2023-02-17T05:45+01:00,0
2023-02-17T06:00+01:00,0
2023-02-17T06:15+01:00,0
2023-02-17T06:30+01:00,0
2023-02-17T06:45+01:00,0
2023-02-17T07:00+01:00,2.7
2023-02-17T07:15+01:00,45.3
2023-02-17T07:30+01:00,96.3
2023-02-17T07:45+01:00,190.6
2023-02-17T08:00+01:00,319.2
2023-02-17T08:15+01:00,488.9
2023-02-17T08:30+01:00,705.2
2023-02-17T08:45+01:00,982.6
2023-02-17T09:00+01:00,1308.2
2023-02-17T09:15+01:00,1681
2023-02-17T09:30+01:00,2069.2
2023-02-17T09:45+01:00,2445.5
2023-02-17T10:00+01:00,2804.6
2023-02-17T10:15+01:00,3156.4
2023-02-17T10:30+01:00,3478.5
2023-02-17T10:45+01:00,3764
2023-02-17T11:00+01:00,4034.5
2023-02-17T11:15+01:00,4287.7
2023-02-17T11:30+01:00,4481.9
2023-02-17T11:45+01:00,4626
2023-02-17T12:00+01:00,4748
2023-02-17T12:15+01:00,4866.5
2023-02-17T12:30+01:00,4914.8
2023-02-17T12:45+01:00,4886
2023-02-17T13:00+01:00,4803.2
2023-02-17T13:15+01:00,4724.1
2023-02-17T13:30+01:00,4611.4
2023-02-17T13:45+01:00,4444.5
2023-02-17T14:00+01:00,4241.2
2023-02-17T14:15+01:00,4009.8
2023-02-17T14:30+01:00,3720.6
2023-02-17T14:45+01:00,3382.5
2023-02-17T15:00+01:00,3018.5
2023-02-17T15:15+01:00,2641.6
2023-02-17T15:30+01:00,2238.3
2023-02-17T15:45+01:00,1821.6
2023-02-17T16:00+01:00,1427.1
2023-02-17T16:15+01:00,1090
2023-02-17T16:30+01:00,769.5
2023-02-17T16:45+01:00,500.1
2023-02-17T17:00+01:00,296.4
2023-02-17T17:15+01:00,153.8
2023-02-17T17:30+01:00,78.4
2023-02-17T17:45+01:00,47.4
2023-02-17T18:00+01:00,0
2023-02-17T18:15+01:00,0
2023-02-17T18:30+01:00,0
2023-02-17T18:45+01:00,0
2023-02-17T19:00+01:00,0
2023-02-17T19:15+01:00,0
2023-02-17T19:30+01:00,0
2023-02-17T19:45+01:00,0
2023-02-17T20:00+01:00,0
2023-02-17T20:15+01:00,0
2023-02-17T20:30+01:00,0
2023-02-17T20:45+01:00,0
2023-02-17T21:00+01:00,0
2023-02-17T21:15+01:00,0
2023-02-17T21:30+01:00,0
2023-02-17T21:45+01:00,0
2023-02-17T22:00+01:00,0
2023-02-17T22:15+01:00,0
2023-02-17T22:30+01:00,0
2023-02-17T22:45+01:00,0
2023-02-17T23:00+01:00,0
2023-02-17T23:15+01:00,0
2023-02-17T23:30+01:00,0
2023-02-17T23:45+01:00,0
2023-02-18T00:00+01:00,0
2023-02-18T00:15+01:00,0
2023-02-18T00:30+01:00,0
2023-02-18T00:45+01:00,0
2023-02-18T01:00+01:00,0
2023-02-18T01:15+01:00,0
2023-02-18T01:30+01:00,0
2023-02-18T01:45+01:00,0
2023-02-18T02:00+01:00,0
2023-02-18T02:15+01:00,0
2023-02-18T02:30+01:00,0
2023-02-18T02:45+01:00,0
2023-02-18T03:00+01:00,0
2023-02-18T03:15+01:00,0
2023-02-18T03:30+01:00,0
2023-02-18T03:45+01:00,0
2023-02-18T04:00+01:00,0
2023-02-18T04:15+01:00,0
2023-02-18T04:30+01:00,0
2023-02-18T04:45+01:00,0
2023-02-18T05:00+01:00,0
2023-02-18T05:15+01:00,0
2023-02-18T05:30+01:00,0
2023-02-18T05:45+01:00,0
2023-02-18T06:00+01:00,0
2023-02-18T06:15+01:00,0
2023-02-18T06:30+01:00,0
2023-02-18T06:45+01:00,0
2023-02-18T07:00+01:00,2.6
2023-02-18T07:15+01:00,57
2023-02-18T07:30+01:00,132.7
2023-02-18T07:45+01:00,286.3
2023-02-18T08:00+01:00,518.8
2023-02-18T08:15+01:00,831.7
2023-02-18T08:30+01:00,1193.1
2023-02-18T08:45+01:00,1603.2
2023-02-18T09:00+01:00,2053.3
2023-02-18T09:15+01:00,2531
2023-02-18T09:30+01:00,2996.5
2023-02-18T09:45+01:00,3461.4
2023-02-18T10:00+01:00,3891.7
2023-02-18T10:15+01:00,4348.3
2023-02-18T10:30+01:00,4757
2023-02-18T10:45+01:00,5107.5
2023-02-18T11:00+01:00,5424.2
2023-02-18T11:15+01:00,5713.8
2023-02-18T11:30+01:00,5953.9
2023-02-18T11:45+01:00,6148.9
2023-02-18T12:00+01:00,6302.7
2023-02-18T12:15+01:00,6440.5
2023-02-18T12:30+01:00,6519.9
2023-02-18T12:45+01:00,6550.6
2023-02-18T13:00+01:00,6560.8
2023-02-18T13:15+01:00,6587.3
2023-02-18T13:30+01:00,6517.6
2023-02-18T13:45+01:00,6364.2
2023-02-18T14:00+01:00,6158.2
2023-02-18T14:15+01:00,5894.2
2023-02-18T14:30+01:00,5537.6
2023-02-18T14:45+01:00,5123.8
2023-02-18T15:00+01:00,4650.4
2023-02-18T15:15+01:00,4134
2023-02-18T15:30+01:00,3573.5
2023-02-18T15:45+01:00,2958.7
2023-02-18T16:00+01:00,2341.3
2023-02-18T16:15+01:00,1788
2023-02-18T16:30+01:00,1271.7
2023-02-18T16:45+01:00,804.8
2023-02-18T17:00+01:00,443.3
2023-02-18T17:15+01:00,194.5
2023-02-18T17:30+01:00,70.7
2023-02-18T17:45+01:00,30.2
2023-02-18T18:00+01:00,0
2023-02-18T18:15+01:00,0
2023-02-18T18:30+01:00,0
2023-02-18T18:45+01:00,0
2023-02-18T19:00+01:00,0
2023-02-18T19:15+01:00,0
2023-02-18T19:30+01:00,0
2023-02-18T19:45+01:00,0
2023-02-18T20:00+01:00,0
2023-02-18T20:15+01:00,0
2023-02-18T20:30+01:00,0
2023-02-18T20:45+01:00,0
2023-02-18T21:00+01:00,0
2023-02-18T21:15+01:00,0
2023-02-18T21:30+01:00,0
2023-02-18T21:45+01:00,0
2023-02-18T22:00+01:00,0
2023-02-18T22:15+01:00,0
2023-02-18T22:30+01:00,0
2023-02-18T22:45+01:00,0
2023-02-18T23:00+01:00,0
2023-02-18T23:15+01:00,0
2023-02-18T23:30+01:00,0
2023-02-18T23:45+01:00,0
2023-02-19T00:00+01:00,0
2023-02-19T00:15+01:00,0
2023-02-19T00:30+01:00,0
2023-02-19T00:45+01:00,0
2023-02-19T01:00+01:00,0
2023-02-19T01:15+01:00,0
2023-02-19T01:30+01:00,0
2023-02-19T01:45+01:00,0
2023-02-19T02:00+01:00,0
2023-02-19T02:15+01:00,0
2023-02-19T02:30+01:00,0
2023-02-19T02:45+01:00,0
2023-02-19T03:00+01:00,0
2023-02-19T03:15+01:00,0
2023-02-19T03:30+01:00,0
2023-02-19T03:45+01:00,0
2023-02-19T04:00+01:00,0
2023-02-19T04:15+01:00,0
2023-02-19T04:30+01:00,0
2023-02-19T04:45+01:00,0
2023-02-19T05:00+01:00,0
2023-02-19T05:15+01:00,0
2023-02-19T05:30+01:00,0
2023-02-19T05:45+01:00,0
2023-02-19T06:00+01:00,0
2023-02-19T06:15+01:00,0
2023-02-19T06:30+01:00,0
2023-02-19T06:45+01:00,0
2023-02-19T07:00+01:00,4.7
2023-02-19T07:15+01:00,47
2023-02-19T07:30+01:00,117.3
2023-02-19T07:45+01:00,290.8
2023-02-19T08:00+01:00,604.7
2023-02-19T08:15+01:00,1044.8
2023-02-19T08:30+01:00,1602.6
2023-02-19T08:45+01:00,2247.1
2023-02-19T09:00+01:00,2928.9
2023-02-19T09:15+01:00,3661.3
2023-02-19T09:30+01:00,4422.7
2023-02-19T09:45+01:00,5184.8
2023-02-19T10:00+01:00,5983
2023-02-19T10:15+01:00,6782.5
2023-02-19T10:30+01:00,7507.6
2023-02-19T10:45+01:00,8107.6
2023-02-19T11:00+01:00,8692.8
2023-02-19T11:15+01:00,9249
2023-02-19T11:30+01:00,9694.4
2023-02-19T11:45+01:00,10007.2
2023-02-19T12:00+01:00,10282.4
2023-02-19T12:15+01:00,10497
2023-02-19T12:30+01:00,10596.7
2023-02-19T12:45+01:00,10578.1
2023-02-19T13:00+01:00,10605.2
2023-02-19T13:15+01:00,10556.3
2023-02-19T13:30+01:00,10365.9
2023-02-19T13:45+01:00,10023.8
2023-02-19T14:00+01:00,9632.3
2023-02-19T14:15+01:00,9200.6
2023-02-19T14:30+01:00,8638
2023-02-19T14:45+01:00,7913.9
2023-02-19T15:00+01:00,7124.6
2023-02-19T15:15+01:00,6259
2023-02-19T15:30+01:00,5338.1
2023-02-19T15:45+01:00,4377.3
2023-02-19T16:00+01:00,3527.4
2023-02-19T16:15+01:00,2646.9
2023-02-19T16:30+01:00,1802.8
2023-02-19T16:45+01:00,1089.8
2023-02-19T17:00+01:00,539.5
2023-02-19T17:15+01:00,248
2023-02-19T17:30+01:00,87.8
2023-02-19T17:45+01:00,25.1
2023-02-19T18:00+01:00,0
2023-02-19T18:15+01:00,0
2023-02-19T18:30+01:00,0
2023-02-19T18:45+01:00,0
2023-02-19T19:00+01:00,0
2023-02-19T19:15+01:00,0
2023-02-19T19:30+01:00,0
2023-02-19T19:45+01:00,0
2023-02-19T20:00+01:00,0
2023-02-19T20:15+01:00,0
2023-02-19T20:30+01:00,0
2023-02-19T20:45+01:00,0
2023-02-19T21:00+01:00,0
2023-02-19T21:15+01:00,0
2023-02-19T21:30+01:00,0
2023-02-19T21:45+01:00,0
2023-02-19T22:00+01:00,0
2023-02-19T22:15+01:00,0
2023-02-19T22:30+01:00,0
2023-02-19T22:45+01:00,0
2023-02-19T23:00+01:00,0
2023-02-19T23:15+01:00,0
2023-02-19T23:30+01:00,0
2023-02-19T23:45+01:00,0
2023-02-20T00:00+01:00,0
2023-02-20T00:15+01:00,0
2023-02-20T00:30+01:00,0
2023-02-20T00:45+01:00,0
2023-02-20T01:00+01:00,0
2023-02-20T01:15+01:00,0
2023-02-20T01:30+01:00,0
2023-02-20T01:45+01:00,0
2023-02-20T02:00+01:00,0
2023-02-20T02:15+01:00,0
2023-02-20T02:30+01:00,0
2023-02-20T02:45+01:00,0
2023-02-20T03:00+01:00,0
2023-02-20T03:15+01:00,0
2023-02-20T03:30+01:00,0
2023-02-20T03:45+01:00,0
2023-02-20T04:00+01:00,0
2023-02-20T04:15+01:00,0
2023-02-20T04:30+01:00,0
2023-02-20T04:45+01:00,0
2023-02-20T05:00+01:00,0
2023-02-20T05:15+01:00,0
2023-02-20T05:30+01:00,0
2023-02-20T05:45+01:00,0
2023-02-20T06:00+01:00,0
2023-02-20T06:15+01:00,0
2023-02-20T06:30+01:00,0
2023-02-20T06:45+01:00,0
2023-02-20T07:00+01:00,10.5
2023-02-20T07:15+01:00,97.2
2023-02-20T07:30+01:00,233.5
2023-02-20T07:45+01:00,616.3
2023-02-20T08:00+01:00,1294.3
2023-02-20T08:15+01:00,2216.5
2023-02-20T08:30+01:00,3226.8
2023-02-20T08:45+01:00,4267.2
2023-02-20T09:00+01:00,5471.6
2023-02-20T09:15+01:00,6777.7
2023-02-20T09:30+01:00,8062.4
2023-02-20T09:45+01:00,9282
2023-02-20T10:00+01:00,10443
2023-02-20T10:15+01:00,11579.3
2023-02-20T10:30+01:00,12649.5
2023-02-20T10:45+01:00,13641.7
2023-02-20T11:00+01:00,14599.1
2023-02-20T11:15+01:00,15467.1
2023-02-20T11:30+01:00,16202.4
2023-02-20T11:45+01:00,16799
2023-02-20T12:00+01:00,17257.3
2023-02-20T12:15+01:00,17572.8
2023-02-20T12:30+01:00,17758.8
2023-02-20T12:45+01:00,17801.7
2023-02-20T13:00+01:00,17660.2
2023-02-20T13:15+01:00,17413.9
2023-02-20T13:30+01:00,17030.6
2023-02-20T13:45+01:00,16509
2023-02-20T14:00+01:00,15868.3
2023-02-20T14:15+01:00,15096.4
2023-02-20T14:30+01:00,14149.3
2023-02-20T14:45+01:00,13056.1
2023-02-20T15:00+01:00,11816.6
2023-02-20T15:15+01:00,10436.7
2023-02-20T15:30+01:00,8980.3
2023-02-20T15:45+01:00,7482.9
2023-02-20T16:00+01:00,6008.4
2023-02-20T16:15+01:00,4607.6
2023-02-20T16:30+01:00,3311.1
2023-02-20T16:45+01:00,2134.5
2023-02-20T17:00+01:00,1160.2
2023-02-20T17:15+01:00,514.2
2023-02-20T17:30+01:00,178.3
2023-02-20T17:45+01:00,47.2
2023-02-20T18:00+01:00,0
2023-02-20T18:15+01:00,0
2023-02-20T18:30+01:00,0
2023-02-20T18:45+01:00,0
2023-02-20T19:00+01:00,0
2023-02-20T19:15+01:00,0
2023-02-20T19:30+01:00,0
2023-02-20T19:45+01:00,0
2023-02-20T20:00+01:00,0
2023-02-20T20:15+01:00,0
2023-02-20T20:30+01:00,0
2023-02-20T20:45+01:00,0
2023-02-20T21:00+01:00,0
2023-02-20T21:15+01:00,0
2023-02-20T21:30+01:00,0
2023-02-20T21:45+01:00,0
2023-02-20T22:00+01:00,0
2023-02-20T22:15+01:00,0
2023-02-20T22:30+01:00,0
2023-02-20T22:45+01:00,0
2023-02-20T23:00+01:00,0
2023-02-20T23:15+01:00,0
2023-02-20T23:30+01:00,0
2023-02-20T23:45+01:00,0
2023-02-21T00:00+01:00,0
2023-02-21T00:15+01:00,0
2023-02-21T00:30+01:00,0
2023-02-21T00:45+01:00,0
2023-02-21T01:00+01:00,0
2023-02-21T01:15+01:00,0
2023-02-21T01:30+01:00,0
2023-02-21T01:45+01:00,0
2023-02-21T02:00+01:00,0
2023-02-21T02:15+01:00,0
2023-02-21T02:30+01:00,0
2023-02-21T02:45+01:00,0
2023-02-21T03:00+01:00,0
2023-02-21T03:15+01:00,0
2023-02-21T03:30+01:00,0
2023-02-21T03:45+01:00,0
2023-02-21T04:00+01:00,0
2023-02-21T04:15+01:00,0
2023-02-21T04:30+01:00,0
2023-02-21T04:45+01:00,0
2023-02-21T05:00+01:00,0
2023-02-21T05:15+01:00,0
2023-02-21T05:30+01:00,0
2023-02-21T05:45+01:00,0
2023-02-21T06:00+01:00,0
2023-02-21T06:15+01:00,0
2023-02-21T06:30+01:00,0
2023-02-21T06:45+01:00,0
2023-02-21T07:00+01:00,11.3
2023-02-21T07:15+01:00,94.4
2023-02-21T07:30+01:00,310.2
2023-02-21T07:45+01:00,795.9
2023-02-21T08:00+01:00,1524.4
2023-02-21T08:15+01:00,2387.7
2023-02-21T08:30+01:00,3278.5
2023-02-21T08:45+01:00,4199.7
2023-02-21T09:00+01:00,5198.1
2023-02-21T09:15+01:00,6242.3
2023-02-21T09:30+01:00,7239.9
2023-02-21T09:45+01:00,8172.3
2023-02-21T10:00+01:00,9063.1
2023-02-21T10:15+01:00,9905.5
2023-02-21T10:30+01:00,10670.5
2023-02-21T10:45+01:00,11332.9
2023-02-21T11:00+01:00,11939.9
2023-02-21T11:15+01:00,12489.4
2023-02-21T11:30+01:00,12946.1
2023-02-21T11:45+01:00,13315.6
2023-02-21T12:00+01:00,13601.3
2023-02-21T12:15+01:00,13818.2
2023-02-21T12:30+01:00,13921
2023-02-21T12:45+01:00,13905.5
2023-02-21T13:00+01:00,13805.2
2023-02-21T13:15+01:00,13667.2
2023-02-21T13:30+01:00,13412.6
2023-02-21T13:45+01:00,13050.5
2023-02-21T14:00+01:00,12613.3
2023-02-21T14:15+01:00,12104.9
2023-02-21T14:30+01:00,11445
2023-02-21T14:45+01:00,10647.5
2023-02-21T15:00+01:00,9701.8
2023-02-21T15:15+01:00,8646.2
2023-02-21T15:30+01:00,7493.7
2023-02-21T15:45+01:00,6283.5
2023-02-21T16:00+01:00,5095.5
2023-02-21T16:15+01:00,3932.5
2023-02-21T16:30+01:00,2825.9
2023-02-21T16:45+01:00,1815.1
2023-02-21T17:00+01:00,1004.1
2023-02-21T17:15+01:00,465.9
2023-02-21T17:30+01:00,177.4
2023-02-21T17:45+01:00,47.5
2023-02-21T18:00+01:00,0
2023-02-21T18:15+01:00,0
2023-02-21T18:30+01:00,0
2023-02-21T18:45+01:00,0
2023-02-21T19:00+01:00,0
2023-02-21T19:15+01:00,0
2023-02-21T19:30+01:00,0
2023-02-21T19:45+01:00,0
2023-02-21T20:00+01:00,0
2023-02-21T20:15+01:00,0
2023-02-21T20:30+01:00,0
2023-02-21T20:45+01:00,0
2023-02-21T21:00+01:00,0
2023-02-21T21:15+01:00,0
2023-02-21T21:30+01:00,0
2023-02-21T21:45+01:00,0
2023-02-21T22:00+01:00,0
2023-02-21T22:15+01:00,0
2023-02-21T22:30+01:00,0
2023-02-21T22:45+01:00,0
2023-02-21T23:00+01:00,0
2023-02-21T23:15+01:00,0
2023-02-21T23:30+01:00,0
2023-02-21T23:45+01:00,0
2023-02-22T00:00+01:00,0
2023-02-22T00:15+01:00,0
2023-02-22T00:30+01:00,0
2023-02-22T00:45+01:00,0
2023-02-22T01:00+01:00,0
2023-02-22T01:15+01:00,0
2023-02-22T01:30+01:00,0
2023-02-22T01:45+01:00,0
2023-02-22T02:00+01:00,0
2023-02-22T02:15+01:00,0
2023-02-22T02:30+01:00,0
2023-02-22T02:45+01:00,0
2023-02-22T03:00+01:00,0
2023-02-22T03:15+01:00,0
2023-02-22T03:30+01:00,0
2023-02-22T03:45+01:00,0
2023-02-22T04:00+01:00,0
2023-02-22T04:15+01:00,0
2023-02-22T04:30+01:00,0
2023-02-22T04:45+01:00,0
2023-02-22T05:00+01:00,0
2023-02-22T05:15+01:00,0
2023-02-22T05:30+01:00,0
2023-02-22T05:45+01:00,0
2023-02-22T06:00+01:00,0
2023-02-22T06:15+01:00,0
2023-02-22T06:30+01:00,0
2023-02-22T06:45+01:00,0
2023-02-22T07:00+01:00,12.3
2023-02-22T07:15+01:00,105.5
2023-02-22T07:30+01:00,310.3
2023-02-22T07:45+01:00,780.5
2023-02-22T08:00+01:00,1589.3
2023-02-22T08:15+01:00,2645.3
2023-02-22T08:30+01:00,3749.3
2023-02-22T08:45+01:00,4865.6
2023-02-22T09:00+01:00,6080
2023-02-22T09:15+01:00,7351.9
2023-02-22T09:30+01:00,8668.1
2023-02-22T09:45+01:00,10010
2023-02-22T10:00+01:00,11278.4
2023-02-22T10:15+01:00,12535.6
2023-02-22T10:30+01:00,13717.7
2023-02-22T10:45+01:00,14812.6
2023-02-22T11:00+01:00,15819.3
2023-02-22T11:15+01:00,16724.5
2023-02-22T11:30+01:00,17421.8
2023-02-22T11:45+01:00,17888.1
2023-02-22T12:00+01:00,18178.2
2023-02-22T12:15+01:00,18296
2023-02-22T12:30+01:00,18265
2023-02-22T12:45+01:00,18067.8
2023-02-22T13:00+01:00,17660.6
2023-02-22T13:15+01:00,17178.3
2023-02-22T13:30+01:00,16559.1
2023-02-22T13:45+01:00,15791.5
2023-02-22T14:00+01:00,14910.5
2023-02-22T14:15+01:00,13932.8
2023-02-22T14:30+01:00,12831.2
2023-02-22T14:45+01:00,11618.2
2023-02-22T15:00+01:00,10367.5
2023-02-22T15:15+01:00,9070.5
2023-02-22T15:30+01:00,7753.8
2023-02-22T15:45+01:00,6474.8
2023-02-22T16:00+01:00,5160.5
2023-02-22T16:15+01:00,3919.3
2023-02-22T16:30+01:00,2747.2
2023-02-22T16:45+01:00,1701.7
2023-02-22T17:00+01:00,911.4
2023-02-22T17:15+01:00,404.5
2023-02-22T17:30+01:00,137.4
2023-02-22T17:45+01:00,29.5
2023-02-22T18:00+01:00,0
2023-02-22T18:15+01:00,0
2023-02-22T18:30+01:00,0
2023-02-22T18:45+01:00,0
2023-02-22T19:00+01:00,0
2023-02-22T19:15+01:00,0
2023-02-22T19:30+01:00,0
2023-02-22T19:45+01:00,0
2023-02-22T20:00+01:00,0
2023-02-22T20:15+01:00,0
2023-02-22T20:30+01:00,0
2023-02-22T20:45+01:00,0
2023-02-22T21:00+01:00,0
2023-02-22T21:15+01:00,0
2023-02-22T21:30+01:00,0
2023-02-22T21:45+01:00,0
2023-02-22T22:00+01:00,0
2023-02-22T22:15+01:00,0
2023-02-22T22:30+01:00,0
2023-02-22T22:45+01:00,0
2023-02-22T23:00+01:00,0
2023-02-22T23:15+01:00,0
2023-02-22T23:30+01:00,0
2023-02-22T23:45+01:00,0
2023-02-23T00:00+01:00,0
2023-02-23T00:15+01:00,0
2023-02-23T00:30+01:00,0
2023-02-23T00:45+01:00,0
2023-02-23T01:00+01:00,0
2023-02-23T01:15+01:00,0
2023-02-23T01:30+01:00,0
2023-02-23T01:45+01:00,0
2023-02-23T02:00+01:00,0
2023-02-23T02:15+01:00,0
2023-02-23T02:30+01:00,0
2023-02-23T02:45+01:00,0
2023-02-23T03:00+01:00,0
2023-02-23T03:15+01:00,0
2023-02-23T03:30+01:00,0
2023-02-23T03:45+01:00,0
2023-02-23T04:00+01:00,0
2023-02-23T04:15+01:00,0
2023-02-23T04:30+01:00,0
2023-02-23T04:45+01:00,0
2023-02-23T05:00+01:00,0
2023-02-23T05:15+01:00,0
2023-02-23T05:30+01:00,0
2023-02-23T05:45+01:00,0
2023-02-23T06:00+01:00,0
2023-02-23T06:15+01:00,0
2023-02-23T06:30+01:00,0
2023-02-23T06:45+01:00,0
2023-02-23T07:00+01:00,48.6
2023-02-23T07:15+01:00,104.2
2023-02-23T07:30+01:00,234.1
2023-02-23T07:45+01:00,463.8
2023-02-23T08:00+01:00,797.3
2023-02-23T08:15+01:00,1270
2023-02-23T08:30+01:00,1853.8
2023-02-23T08:45+01:00,2489.4
2023-02-23T09:00+01:00,3117.3
2023-02-23T09:15+01:00,3743.1
2023-02-23T09:30+01:00,4370.7
2023-02-23T09:45+01:00,4989.4
2023-02-23T10:00+01:00,5693.7
2023-02-23T10:15+01:00,6322.5
2023-02-23T10:30+01:00,6898.8
2023-02-23T10:45+01:00,7383.3
2023-02-23T11:00+01:00,7838.9
2023-02-23T11:15+01:00,8259
2023-02-23T11:30+01:00,8557.6
2023-02-23T11:45+01:00,8732.7
2023-02-23T12:00+01:00,8879.4
2023-02-23T12:15+01:00,8987.8
2023-02-23T12:30+01:00,8978.5
2023-02-23T12:45+01:00,8863.1
2023-02-23T13:00+01:00,8691.7
2023-02-23T13:15+01:00,8590.7
2023-02-23T13:30+01:00,8390.1
2023-02-23T13:45+01:00,8093.5
2023-02-23T14:00+01:00,7782
2023-02-23T14:15+01:00,7436.4
2023-02-23T14:30+01:00,6957.7
2023-02-23T14:45+01:00,6347.5
2023-02-23T15:00+01:00,5678.7
2023-02-23T15:15+01:00,4999.5
2023-02-23T15:30+01:00,4295.7
2023-02-23T15:45+01:00,3584.6
2023-02-23T16:00+01:00,2907.4
2023-02-23T16:15+01:00,2280.9
2023-02-23T16:30+01:00,1690.8
2023-02-23T16:45+01:00,1133.8
2023-02-23T17:00+01:00,662.9
2023-02-23T17:15+01:00,346.6
2023-02-23T17:30+01:00,158.1
2023-02-23T17:45+01:00,66.1
2023-02-23T18:00+01:00,45.1
2023-02-23T18:15+01:00,0
2023-02-23T18:30+01:00,0
2023-02-23T18:45+01:00,0
2023-02-23T19:00+01:00,0
2023-02-23T19:15+01:00,0
2023-02-23T19:30+01:00,0
2023-02-23T19:45+01:00,0
2023-02-23T20:00+01:00,0
2023-02-23T20:15+01:00,0
2023-02-23T20:30+01:00,0
2023-02-23T20:45+01:00,0
2023-02-23T21:00+01:00,0
2023-02-23T21:15+01:00,0
2023-02-23T21:30+01:00,0
2023-02-23T21:45+01:00,0
2023-02-23T22:00+01:00,0
2023-02-23T22:15+01:00,0
2023-02-23T22:30+01:00,0
2023-02-23T22:45+01:00,0
2023-02-23T23:00+01:00,0
2023-02-23T23:15+01:00,0
2023-02-23T23:30+01:00,0
2023-02-23T23:45+01:00,0
2023-02-24T00:00+01:00,0
2023-02-24T00:15+01:00,0
2023-02-24T00:30+01:00,0
2023-02-24T00:45+01:00,0
2023-02-24T01:00+01:00,0
2023-02-24T01:15+01:00,0
2023-02-24T01:30+01:00,0
2023-02-24T01:45+01:00,0
2023-02-24T02:00+01:00,0
2023-02-24T02:15+01:00,0
2023-02-24T02:30+01:00,0
2023-02-24T02:45+01:00,0
2023-02-24T03:00+01:00,0
2023-02-24T03:15+01:00,0
2023-02-24T03:30+01:00,0
2023-02-24T03:45+01:00,0
2023-02-24T04:00+01:00,0
2023-02-24T04:15+01:00,0
2023-02-24T04:30+01:00,0
2023-02-24T04:45+01:00,0
2023-02-24T05:00+01:00,0
2023-02-24T05:15+01:00,0
2023-02-24T05:30+01:00,0
2023-02-24T05:45+01:00,0
2023-02-24T06:00+01:00,0
2023-02-24T06:15+01:00,0
2023-02-24T06:30+01:00,0
2023-02-24T06:45+01:00,0
2023-02-24T07:00+01:00,29.8
2023-02-24T07:15+01:00,103.5
2023-02-24T07:30+01:00,250.7
2023-02-24T07:45+01:00,517.4
2023-02-24T08:00+01:00,915.5
2023-02-24T08:15+01:00,1468.2
2023-02-24T08:30+01:00,2100.1
2023-02-24T08:45+01:00,2767.2
2023-02-24T09:00+01:00,3442
2023-02-24T09:15+01:00,4145.7
2023-02-24T09:30+01:00,4830.1
2023-02-24T09:45+01:00,5468.1
2023-02-24T10:00+01:00,6033.6
2023-02-24T10:15+01:00,6623.5
2023-02-24T10:30+01:00,7131.2
2023-02-24T10:45+01:00,7535.5
2023-02-24T11:00+01:00,7883.3
2023-02-24T11:15+01:00,8182.7
2023-02-24T11:30+01:00,8348.5
2023-02-24T11:45+01:00,8381.9
2023-02-24T12:00+01:00,8381.6
2023-02-24T12:15+01:00,8344.7
2023-02-24T12:30+01:00,8200.6
2023-02-24T12:45+01:00,7958.5
2023-02-24T13:00+01:00,7482.3
2023-02-24T13:15+01:00,7287.4
2023-02-24T13:30+01:00,6985.3
2023-02-24T13:45+01:00,6596.4
2023-02-24T14:00+01:00,6193.5
2023-02-24T14:15+01:00,5746.1
2023-02-24T14:30+01:00,5267.4
2023-02-24T14:45+01:00,4762.9
2023-02-24T15:00+01:00,4240.3
2023-02-24T15:15+01:00,3712.3
2023-02-24T15:30+01:00,3160.3
2023-02-24T15:45+01:00,2602.9
2023-02-24T16:00+01:00,2092.7
2023-02-24T16:15+01:00,1637.8
2023-02-24T16:30+01:00,1212.2
2023-02-24T16:45+01:00,840
2023-02-24T17:00+01:00,534.7
2023-02-24T17:15+01:00,307.2
2023-02-24T17:30+01:00,144.7
2023-02-24T17:45+01:00,54.8
2023-02-24T18:00+01:00,33.3
2023-02-24T18:15+01:00,0
2023-02-24T18:30+01:00,0
2023-02-24T18:45+01:00,0
2023-02-24T19:00+01:00,0
2023-02-24T19:15+01:00,0
2023-02-24T19:30+01:00,0
2023-02-24T19:45+01:00,0
2023-02-24T20:00+01:00,0
2023-02-24T20:15+01:00,0
2023-02-24T20:30+01:00,0
2023-02-24T20:45+01:00,0
2023-02-24T21:00+01:00,0
2023-02-24T21:15+01:00,0
2023-02-24T21:30+01:00,0
2023-02-24T21:45+01:00,0
2023-02-24T22:00+01:00,0
2023-02-24T22:15+01:00,0
2023-02-24T22:30+01:00,0
2023-02-24T22:45+01:00,0
2023-02-24T23:00+01:00,0
2023-02-24T23:15+01:00,0
2023-02-24T23:30+01:00,0
2023-02-24T23:45+01:00,0
2023-02-25T00:00+01:00,0
2023-02-25T00:15+01:00,0
2023-02-25T00:30+01:00,0
2023-02-25T00:45+01:00,0
2023-02-25T01:00+01:00,0
2023-02-25T01:15+01:00,0
2023-02-25T01:30+01:00,0
2023-02-25T01:45+01:00,0
2023-02-25T02:00+01:00,0
2023-02-25T02:15+01:00,0
2023-02-25T02:30+01:00,0
2023-02-25T02:45+01:00,0
2023-02-25T03:00+01:00,0
2023-02-25T03:15+01:00,0
2023-02-25T03:30+01:00,0
2023-02-25T03:45+01:00,0
2023-02-25T04:00+01:00,0
2023-02-25T04:15+01:00,0
2023-02-25T04:30+01:00,0
2023-02-25T04:45+01:00,0
2023-02-25T05:00+01:00,0
2023-02-25T05:15+01:00,0
2023-02-25T05:30+01:00,0
2023-02-25T05:45+01:00,0
2023-02-25T06:00+01:00,0
2023-02-25T06:15+01:00,0
2023-02-25T06:30+01:00,0
2023-02-25T06:45+01:00,0
2023-02-25T07:00+01:00,51.1
2023-02-25T07:15+01:00,119.9
2023-02-25T07:30+01:00,309.6
2023-02-25T07:45+01:00,690.3
2023-02-25T08:00+01:00,1267.5
2023-02-25T08:15+01:00,2007.4
2023-02-25T08:30+01:00,2715.4
2023-02-25T08:45+01:00,3383.4
2023-02-25T09:00+01:00,4108
2023-02-25T09:15+01:00,4840.7
2023-02-25T09:30+01:00,5551.7
2023-02-25T09:45+01:00,6228.7
2023-02-25T10:00+01:00,6957
2023-02-25T10:15+01:00,7656
2023-02-25T10:30+01:00,8307.9
2023-02-25T10:45+01:00,8861.4
2023-02-25T11:00+01:00,9379.7
2023-02-25T11:15+01:00,9897.7
2023-02-25T11:30+01:00,10374.1
2023-02-25T11:45+01:00,10789.3
2023-02-25T12:00+01:00,11199.7
2023-02-25T12:15+01:00,11548.8
2023-02-25T12:30+01:00,11788.1
2023-02-25T12:45+01:00,11933.7
2023-02-25T13:00+01:00,12100.2
2023-02-25T13:15+01:00,12106.4
2023-02-25T13:30+01:00,11987.9
2023-02-25T13:45+01:00,11744.2
2023-02-25T14:00+01:00,11434.1
2023-02-25T14:15+01:00,11055.1
2023-02-25T14:30+01:00,10562.6
2023-02-25T14:45+01:00,9925.1
2023-02-25T15:00+01:00,9160.1
2023-02-25T15:15+01:00,8331.1
2023-02-25T15:30+01:00,7428.2
2023-02-25T15:45+01:00,6444.7
2023-02-25T16:00+01:00,5438.2
2023-02-25T16:15+01:00,4353.6
2023-02-25T16:30+01:00,3255.8
2023-02-25T16:45+01:00,2243.3
2023-02-25T17:00+01:00,1383.8
2023-02-25T17:15+01:00,736.1
2023-02-25T17:30+01:00,300
2023-02-25T17:45+01:00,78.9
2023-02-25T18:00+01:00,17.7
2023-02-25T18:15+01:00,0
2023-02-25T18:30+01:00,0
2023-02-25T18:45+01:00,0
2023-02-25T19:00+01:00,0
2023-02-25T19:15+01:00,0
2023-02-25T19:30+01:00,0
2023-02-25T19:45+01:00,0
2023-02-25T20:00+01:00,0
2023-02-25T20:15+01:00,0
2023-02-25T20:30+01:00,0
2023-02-25T20:45+01:00,0
2023-02-25T21:00+01:00,0
2023-02-25T21:15+01:00,0
2023-02-25T21:30+01:00,0
2023-02-25T21:45+01:00,0
2023-02-25T22:00+01:00,0
2023-02-25T22:15+01:00,0
2023-02-25T22:30+01:00,0
2023-02-25T22:45+01:00,0
2023-02-25T23:00+01:00,0
2023-02-25T23:15+01:00,0
2023-02-25T23:30+01:00,0
2023-02-25T23:45+01:00,0
2023-02-26T00:00+01:00,0
2023-02-26T00:15+01:00,0
2023-02-26T00:30+01:00,0
2023-02-26T00:45+01:00,0
2023-02-26T01:00+01:00,0
2023-02-26T01:15+01:00,0
2023-02-26T01:30+01:00,0
2023-02-26T01:45+01:00,0
2023-02-26T02:00+01:00,0
2023-02-26T02:15+01:00,0
2023-02-26T02:30+01:00,0
2023-02-26T02:45+01:00,0
2023-02-26T03:00+01:00,0
2023-02-26T03:15+01:00,0
2023-02-26T03:30+01:00,0
2023-02-26T03:45+01:00,0
2023-02-26T04:00+01:00,0
2023-02-26T04:15+01:00,0
2023-02-26T04:30+01:00,0
2023-02-26T04:45+01:00,0
2023-02-26T05:00+01:00,0
2023-02-26T05:15+01:00,0
2023-02-26T05:30+01:00,0
2023-02-26T05:45+01:00,0
2023-02-26T06:00+01:00,0
2023-02-26T06:15+01:00,0
2023-02-26T06:30+01:00,0
2023-02-26T06:45+01:00,0
2023-02-26T07:00+01:00,61.1
2023-02-26T07:15+01:00,253.5
2023-02-26T07:30+01:00,709
2023-02-26T07:45+01:00,1524.7
2023-02-26T08:00+01:00,2660
2023-02-26T08:15+01:00,4031.9
2023-02-26T08:30+01:00,5361
2023-02-26T08:45+01:00,6631.4
2023-02-26T09:00+01:00,7912.6
2023-02-26T09:15+01:00,9153.7
2023-02-26T09:30+01:00,10332.1
2023-02-26T09:45+01:00,11408.4
2023-02-26T10:00+01:00,12307.6
2023-02-26T10:15+01:00,13179
2023-02-26T10:30+01:00,13983.4
2023-02-26T10:45+01:00,14723.5
2023-02-26T11:00+01:00,15359
2023-02-26T11:15+01:00,15910.9
2023-02-26T11:30+01:00,16359.2
2023-02-26T11:45+01:00,16713.3
2023-02-26T12:00+01:00,16990.4
2023-02-26T12:15+01:00,17151.9
2023-02-26T12:30+01:00,17195.5
2023-02-26T12:45+01:00,17133.3
2023-02-26T13:00+01:00,17028.7
2023-02-26T13:15+01:00,16813.4
2023-02-26T13:30+01:00,16481.8
2023-02-26T13:45+01:00,16036.1
2023-02-26T14:00+01:00,15508.6
2023-02-26T14:15+01:00,14868.6
2023-02-26T14:30+01:00,14085.8
2023-02-26T14:45+01:00,13173.8
2023-02-26T15:00+01:00,12097.4
2023-02-26T15:15+01:00,10877.9
2023-02-26T15:30+01:00,9561.3
2023-02-26T15:45+01:00,8189.5
2023-02-26T16:00+01:00,6879.8
2023-02-26T16:15+01:00,5499
2023-02-26T16:30+01:00,4095.1
2023-02-26T16:45+01:00,2791.3
2023-02-26T17:00+01:00,1688.2
2023-02-26T17:15+01:00,909.9
2023-02-26T17:30+01:00,384.6
2023-02-26T17:45+01:00,105.3
2023-02-26T18:00+01:00,19.4
2023-02-26T18:15+01:00,0
2023-02-26T18:30+01:00,0
2023-02-26T18:45+01:00,0
2023-02-26T19:00+01:00,0
2023-02-26T19:15+01:00,0
2023-02-26T19:30+01:00,0
2023-02-26T19:45+01:00,0
2023-02-26T20:00+01:00,0
2023-02-26T20:15+01:00,0
2023-02-26T20:30+01:00,0
2023-02-26T20:45+01:00,0
2023-02-26T21:00+01:00,0
2023-02-26T21:15+01:00,0
2023-02-26T21:30+01:00,0
2023-02-26T21:45+01:00,0
2023-02-26T22:00+01:00,0
2023-02-26T22:15+01:00,0
2023-02-26T22:30+01:00,0
2023-02-26T22:45+01:00,0
2023-02-26T23:00+01:00,0
2023-02-26T23:15+01:00,0
2023-02-26T23:30+01:00,0
2023-02-26T23:45+01:00,0
2023-02-27T00:00+01:00,0
2023-02-27T00:15+01:00,0
2023-02-27T00:30+01:00,0
2023-02-27T00:45+01:00,0
2023-02-27T01:00+01:00,0
2023-02-27T01:15+01:00,0
2023-02-27T01:30+01:00,0
2023-02-27T01:45+01:00,0
2023-02-27T02:00+01:00,0
2023-02-27T02:15+01:00,0
2023-02-27T02:30+01:00,0
2023-02-27T02:45+01:00,0
2023-02-27T03:00+01:00,0
2023-02-27T03:15+01:00,0
2023-02-27T03:30+01:00,0
2023-02-27T03:45+01:00,0
2023-02-27T04:00+01:00,0
2023-02-27T04:15+01:00,0
2023-02-27T04:30+01:00,0
2023-02-27T04:45+01:00,0
2023-02-27T05:00+01:00,0
2023-02-27T05:15+01:00,0
2023-02-27T05:30+01:00,0
2023-02-27T05:45+01:00,0
2023-02-27T06:00+01:00,0
2023-02-27T06:15+01:00,0
2023-02-27T06:30+01:00,0
2023-02-27T06:45+01:00,0.1
2023-02-27T07:00+01:00,52.4
2023-02-27T07:15+01:00,299.1
2023-02-27T07:30+01:00,948.6
2023-02-27T07:45+01:00,2069.2
2023-02-27T08:00+01:00,3509.5
2023-02-27T08:15+01:00,5138
2023-02-27T08:30+01:00,6748.7
2023-02-27T08:45+01:00,8343.1
2023-02-27T09:00+01:00,9981.9
2023-02-27T09:15+01:00,11574.9
2023-02-27T09:30+01:00,13092.8
2023-02-27T09:45+01:00,14489.3
2023-02-27T10:00+01:00,15713.9
2023-02-27T10:15+01:00,16755.6
2023-02-27T10:30+01:00,17650.1
2023-02-27T10:45+01:00,18381.2
2023-02-27T11:00+01:00,18939.4
2023-02-27T11:15+01:00,19348.4
2023-02-27T11:30+01:00,19618.9
2023-02-27T11:45+01:00,19748
2023-02-27T12:00+01:00,19800.3
2023-02-27T12:15+01:00,19689.8
2023-02-27T12:30+01:00,19422.6
2023-02-27T12:45+01:00,19009.6
2023-02-27T13:00+01:00,18488.1
2023-02-27T13:15+01:00,17893.2
2023-02-27T13:30+01:00,17184.9
2023-02-27T13:45+01:00,16370
2023-02-27T14:00+01:00,15490
2023-02-27T14:15+01:00,14512.6
2023-02-27T14:30+01:00,13454.7
2023-02-27T14:45+01:00,12347.5
2023-02-27T15:00+01:00,11146.7
2023-02-27T15:15+01:00,9858.3
2023-02-27T15:30+01:00,8550.9
2023-02-27T15:45+01:00,7240.3
2023-02-27T16:00+01:00,5971.1
2023-02-27T16:15+01:00,4724.7
2023-02-27T16:30+01:00,3522.9
2023-02-27T16:45+01:00,2404.9
2023-02-27T17:00+01:00,1485.2
2023-02-27T17:15+01:00,814
2023-02-27T17:30+01:00,369.6
2023-02-27T17:45+01:00,118.1
2023-02-27T18:00+01:00,30.6
2023-02-27T18:15+01:00,0
2023-02-27T18:30+01:00,0
2023-02-27T18:45+01:00,0
2023-02-27T19:00+01:00,0
2023-02-27T19:15+01:00,0
2023-02-27T19:30+01:00,0
2023-02-27T19:45+01:00,0
2023-02-27T20:00+01:00,0
2023-02-27T20:15+01:00,0
2023-02-27T20:30+01:00,0
2023-02-27T20:45+01:00,0
2023-02-27T21:00+01:00,0
2023-02-27T21:15+01:00,0
2023-02-27T21:30+01:00,0
2023-02-27T21:45+01:00,0
2023-02-27T22:00+01:00,0
2023-02-27T22:15+01:00,0
2023-02-27T22:30+01:00,0
2023-02-27T22:45+01:00,0
2023-02-27T23:00+01:00,0
2023-02-27T23:15+01:00,0
2023-02-27T23:30+01:00,0
2023-02-27T23:45+01:00,0
2023-02-28T00:00+01:00,0
2023-02-28T00:15+01:00,0
2023-02-28T00:30+01:00,0
2023-02-28T00:45+01:00,0
2023-02-28T01:00+01:00,0
2023-02-28T01:15+01:00,0
2023-02-28T01:30+01:00,0
2023-02-28T01:45+01:00,0
2023-02-28T02:00+01:00,0
2023-02-28T02:15+01:00,0
2023-02-28T02:30+01:00,0
2023-02-28T02:45+01:00,0
2023-02-28T03:00+01:00,0
2023-02-28T03:15+01:00,0
2023-02-28T03:30+01:00,0
2023-02-28T03:45+01:00,0
2023-02-28T04:00+01:00,0
2023-02-28T04:15+01:00,0
2023-02-28T04:30+01:00,0
2023-02-28T04:45+01:00,0
2023-02-28T05:00+01:00,0
2023-02-28T05:15+01:00,0
2023-02-28T05:30+01:00,0
2023-02-28T05:45+01:00,0
2023-02-28T06:00+01:00,0
2023-02-28T06:15+01:00,0
2023-02-28T06:30+01:00,0
2023-02-28T06:45+01:00,0.8
2023-02-28T07:00+01:00,83.9
2023-02-28T07:15+01:00,421.7
2023-02-28T07:30+01:00,1202.9
2023-02-28T07:45+01:00,2439.6
2023-02-28T08:00+01:00,3933
2023-02-28T08:15+01:00,5589.3
2023-02-28T08:30+01:00,7269.5
2023-02-28T08:45+01:00,9020
2023-02-28T09:00+01:00,10858.4
2023-02-28T09:15+01:00,12651.8
2023-02-28T09:30+01:00,14385.5
2023-02-28T09:45+01:00,16079.3
2023-02-28T10:00+01:00,17661.9
2023-02-28T10:15+01:00,19100.3
2023-02-28T10:30+01:00,20439.1
2023-02-28T10:45+01:00,21623.2
2023-02-28T11:00+01:00,22595.5
2023-02-28T11:15+01:00,23394.6
2023-02-28T11:30+01:00,23980.7
2023-02-28T11:45+01:00,24451.9
2023-02-28T12:00+01:00,24837
2023-02-28T12:15+01:00,25033.5
2023-02-28T12:30+01:00,25113
2023-02-28T12:45+01:00,25047
2023-02-28T13:00+01:00,24814.7
2023-02-28T13:15+01:00,24483.5
2023-02-28T13:30+01:00,23962.9
2023-02-28T13:45+01:00,23278.2
2023-02-28T14:00+01:00,22355.9
2023-02-28T14:15+01:00,21269.4
2023-02-28T14:30+01:00,20117.7
2023-02-28T14:45+01:00,18812.1
2023-02-28T15:00+01:00,17316.9
2023-02-28T15:15+01:00,15638.9
2023-02-28T15:30+01:00,13878.8
2023-02-28T15:45+01:00,11896.3
2023-02-28T16:00+01:00,9906.4
2023-02-28T16:15+01:00,7896.6
2023-02-28T16:30+01:00,5904.2
2023-02-28T16:45+01:00,4076.3
2023-02-28T17:00+01:00,2531.6
2023-02-28T17:15+01:00,1375.8
2023-02-28T17:30+01:00,582.7
2023-02-28T17:45+01:00,158
2023-02-28T18:00+01:00,20.7
2023-02-28T18:15+01:00,0
2023-02-28T18:30+01:00,0
2023-02-28T18:45+01:00,0
2023-02-28T19:00+01:00,0
2023-02-28T19:15+01:00,0
2023-02-28T19:30+01:00,0
2023-02-28T19:45+01:00,0
2023-02-28T20:00+01:00,0
2023-02-28T20:15+01:00,0
2023-02-28T20:30+01:00,0
2023-02-28T20:45+01:00,0
2023-02-28T21:00+01:00,0
2023-02-28T21:15+01:00,0
2023-02-28T21:30+01:00,0
2023-02-28T21:45+01:00,0
2023-02-28T22:00+01:00,0
2023-02-28T22:15+01:00,0
2023-02-28T22:30+01:00,0
2023-02-28T22:45+01:00,0
2023-02-28T23:00+01:00,0
2023-02-28T23:15+01:00,0
2023-02-28T23:30+01:00,0
2023-02-28T23:45+01:00,0
2023-03-01T00:00+01:00,0
2023-03-01T00:15+01:00,0
2023-03-01T00:30+01:00,0
2023-03-01T00:45+01:00,0
2023-03-01T01:00+01:00,0
2023-03-01T01:15+01:00,0
2023-03-01T01:30+01:00,0
2023-03-01T01:45+01:00,0
2023-03-01T02:00+01:00,0
2023-03-01T02:15+01:00,0
2023-03-01T02:30+01:00,0
2023-03-01T02:45+01:00,0
2023-03-01T03:00+01:00,0
2023-03-01T03:15+01:00,0
2023-03-01T03:30+01:00,0
2023-03-01T03:45+01:00,0
2023-03-01T04:00+01:00,0
2023-03-01T04:15+01:00,0
2023-03-01T04:30+01:00,0
2023-03-01T04:45+01:00,0
2023-03-01T05:00+01:00,0
2023-03-01T05:15+01:00,0
2023-03-01T05:30+01:00,0
2023-03-01T05:45+01:00,0
2023-03-01T06:00+01:00,0
2023-03-01T06:15+01:00,0
2023-03-01T06:30+01:00,0.4
2023-03-01T06:45+01:00,22.5
2023-03-01T07:00+01:00,164
2023-03-01T07:15+01:00,621.7
2023-03-01T07:30+01:00,1559.3
2023-03-01T07:45+01:00,2895.1
2023-03-01T08:00+01:00,4509.9
2023-03-01T08:15+01:00,6334.5
2023-03-01T08:30+01:00,8334
2023-03-01T08:45+01:00,10368.6
2023-03-01T09:00+01:00,12376.6
2023-03-01T09:15+01:00,14310.6
2023-03-01T09:30+01:00,16226.7
2023-03-01T09:45+01:00,18070.6
2023-03-01T10:00+01:00,19768.3
2023-03-01T10:15+01:00,21290.2
2023-03-01T10:30+01:00,22667.7
2023-03-01T10:45+01:00,23892.5
2023-03-01T11:00+01:00,24973.6
2023-03-01T11:15+01:00,25919.5
2023-03-01T11:30+01:00,26712.8
2023-03-01T11:45+01:00,27350.7
2023-03-01T12:00+01:00,27812.7
2023-03-01T12:15+01:00,28096
2023-03-01T12:30+01:00,28206.6
2023-03-01T12:45+01:00,28123.3
2023-03-01T13:00+01:00,27864.1
2023-03-01T13:15+01:00,27429.5
2023-03-01T13:30+01:00,26822.8
2023-03-01T13:45+01:00,26023.4
2023-03-01T14:00+01:00,25067.7
2023-03-01T14:15+01:00,23938.6
2023-03-01T14:30+01:00,22646.3
2023-03-01T14:45+01:00,21148.6
2023-03-01T15:00+01:00,19442.1
2023-03-01T15:15+01:00,17521.9
2023-03-01T15:30+01:00,15467.8
2023-03-01T15:45+01:00,13318.3
2023-03-01T16:00+01:00,11118.8
2023-03-01T16:15+01:00,8868.1
2023-03-01T16:30+01:00,6672.1
2023-03-01T16:45+01:00,4708.3
2023-03-01T17:00+01:00,3024.9
2023-03-01T17:15+01:00,1703.8
2023-03-01T17:30+01:00,755.2
2023-03-01T17:45+01:00,225.5
2023-03-01T18:00+01:00,29.5
2023-03-01T18:15+01:00,0
2023-03-01T18:30+01:00,0
2023-03-01T18:45+01:00,0
2023-03-01T19:00+01:00,0
2023-03-01T19:15+01:00,0
2023-03-01T19:30+01:00,0
2023-03-01T19:45+01:00,0
2023-03-01T20:00+01:00,0
2023-03-01T20:15+01:00,0
2023-03-01T20:30+01:00,0
2023-03-01T20:45+01:00,0
2023-03-01T21:00+01:00,0
2023-03-01T21:15+01:00,0
2023-03-01T21:30+01:00,0
2023-03-01T21:45+01:00,0
2023-03-01T22:00+01:00,0
2023-03-01T22:15+01:00,0
2023-03-01T22:30+01:00,0
2023-03-01T22:45+01:00,0
2023-03-01T23:00+01:00,0
2023-03-01T23:15+01:00,0
2023-03-01T23:30+01:00,0
2023-03-01T23:45+01:00,0
2023-03-02T00:00+01:00,0
2023-03-02T00:15+01:00,0
2023-03-02T00:30+01:00,0
2023-03-02T00:45+01:00,0
2023-03-02T01:00+01:00,0
2023-03-02T01:15+01:00,0
2023-03-02T01:30+01:00,0
2023-03-02T01:45+01:00,0
2023-03-02T02:00+01:00,0
2023-03-02T02:15+01:00,0
2023-03-02T02:30+01:00,0
2023-03-02T02:45+01:00,0
2023-03-02T03:00+01:00,0
2023-03-02T03:15+01:00,0
2023-03-02T03:30+01:00,0
2023-03-02T03:45+01:00,0
2023-03-02T04:00+01:00,0
2023-03-02T04:15+01:00,0
2023-03-02T04:30+01:00,0
2023-03-02T04:45+01:00,0
2023-03-02T05:00+01:00,0
2023-03-02T05:15+01:00,0
2023-03-02T05:30+01:00,0
2023-03-02T05:45+01:00,0
2023-03-02T06:00+01:00,0
2023-03-02T06:15+01:00,0
2023-03-02T06:30+01:00,1.3
2023-03-02T06:45+01:00,34.7
2023-03-02T07:00+01:00,173.8
2023-03-02T07:15+01:00,612.3
2023-03-02T07:30+01:00,1516.1
2023-03-02T07:45+01:00,2754.3
2023-03-02T08:00+01:00,4239.9
2023-03-02T08:15+01:00,5965.1
2023-03-02T08:30+01:00,7730
2023-03-02T08:45+01:00,9595.8
2023-03-02T09:00+01:00,11449.9
2023-03-02T09:15+01:00,13258.9
2023-03-02T09:30+01:00,14903.8
2023-03-02T09:45+01:00,16540.9
2023-03-02T10:00+01:00,18060.1
2023-03-02T10:15+01:00,19500.8
2023-03-02T10:30+01:00,20857.6
2023-03-02T10:45+01:00,22076.5
2023-03-02T11:00+01:00,23156.7
2023-03-02T11:15+01:00,24095.7
2023-03-02T11:30+01:00,24887.6
2023-03-02T11:45+01:00,25522.6
2023-03-02T12:00+01:00,26066.1
2023-03-02T12:15+01:00,26427.1
2023-03-02T12:30+01:00,26623.2
2023-03-02T12:45+01:00,26666
2023-03-02T13:00+01:00,26537.1
2023-03-02T13:15+01:00,26222
2023-03-02T13:30+01:00,25759.1
2023-03-02T13:45+01:00,25062.2
2023-03-02T14:00+01:00,24176.2
2023-03-02T14:15+01:00,23145.8
2023-03-02T14:30+01:00,21954.5
2023-03-02T14:45+01:00,20489
2023-03-02T15:00+01:00,18881.7
2023-03-02T15:15+01:00,17045.5
2023-03-02T15:30+01:00,15076.4
2023-03-02T15:45+01:00,13003.6
2023-03-02T16:00+01:00,10880.5
2023-03-02T16:15+01:00,8671.1
2023-03-02T16:30+01:00,6543.8
2023-03-02T16:45+01:00,4601.1
2023-03-02T17:00+01:00,2926.6
2023-03-02T17:15+01:00,1667.3
2023-03-02T17:30+01:00,731.6
2023-03-02T17:45+01:00,226.5
2023-03-02T18:00+01:00,37.2
2023-03-02T18:15+01:00,0
2023-03-02T18:30+01:00,0
2023-03-02T18:45+01:00,0
2023-03-02T19:00+01:00,0
2023-03-02T19:15+01:00,0
2023-03-02T19:30+01:00,0
2023-03-02T19:45+01:00,0
2023-03-02T20:00+01:00,0
2023-03-02T20:15+01:00,0
2023-03-02T20:30+01:00,0
2023-03-02T20:45+01:00,0
2023-03-02T21:00+01:00,0
2023-03-02T21:15+01:00,0
2023-03-02T21:30+01:00,0
2023-03-02T21:45+01:00,0
2023-03-02T22:00+01:00,0
2023-03-02T22:15+01:00,0
2023-03-02T22:30+01:00,0
2023-03-02T22:45+01:00,0
2023-03-02T23:00+01:00,0
2023-03-02T23:15+01:00,0
2023-03-02T23:30+01:00,0
2023-03-02T23:45+01:00,0
2023-03-03T00:00+01:00,0
2023-03-03T00:15+01:00,0
2023-03-03T00:30+01:00,0
2023-03-03T00:45+01:00,0
2023-03-03T01:00+01:00,0
2023-03-03T01:15+01:00,0
2023-03-03T01:30+01:00,0
2023-03-03T01:45+01:00,0
2023-03-03T02:00+01:00,0
2023-03-03T02:15+01:00,0
2023-03-03T02:30+01:00,0
2023-03-03T02:45+01:00,0
2023-03-03T03:00+01:00,0
2023-03-03T03:15+01:00,0
2023-03-03T03:30+01:00,0
2023-03-03T03:45+01:00,0
2023-03-03T04:00+01:00,0
2023-03-03T04:15+01:00,0
2023-03-03T04:30+01:00,0
2023-03-03T04:45+01:00,0
2023-03-03T05:00+01:00,0
2023-03-03T05:15+01:00,0
2023-03-03T05:30+01:00,0
2023-03-03T05:45+01:00,0
2023-03-03T06:00+01:00,0
2023-03-03T06:15+01:00,0
2023-03-03T06:30+01:00,0.8
2023-03-03T06:45+01:00,23.2
2023-03-03T07:00+01:00,132.8
2023-03-03T07:15+01:00,492.1
2023-03-03T07:30+01:00,1168.3
2023-03-03T07:45+01:00,2064.4
2023-03-03T08:00+01:00,3173.2
2023-03-03T08:15+01:00,4382.8
2023-03-03T08:30+01:00,5677.7
2023-03-03T08:45+01:00,7039.7
2023-03-03T09:00+01:00,8443.7
2023-03-03T09:15+01:00,9852.8
2023-03-03T09:30+01:00,11269
2023-03-03T09:45+01:00,12697
2023-03-03T10:00+01:00,14147.7
2023-03-03T10:15+01:00,15668.9
2023-03-03T10:30+01:00,17081.9
2023-03-03T10:45+01:00,18371.6
2023-03-03T11:00+01:00,19513.8
2023-03-03T11:15+01:00,20571.2
2023-03-03T11:30+01:00,21503.6
2023-03-03T11:45+01:00,22256.8
2023-03-03T12:00+01:00,22912.5
2023-03-03T12:15+01:00,23418.4
2023-03-03T12:30+01:00,23749.9
2023-03-03T12:45+01:00,23893.9
2023-03-03T13:00+01:00,23857.5
2023-03-03T13:15+01:00,23677.2
2023-03-03T13:30+01:00,23327.2
2023-03-03T13:45+01:00,22809
2023-03-03T14:00+01:00,22096
2023-03-03T14:15+01:00,21263.3
2023-03-03T14:30+01:00,20206.7
2023-03-03T14:45+01:00,18977
2023-03-03T15:00+01:00,17456.1
2023-03-03T15:15+01:00,15778.8
2023-03-03T15:30+01:00,13975.5
2023-03-03T15:45+01:00,12114.9
2023-03-03T16:00+01:00,10190.6
2023-03-03T16:15+01:00,8228.9
2023-03-03T16:30+01:00,6310.4
2023-03-03T16:45+01:00,4529.5
2023-03-03T17:00+01:00,2930.7
2023-03-03T17:15+01:00,1630.1
2023-03-03T17:30+01:00,733.4
2023-03-03T17:45+01:00,235.5
2023-03-03T18:00+01:00,41.2
2023-03-03T18:15+01:00,13
2023-03-03T18:30+01:00,0
2023-03-03T18:45+01:00,0
2023-03-03T19:00+01:00,0
2023-03-03T19:15+01:00,0
2023-03-03T19:30+01:00,0
2023-03-03T19:45+01:00,0
2023-03-03T20:00+01:00,0
2023-03-03T20:15+01:00,0
2023-03-03T20:30+01:00,0
2023-03-03T20:45+01:00,0
2023-03-03T21:00+01:00,0
2023-03-03T21:15+01:00,0
2023-03-03T21:30+01:00,0
2023-03-03T21:45+01:00,0
2023-03-03T22:00+01:00,0
2023-03-03T22:15+01:00,0
2023-03-03T22:30+01:00,0
2023-03-03T22:45+01:00,0
2023-03-03T23:00+01:00,0
2023-03-03T23:15+01:00,0
2023-03-03T23:30+01:00,0
2023-03-03T23:45+01:00,0
2023-03-04T00:00+01:00,0
2023-03-04T00:15+01:00,0
2023-03-04T00:30+01:00,0
2023-03-04T00:45+01:00,0
2023-03-04T01:00+01:00,0
2023-03-04T01:15+01:00,0
2023-03-04T01:30+01:00,0
2023-03-04T01:45+01:00,0
2023-03-04T02:00+01:00,0
2023-03-04T02:15+01:00,0
2023-03-04T02:30+01:00,0
2023-03-04T02:45+01:00,0
2023-03-04T03:00+01:00,0
2023-03-04T03:15+01:00,0
2023-03-04T03:30+01:00,0
2023-03-04T03:45+01:00,0
2023-03-04T04:00+01:00,0
2023-03-04T04:15+01:00,0
2023-03-04T04:30+01:00,0
2023-03-04T04:45+01:00,0
2023-03-04T05:00+01:00,0
2023-03-04T05:15+01:00,0
2023-03-04T05:30+01:00,0
2023-03-04T05:45+01:00,0
2023-03-04T06:00+01:00,0.4
2023-03-04T06:15+01:00,0.8
2023-03-04T06:30+01:00,2.3
2023-03-04T06:45+01:00,28.8
2023-03-04T07:00+01:00,134.3
2023-03-04T07:15+01:00,470.2
2023-03-04T07:30+01:00,1046.4
2023-03-04T07:45+01:00,1853.7
2023-03-04T08:00+01:00,2789.7
2023-03-04T08:15+01:00,3763
2023-03-04T08:30+01:00,4781.8
2023-03-04T08:45+01:00,5788.3
2023-03-04T09:00+01:00,6813
2023-03-04T09:15+01:00,7839
2023-03-04T09:30+01:00,8831.2
2023-03-04T09:45+01:00,9781
2023-03-04T10:00+01:00,10606.5
2023-03-04T10:15+01:00,11534.1
2023-03-04T10:30+01:00,12350.2
2023-03-04T10:45+01:00,13060.2
2023-03-04T11:00+01:00,13703
2023-03-04T11:15+01:00,14232.4
2023-03-04T11:30+01:00,14679.7
2023-03-04T11:45+01:00,15036
2023-03-04T12:00+01:00,15311.3
2023-03-04T12:15+01:00,15519
2023-03-04T12:30+01:00,15605.9
2023-03-04T12:45+01:00,15572
2023-03-04T13:00+01:00,15446.8
2023-03-04T13:15+01:00,15243
2023-03-04T13:30+01:00,14942.2
2023-03-04T13:45+01:00,14524.6
2023-03-04T14:00+01:00,14010.8
2023-03-04T14:15+01:00,13366.1
2023-03-04T14:30+01:00,12530.4
2023-03-04T14:45+01:00,11577.2
2023-03-04T15:00+01:00,10436.4
2023-03-04T15:15+01:00,9376.8
2023-03-04T15:30+01:00,8259.3
2023-03-04T15:45+01:00,7106.7
2023-03-04T16:00+01:00,5957.1
2023-03-04T16:15+01:00,4801.9
2023-03-04T16:30+01:00,3702.7
2023-03-04T16:45+01:00,2681.7
2023-03-04T17:00+01:00,1758
2023-03-04T17:15+01:00,1049.6
2023-03-04T17:30+01:00,522.3
2023-03-04T17:45+01:00,185.7
2023-03-04T18:00+01:00,43.6
2023-03-04T18:15+01:00,20.5
2023-03-04T18:30+01:00,0
2023-03-04T18:45+01:00,0
2023-03-04T19:00+01:00,0
2023-03-04T19:15+01:00,0
2023-03-04T19:30+01:00,0
2023-03-04T19:45+01:00,0
2023-03-04T20:00+01:00,0
2023-03-04T20:15+01:00,0
2023-03-04T20:30+01:00,0
2023-03-04T20:45+01:00,0
2023-03-04T21:00+01:00,0
2023-03-04T21:15+01:00,0
2023-03-04T21:30+01:00,0
2023-03-04T21:45+01:00,0
2023-03-04T22:00+01:00,0
2023-03-04T22:15+01:00,0
2023-03-04T22:30+01:00,0
2023-03-04T22:45+01:00,0
2023-03-04T23:00+01:00,0
2023-03-04T23:15+01:00,0
2023-03-04T23:30+01:00,0
2023-03-04T23:45+01:00,0
2023-03-05T00:00+01:00,0
2023-03-05T00:15+01:00,0
2023-03-05T00:30+01:00,0
2023-03-05T00:45+01:00,0
2023-03-05T01:00+01:00,0
2023-03-05T01:15+01:00,0
2023-03-05T01:30+01:00,0
2023-03-05T01:45+01:00,0
2023-03-05T02:00+01:00,0
2023-03-05T02:15+01:00,0
2023-03-05T02:30+01:00,0
2023-03-05T02:45+01:00,0
2023-03-05T03:00+01:00,0
2023-03-05T03:15+01:00,0
2023-03-05T03:30+01:00,0
2023-03-05T03:45+01:00,0
2023-03-05T04:00+01:00,0
2023-03-05T04:15+01:00,0
2023-03-05T04:30+01:00,0
2023-03-05T04:45+01:00,0
2023-03-05T05:00+01:00,0
2023-03-05T05:15+01:00,0
2023-03-05T05:30+01:00,0
2023-03-05T05:45+01:00,0
2023-03-05T06:00+01:00,0
2023-03-05T06:15+01:00,0
2023-03-05T06:30+01:00,0.1
2023-03-05T06:45+01:00,36.3
2023-03-05T07:00+01:00,148.6
2023-03-05T07:15+01:00,393
2023-03-05T07:30+01:00,787.6
2023-03-05T07:45+01:00,1318.5
2023-03-05T08:00+01:00,1996.9
2023-03-05T08:15+01:00,2767.6
2023-03-05T08:30+01:00,3552.2
2023-03-05T08:45+01:00,4391
2023-03-05T09:00+01:00,5237.7
2023-03-05T09:15+01:00,6067.1
2023-03-05T09:30+01:00,6836.8
2023-03-05T09:45+01:00,7525.1
2023-03-05T10:00+01:00,8217.3
2023-03-05T10:15+01:00,8843.4
2023-03-05T10:30+01:00,9357.7
2023-03-05T10:45+01:00,9736.8
2023-03-05T11:00+01:00,10085.7
2023-03-05T11:15+01:00,10397.7
2023-03-05T11:30+01:00,10609.1
2023-03-05T11:45+01:00,10715.9
2023-03-05T12:00+01:00,10794.1
2023-03-05T12:15+01:00,10792.7
2023-03-05T12:30+01:00,10713.3
2023-03-05T12:45+01:00,10565.3
2023-03-05T13:00+01:00,10444.3
2023-03-05T13:15+01:00,10300.1
2023-03-05T13:30+01:00,10062.8
2023-03-05T13:45+01:00,9715
2023-03-05T14:00+01:00,9315.8
2023-03-05T14:15+01:00,8847
2023-03-05T14:30+01:00,8290.3
2023-03-05T14:45+01:00,7660.7
2023-03-05T15:00+01:00,7029.9
2023-03-05T15:15+01:00,6338.3
2023-03-05T15:30+01:00,5619.6
2023-03-05T15:45+01:00,4906.4
2023-03-05T16:00+01:00,4240.4
2023-03-05T16:15+01:00,3489.9
2023-03-05T16:30+01:00,2737.5
2023-03-05T16:45+01:00,2021
2023-03-05T17:00+01:00,1386.1
2023-03-05T17:15+01:00,828.7
2023-03-05T17:30+01:00,431.9
2023-03-05T17:45+01:00,176.7
2023-03-05T18:00+01:00,53.5
2023-03-05T18:15+01:00,27.9
2023-03-05T18:30+01:00,0
2023-03-05T18:45+01:00,0
2023-03-05T19:00+01:00,0
2023-03-05T19:15+01:00,0
2023-03-05T19:30+01:00,0
2023-03-05T19:45+01:00,0
2023-03-05T20:00+01:00,0
2023-03-05T20:15+01:00,0
2023-03-05T20:30+01:00,0
2023-03-05T20:45+01:00,0
2023-03-05T21:00+01:00,0
2023-03-05T21:15+01:00,0
2023-03-05T21:30+01:00,0
2023-03-05T21:45+01:00,0
2023-03-05T22:00+01:00,0
2023-03-05T22:15+01:00,0
2023-03-05T22:30+01:00,0
2023-03-05T22:45+01:00,0
2023-03-05T23:00+01:00,0
2023-03-05T23:15+01:00,0
2023-03-05T23:30+01:00,0
2023-03-05T23:45+01:00,0
2023-03-06T00:00+01:00,0
2023-03-06T00:15+01:00,0
2023-03-06T00:30+01:00,0
2023-03-06T00:45+01:00,0
2023-03-06T01:00+01:00,0
2023-03-06T01:15+01:00,0
2023-03-06T01:30+01:00,0
2023-03-06T01:45+01:00,0
2023-03-06T02:00+01:00,0
2023-03-06T02:15+01:00,0
2023-03-06T02:30+01:00,0
2023-03-06T02:45+01:00,0
2023-03-06T03:00+01:00,0
2023-03-06T03:15+01:00,0
2023-03-06T03:30+01:00,0
2023-03-06T03:45+01:00,0
2023-03-06T04:00+01:00,0
2023-03-06T04:15+01:00,0
2023-03-06T04:30+01:00,0
2023-03-06T04:45+01:00,0
2023-03-06T05:00+01:00,0
2023-03-06T05:15+01:00,0
2023-03-06T05:30+01:00,0
2023-03-06T05:45+01:00,0
2023-03-06T06:00+01:00,0
2023-03-06T06:15+01:00,0
2023-03-06T06:30+01:00,2.4
2023-03-06T06:45+01:00,66.7
2023-03-06T07:00+01:00,192.2
2023-03-06T07:15+01:00,407.7
2023-03-06T07:30+01:00,735.5
2023-03-06T07:45+01:00,1182
2023-03-06T08:00+01:00,1747.9
2023-03-06T08:15+01:00,2387.7
2023-03-06T08:30+01:00,3053.8
2023-03-06T08:45+01:00,3743.4
2023-03-06T09:00+01:00,4447.8
2023-03-06T09:15+01:00,5157.1
2023-03-06T09:30+01:00,5816.6
2023-03-06T09:45+01:00,6419.7
2023-03-06T10:00+01:00,7006.8
2023-03-06T10:15+01:00,7578.3
2023-03-06T10:30+01:00,8077.1
2023-03-06T10:45+01:00,8503.3
2023-03-06T11:00+01:00,8891.9
2023-03-06T11:15+01:00,9255.4
2023-03-06T11:30+01:00,9527.5
2023-03-06T11:45+01:00,9707.7
2023-03-06T12:00+01:00,9878.6
2023-03-06T12:15+01:00,10059
2023-03-06T12:30+01:00,10107.6
2023-03-06T12:45+01:00,10067.9
2023-03-06T13:00+01:00,10077.2
2023-03-06T13:15+01:00,10048.7
2023-03-06T13:30+01:00,9916.9
2023-03-06T13:45+01:00,9698.3
2023-03-06T14:00+01:00,9445.8
2023-03-06T14:15+01:00,9141.8
2023-03-06T14:30+01:00,8713.3
2023-03-06T14:45+01:00,8112.1
2023-03-06T15:00+01:00,7441.6
2023-03-06T15:15+01:00,6745
2023-03-06T15:30+01:00,6018.7
2023-03-06T15:45+01:00,5276
2023-03-06T16:00+01:00,4539.7
2023-03-06T16:15+01:00,3774.5
2023-03-06T16:30+01:00,2995.2
2023-03-06T16:45+01:00,2247.4
2023-03-06T17:00+01:00,1560.1
2023-03-06T17:15+01:00,977.8
2023-03-06T17:30+01:00,518
2023-03-06T17:45+01:00,226.3
2023-03-06T18:00+01:00,84.9
2023-03-06T18:15+01:00,49.2
2023-03-06T18:30+01:00,0
2023-03-06T18:45+01:00,0
2023-03-06T19:00+01:00,0
2023-03-06T19:15+01:00,0
2023-03-06T19:30+01:00,0
2023-03-06T19:45+01:00,0
2023-03-06T20:00+01:00,0
2023-03-06T20:15+01:00,0
2023-03-06T20:30+01:00,0
2023-03-06T20:45+01:00,0
2023-03-06T21:00+01:00,0
2023-03-06T21:15+01:00,0
2023-03-06T21:30+01:00,0
2023-03-06T21:45+01:00,0
2023-03-06T22:00+01:00,0
2023-03-06T22:15+01:00,0
2023-03-06T22:30+01:00,0
2023-03-06T22:45+01:00,0
2023-03-06T23:00+01:00,0
2023-03-06T23:15+01:00,0
2023-03-06T23:30+01:00,0
2023-03-06T23:45+01:00,0
2023-03-07T00:00+01:00,0
2023-03-07T00:15+01:00,0
2023-03-07T00:30+01:00,0
2023-03-07T00:45+01:00,0
2023-03-07T01:00+01:00,0
2023-03-07T01:15+01:00,0
2023-03-07T01:30+01:00,0
2023-03-07T01:45+01:00,0
2023-03-07T02:00+01:00,0
2023-03-07T02:15+01:00,0
2023-03-07T02:30+01:00,0
2023-03-07T02:45+01:00,0
2023-03-07T03:00+01:00,0
2023-03-07T03:15+01:00,0
2023-03-07T03:30+01:00,0
2023-03-07T03:45+01:00,0
2023-03-07T04:00+01:00,0
2023-03-07T04:15+01:00,0
2023-03-07T04:30+01:00,0
2023-03-07T04:45+01:00,0
2023-03-07T05:00+01:00,0
2023-03-07T05:15+01:00,0
2023-03-07T05:30+01:00,0
2023-03-07T05:45+01:00,0
2023-03-07T06:00+01:00,0.5
2023-03-07T06:15+01:00,0.4
2023-03-07T06:30+01:00,2.5
2023-03-07T06:45+01:00,86.6
2023-03-07T07:00+01:00,248.6
2023-03-07T07:15+01:00,563.8
2023-03-07T07:30+01:00,1061.6
2023-03-07T07:45+01:00,1705.8
2023-03-07T08:00+01:00,2457.5
2023-03-07T08:15+01:00,3308.3
2023-03-07T08:30+01:00,4216.3
2023-03-07T08:45+01:00,5172.6
2023-03-07T09:00+01:00,6151.9
2023-03-07T09:15+01:00,7132.1
2023-03-07T09:30+01:00,8052.6
2023-03-07T09:45+01:00,8899.9
2023-03-07T10:00+01:00,9758.7
2023-03-07T10:15+01:00,10497.4
2023-03-07T10:30+01:00,11113.5
2023-03-07T10:45+01:00,11613.6
2023-03-07T11:00+01:00,12051.4
2023-03-07T11:15+01:00,12419.4
2023-03-07T11:30+01:00,12706.8
2023-03-07T11:45+01:00,12900.1
2023-03-07T12:00+01:00,13025.6
2023-03-07T12:15+01:00,13046.1
2023-03-07T12:30+01:00,13032.5
2023-03-07T12:45+01:00,12975.5
2023-03-07T13:00+01:00,12720.2
2023-03-07T13:15+01:00,12527.3
2023-03-07T13:30+01:00,12212.1
2023-03-07T13:45+01:00,11778
2023-03-07T14:00+01:00,11274.4
2023-03-07T14:15+01:00,10692.5
2023-03-07T14:30+01:00,10044.4
2023-03-07T14:45+01:00,9325.8
2023-03-07T15:00+01:00,8553
2023-03-07T15:15+01:00,7722.5
2023-03-07T15:30+01:00,6840.5
2023-03-07T15:45+01:00,5920.3
2023-03-07T16:00+01:00,4999.8
2023-03-07T16:15+01:00,4115.3
2023-03-07T16:30+01:00,3232.5
2023-03-07T16:45+01:00,2401.6
2023-03-07T17:00+01:00,1660.1
2023-03-07T17:15+01:00,1067.7
2023-03-07T17:30+01:00,590.2
2023-03-07T17:45+01:00,273.3
2023-03-07T18:00+01:00,123.1
2023-03-07T18:15+01:00,89
2023-03-07T18:30+01:00,0
2023-03-07T18:45+01:00,0
2023-03-07T19:00+01:00,0
2023-03-07T19:15+01:00,0
2023-03-07T19:30+01:00,0
2023-03-07T19:45+01:00,0
2023-03-07T20:00+01:00,0
2023-03-07T20:15+01:00,0
2023-03-07T20:30+01:00,0
2023-03-07T20:45+01:00,0
2023-03-07T21:00+01:00,0
2023-03-07T21:15+01:00,0
2023-03-07T21:30+01:00,0
2023-03-07T21:45+01:00,0
2023-03-07T22:00+01:00,0
2023-03-07T22:15+01:00,0
2023-03-07T22:30+01:00,0
2023-03-07T22:45+01:00,0
2023-03-07T23:00+01:00,0
2023-03-07T23:15+01:00,0
2023-03-07T23:30+01:00,0
2023-03-07T23:45+01:00,0
2023-03-08T00:00+01:00,0
2023-03-08T00:15+01:00,0
2023-03-08T00:30+01:00,0
2023-03-08T00:45+01:00,0
2023-03-08T01:00+01:00,0
2023-03-08T01:15+01:00,0
2023-03-08T01:30+01:00,0
2023-03-08T01:45+01:00,0
2023-03-08T02:00+01:00,0
2023-03-08T02:15+01:00,0
2023-03-08T02:30+01:00,0
2023-03-08T02:45+01:00,0
2023-03-08T03:00+01:00,0
2023-03-08T03:15+01:00,0
2023-03-08T03:30+01:00,0
2023-03-08T03:45+01:00,0
2023-03-08T04:00+01:00,0
2023-03-08T04:15+01:00,0
2023-03-08T04:30+01:00,0
2023-03-08T04:45+01:00,0
2023-03-08T05:00+01:00,0
2023-03-08T05:15+01:00,0
2023-03-08T05:30+01:00,0
2023-03-08T05:45+01:00,0
2023-03-08T06:00+01:00,1.1
2023-03-08T06:15+01:00,1.1
2023-03-08T06:30+01:00,6.8
2023-03-08T06:45+01:00,96.9
2023-03-08T07:00+01:00,296.1
2023-03-08T07:15+01:00,596.6
2023-03-08T07:30+01:00,1019.7
2023-03-08T07:45+01:00,1522.7
2023-03-08T08:00+01:00,2122.8
2023-03-08T08:15+01:00,2826
2023-03-08T08:30+01:00,3498.7
2023-03-08T08:45+01:00,4102.1
2023-03-08T09:00+01:00,4633.9
2023-03-08T09:15+01:00,5118.2
2023-03-08T09:30+01:00,5541.6
2023-03-08T09:45+01:00,5882.1
2023-03-08T10:00+01:00,6056.8
2023-03-08T10:15+01:00,6344
2023-03-08T10:30+01:00,6585.7
2023-03-08T10:45+01:00,6785.8
2023-03-08T11:00+01:00,6928
2023-03-08T11:15+01:00,7037.2
2023-03-08T11:30+01:00,7091.6
2023-03-08T11:45+01:00,7107.8
2023-03-08T12:00+01:00,7102.3
2023-03-08T12:15+01:00,7064.4
2023-03-08T12:30+01:00,6969.2
2023-03-08T12:45+01:00,6875.7
2023-03-08T13:00+01:00,6915.9
2023-03-08T13:15+01:00,6842.3
2023-03-08T13:30+01:00,6719.8
2023-03-08T13:45+01:00,6562.1
2023-03-08T14:00+01:00,6389.4
2023-03-08T14:15+01:00,6181.1
2023-03-08T14:30+01:00,5894.8
2023-03-08T14:45+01:00,5530.4
2023-03-08T15:00+01:00,5132.3
2023-03-08T15:15+01:00,4691
2023-03-08T15:30+01:00,4196.7
2023-03-08T15:45+01:00,3670
2023-03-08T16:00+01:00,3204.7
2023-03-08T16:15+01:00,2696.7
2023-03-08T16:30+01:00,2168.3
2023-03-08T16:45+01:00,1654.2
2023-03-08T17:00+01:00,1195
2023-03-08T17:15+01:00,801.2
2023-03-08T17:30+01:00,477.2
2023-03-08T17:45+01:00,245.7
2023-03-08T18:00+01:00,108.8
2023-03-08T18:15+01:00,66.3
2023-03-08T18:30+01:00,0
2023-03-08T18:45+01:00,0
2023-03-08T19:00+01:00,0
2023-03-08T19:15+01:00,0
2023-03-08T19:30+01:00,0
2023-03-08T19:45+01:00,0
2023-03-08T20:00+01:00,0
2023-03-08T20:15+01:00,0
2023-03-08T20:30+01:00,0
2023-03-08T20:45+01:00,0
2023-03-08T21:00+01:00,0
2023-03-08T21:15+01:00,0
2023-03-08T21:30+01:00,0
2023-03-08T21:45+01:00,0
2023-03-08T22:00+01:00,0
2023-03-08T22:15+01:00,0
2023-03-08T22:30+01:00,0
2023-03-08T22:45+01:00,0
2023-03-08T23:00+01:00,0
2023-03-08T23:15+01:00,0
2023-03-08T23:30+01:00,0
2023-03-08T23:45+01:00,0
2023-03-09T00:00+01:00,0
2023-03-09T00:15+01:00,0
2023-03-09T00:30+01:00,0
2023-03-09T00:45+01:00,0
2023-03-09T01:00+01:00,0
2023-03-09T01:15+01:00,0
2023-03-09T01:30+01:00,0
2023-03-09T01:45+01:00,0
2023-03-09T02:00+01:00,0
2023-03-09T02:15+01:00,0
2023-03-09T02:30+01:00,0
2023-03-09T02:45+01:00,0
2023-03-09T03:00+01:00,0
2023-03-09T03:15+01:00,0
2023-03-09T03:30+01:00,0
2023-03-09T03:45+01:00,0
2023-03-09T04:00+01:00,0
2023-03-09T04:15+01:00,0
2023-03-09T04:30+01:00,0
2023-03-09T04:45+01:00,0
2023-03-09T05:00+01:00,0
2023-03-09T05:15+01:00,0
2023-03-09T05:30+01:00,0
2023-03-09T05:45+01:00,0
2023-03-09T06:00+01:00,1.1
2023-03-09T06:15+01:00,2.6
2023-03-09T06:30+01:00,22.1
2023-03-09T06:45+01:00,78.2
2023-03-09T07:00+01:00,250.2
2023-03-09T07:15+01:00,517
2023-03-09T07:30+01:00,900.7
2023-03-09T07:45+01:00,1391
2023-03-09T08:00+01:00,2007.5
2023-03-09T08:15+01:00,2719.8
2023-03-09T08:30+01:00,3422.4
2023-03-09T08:45+01:00,4085.3
2023-03-09T09:00+01:00,4763.6
2023-03-09T09:15+01:00,5423.6
2023-03-09T09:30+01:00,6005
2023-03-09T09:45+01:00,6521.3
2023-03-09T10:00+01:00,7019.6
2023-03-09T10:15+01:00,7510.6
2023-03-09T10:30+01:00,7932.2
2023-03-09T10:45+01:00,8309.3
2023-03-09T11:00+01:00,8675.3
2023-03-09T11:15+01:00,8991.3
2023-03-09T11:30+01:00,9266.7
2023-03-09T11:45+01:00,9504.2
2023-03-09T12:00+01:00,9711.1
2023-03-09T12:15+01:00,9901.6
2023-03-09T12:30+01:00,10055.4
2023-03-09T12:45+01:00,10150.2
2023-03-09T13:00+01:00,10335.1
2023-03-09T13:15+01:00,10378.4
2023-03-09T13:30+01:00,10288.3
2023-03-09T13:45+01:00,10069.9
2023-03-09T14:00+01:00,9817.6
2023-03-09T14:15+01:00,9513.2
2023-03-09T14:30+01:00,9081.1
2023-03-09T14:45+01:00,8501.5
2023-03-09T15:00+01:00,7868.6
2023-03-09T15:15+01:00,7199
2023-03-09T15:30+01:00,6483.9
2023-03-09T15:45+01:00,5743.7
2023-03-09T16:00+01:00,5065.1
2023-03-09T16:15+01:00,4270.9
2023-03-09T16:30+01:00,3426.1
2023-03-09T16:45+01:00,2582.4
2023-03-09T17:00+01:00,1813.7
2023-03-09T17:15+01:00,1172.3
2023-03-09T17:30+01:00,675.1
2023-03-09T17:45+01:00,337.8
2023-03-09T18:00+01:00,146
2023-03-09T18:15+01:00,70.7
2023-03-09T18:30+01:00,2.3
2023-03-09T18:45+01:00,0.8
2023-03-09T19:00+01:00,0
2023-03-09T19:15+01:00,0
2023-03-09T19:30+01:00,0
2023-03-09T19:45+01:00,0
2023-03-09T20:00+01:00,0
2023-03-09T20:15+01:00,0
2023-03-09T20:30+01:00,0
2023-03-09T20:45+01:00,0
2023-03-09T21:00+01:00,0
2023-03-09T21:15+01:00,0
2023-03-09T21:30+01:00,0
2023-03-09T21:45+01:00,0
2023-03-09T22:00+01:00,0
2023-03-09T22:15+01:00,0
2023-03-09T22:30+01:00,0
2023-03-09T22:45+01:00,0
2023-03-09T23:00+01:00,0
2023-03-09T23:15+01:00,0
2023-03-09T23:30+01:00,0
2023-03-09T23:45+01:00,0
2023-03-10T00:00+01:00,0
2023-03-10T00:15+01:00,0
2023-03-10T00:30+01:00,0
2023-03-10T00:45+01:00,0
2023-03-10T01:00+01:00,0
2023-03-10T01:15+01:00,0
2023-03-10T01:30+01:00,0
2023-03-10T01:45+01:00,0
2023-03-10T02:00+01:00,0
2023-03-10T02:15+01:00,0
2023-03-10T02:30+01:00,0
2023-03-10T02:45+01:00,0
2023-03-10T03:00+01:00,0
2023-03-10T03:15+01:00,0
2023-03-10T03:30+01:00,0
2023-03-10T03:45+01:00,0
2023-03-10T04:00+01:00,0
2023-03-10T04:15+01:00,0
2023-03-10T04:30+01:00,0
2023-03-10T04:45+01:00,0
2023-03-10T05:00+01:00,0
2023-03-10T05:15+01:00,0
2023-03-10T05:30+01:00,0
2023-03-10T05:45+01:00,0
2023-03-10T06:00+01:00,1.7
2023-03-10T06:15+01:00,1.5
2023-03-10T06:30+01:00,62.1
2023-03-10T06:45+01:00,132.5
2023-03-10T07:00+01:00,323.8
2023-03-10T07:15+01:00,643.4
2023-03-10T07:30+01:00,1086.4
2023-03-10T07:45+01:00,1660.2
2023-03-10T08:00+01:00,2347.8
2023-03-10T08:15+01:00,3091.8
2023-03-10T08:30+01:00,3876.2
2023-03-10T08:45+01:00,4681.3
2023-03-10T09:00+01:00,5503.1
2023-03-10T09:15+01:00,6323.6
2023-03-10T09:30+01:00,7042.9
2023-03-10T09:45+01:00,7661.3
2023-03-10T10:00+01:00,8273.3
2023-03-10T10:15+01:00,8893.6
2023-03-10T10:30+01:00,9401
2023-03-10T10:45+01:00,9794.1
2023-03-10T11:00+01:00,10188.9
2023-03-10T11:15+01:00,10573.3
2023-03-10T11:30+01:00,10778.1
2023-03-10T11:45+01:00,10759.1
2023-03-10T12:00+01:00,10723.6
2023-03-10T12:15+01:00,10638.7
2023-03-10T12:30+01:00,10422.6
2023-03-10T12:45+01:00,10100.6
2023-03-10T13:00+01:00,9727.5
2023-03-10T13:15+01:00,9410.9
2023-03-10T13:30+01:00,8988.4
2023-03-10T13:45+01:00,8452.9
2023-03-10T14:00+01:00,7908.6
2023-03-10T14:15+01:00,7355.2
2023-03-10T14:30+01:00,6754.5
2023-03-10T14:45+01:00,6116.3
2023-03-10T15:00+01:00,5518.3
2023-03-10T15:15+01:00,4899.2
2023-03-10T15:30+01:00,4271.8
2023-03-10T15:45+01:00,3656.2
2023-03-10T16:00+01:00,2996.7
2023-03-10T16:15+01:00,2457.9
2023-03-10T16:30+01:00,1937.2
2023-03-10T16:45+01:00,1466
2023-03-10T17:00+01:00,1068.5
2023-03-10T17:15+01:00,755.1
2023-03-10T17:30+01:00,488.2
2023-03-10T17:45+01:00,269.3
2023-03-10T18:00+01:00,135.2
2023-03-10T18:15+01:00,81
2023-03-10T18:30+01:00,24.9
2023-03-10T18:45+01:00,1.8
2023-03-10T19:00+01:00,0
2023-03-10T19:15+01:00,0
2023-03-10T19:30+01:00,0
2023-03-10T19:45+01:00,0
2023-03-10T20:00+01:00,0
2023-03-10T20:15+01:00,0
2023-03-10T20:30+01:00,0
2023-03-10T20:45+01:00,0
2023-03-10T21:00+01:00,0
2023-03-10T21:15+01:00,0
2023-03-10T21:30+01:00,0
2023-03-10T21:45+01:00,0
2023-03-10T22:00+01:00,0
2023-03-10T22:15+01:00,0
2023-03-10T22:30+01:00,0
2023-03-10T22:45+01:00,0
2023-03-10T23:00+01:00,0
2023-03-10T23:15+01:00,0
2023-03-10T23:30+01:00,0
2023-03-10T23:45+01:00,0
2023-03-11T00:00+01:00,0
2023-03-11T00:15+01:00,0
2023-03-11T00:30+01:00,0
2023-03-11T00:45+01:00,0
2023-03-11T01:00+01:00,0
2023-03-11T01:15+01:00,0
2023-03-11T01:30+01:00,0
2023-03-11T01:45+01:00,0
2023-03-11T02:00+01:00,0
2023-03-11T02:15+01:00,0
2023-03-11T02:30+01:00,0
2023-03-11T02:45+01:00,0
2023-03-11T03:00+01:00,0
2023-03-11T03:15+01:00,0
2023-03-11T03:30+01:00,0
2023-03-11T03:45+01:00,0
2023-03-11T04:00+01:00,0
2023-03-11T04:15+01:00,0
2023-03-11T04:30+01:00,0
2023-03-11T04:45+01:00,0
2023-03-11T05:00+01:00,0
2023-03-11T05:15+01:00,0
2023-03-11T05:30+01:00,0
2023-03-11T05:45+01:00,0
2023-03-11T06:00+01:00,1.1
2023-03-11T06:15+01:00,0.9
2023-03-11T06:30+01:00,24.8
2023-03-11T06:45+01:00,120.9
2023-03-11T07:00+01:00,444.8
2023-03-11T07:15+01:00,1022.5
2023-03-11T07:30+01:00,1812.5
2023-03-11T07:45+01:00,2781.8
2023-03-11T08:00+01:00,3836.6
2023-03-11T08:15+01:00,4956.7
2023-03-11T08:30+01:00,6151.8
2023-03-11T08:45+01:00,7384.8
2023-03-11T09:00+01:00,8592.8
2023-03-11T09:15+01:00,9788.2
2023-03-11T09:30+01:00,10954.3
2023-03-11T09:45+01:00,11995.9
2023-03-11T10:00+01:00,13049.7
2023-03-11T10:15+01:00,14046.9
2023-03-11T10:30+01:00,14992.4
2023-03-11T10:45+01:00,15823.9
2023-03-11T11:00+01:00,16551.5
2023-03-11T11:15+01:00,17136.2
2023-03-11T11:30+01:00,17605.2
2023-03-11T11:45+01:00,17987.7
2023-03-11T12:00+01:00,18306.3
2023-03-11T12:15+01:00,18530.2
2023-03-11T12:30+01:00,18600.6
2023-03-11T12:45+01:00,18514
2023-03-11T13:00+01:00,18330.4
2023-03-11T13:15+01:00,18270.3
2023-03-11T13:30+01:00,18032.5
2023-03-11T13:45+01:00,17629.5
2023-03-11T14:00+01:00,17111.2
2023-03-11T14:15+01:00,16460.3
2023-03-11T14:30+01:00,15673.7
2023-03-11T14:45+01:00,14748
2023-03-11T15:00+01:00,13729.4
2023-03-11T15:15+01:00,12622
2023-03-11T15:30+01:00,11446.9
2023-03-11T15:45+01:00,10189.2
2023-03-11T16:00+01:00,8852.8
2023-03-11T16:15+01:00,7445
2023-03-11T16:30+01:00,6003.7
2023-03-11T16:45+01:00,4602.5
2023-03-11T17:00+01:00,3328.2
2023-03-11T17:15+01:00,2188.6
2023-03-11T17:30+01:00,1219.3
2023-03-11T17:45+01:00,546.4
2023-03-11T18:00+01:00,175.9
2023-03-11T18:15+01:00,44.4
2023-03-11T18:30+01:00,0
2023-03-11T18:45+01:00,0
2023-03-11T19:00+01:00,0
2023-03-11T19:15+01:00,0
2023-03-11T19:30+01:00,0
2023-03-11T19:45+01:00,0
2023-03-11T20:00+01:00,0
2023-03-11T20:15+01:00,0
2023-03-11T20:30+01:00,0
2023-03-11T20:45+01:00,0
2023-03-11T21:00+01:00,0
2023-03-11T21:15+01:00,0
2023-03-11T21:30+01:00,0
2023-03-11T21:45+01:00,0
2023-03-11T22:00+01:00,0
2023-03-11T22:15+01:00,0
2023-03-11T22:30+01:00,0
2023-03-11T22:45+01:00,0
2023-03-11T23:00+01:00,0
2023-03-11T23:15+01:00,0
2023-03-11T23:30+01:00,0
2023-03-11T23:45+01:00,0
2023-03-12T00:00+01:00,0
2023-03-12T00:15+01:00,0
2023-03-12T00:30+01:00,0
2023-03-12T00:45+01:00,0
2023-03-12T01:00+01:00,0
2023-03-12T01:15+01:00,0
2023-03-12T01:30+01:00,0
2023-03-12T01:45+01:00,0
2023-03-12T02:00+01:00,0
2023-03-12T02:15+01:00,0
2023-03-12T02:30+01:00,0
2023-03-12T02:45+01:00,0
2023-03-12T03:00+01:00,0
2023-03-12T03:15+01:00,0
2023-03-12T03:30+01:00,0
2023-03-12T03:45+01:00,0
2023-03-12T04:00+01:00,0
2023-03-12T04:15+01:00,0
2023-03-12T04:30+01:00,0
2023-03-12T04:45+01:00,0
2023-03-12T05:00+01:00,0
2023-03-12T05:15+01:00,0
2023-03-12T05:30+01:00,0
2023-03-12T05:45+01:00,0
2023-03-12T06:00+01:00,4.2
2023-03-12T06:15+01:00,9.3
2023-03-12T06:30+01:00,55.1
2023-03-12T06:45+01:00,191.5
2023-03-12T07:00+01:00,487.8
2023-03-12T07:15+01:00,904
2023-03-12T07:30+01:00,1433
2023-03-12T07:45+01:00,2082.3
2023-03-12T08:00+01:00,2822.5
2023-03-12T08:15+01:00,3609
2023-03-12T08:30+01:00,4392.7
2023-03-12T08:45+01:00,5129.4
2023-03-12T09:00+01:00,5848
2023-03-12T09:15+01:00,6537.6
2023-03-12T09:30+01:00,7165.3
2023-03-12T09:45+01:00,7707
2023-03-12T10:00+01:00,8091.2
2023-03-12T10:15+01:00,8533.4
2023-03-12T10:30+01:00,8900.3
2023-03-12T10:45+01:00,9193.6
2023-03-12T11:00+01:00,9454.5
2023-03-12T11:15+01:00,9685
2023-03-12T11:30+01:00,9817.1
2023-03-12T11:45+01:00,9824.9
2023-03-12T12:00+01:00,9752.3
2023-03-12T12:15+01:00,9607.5
2023-03-12T12:30+01:00,9383.8
2023-03-12T12:45+01:00,9095.1
2023-03-12T13:00+01:00,8864.3
2023-03-12T13:15+01:00,8689
2023-03-12T13:30+01:00,8454.6
2023-03-12T13:45+01:00,8097.4
2023-03-12T14:00+01:00,7749.1
2023-03-12T14:15+01:00,7430.8
2023-03-12T14:30+01:00,6996.4
2023-03-12T14:45+01:00,6562.7
2023-03-12T15:00+01:00,6106.7
2023-03-12T15:15+01:00,5617.6
2023-03-12T15:30+01:00,5088
2023-03-12T15:45+01:00,4514.7
2023-03-12T16:00+01:00,4068
2023-03-12T16:15+01:00,3467.6
2023-03-12T16:30+01:00,2850.8
2023-03-12T16:45+01:00,2239.6
2023-03-12T17:00+01:00,1669.2
2023-03-12T17:15+01:00,1168.2
2023-03-12T17:30+01:00,734.3
2023-03-12T17:45+01:00,405.5
2023-03-12T18:00+01:00,211
2023-03-12T18:15+01:00,114.5
2023-03-12T18:30+01:00,86.1
2023-03-12T18:45+01:00,2.8
2023-03-12T19:00+01:00,0
2023-03-12T19:15+01:00,0
2023-03-12T19:30+01:00,0
2023-03-12T19:45+01:00,0
2023-03-12T20:00+01:00,0
2023-03-12T20:15+01:00,0
2023-03-12T20:30+01:00,0
2023-03-12T20:45+01:00,0
2023-03-12T21:00+01:00,0
2023-03-12T21:15+01:00,0
2023-03-12T21:30+01:00,0
2023-03-12T21:45+01:00,0
2023-03-12T22:00+01:00,0
2023-03-12T22:15+01:00,0
2023-03-12T22:30+01:00,0
2023-03-12T22:45+01:00,0
2023-03-12T23:00+01:00,0
2023-03-12T23:15+01:00,0
2023-03-12T23:30+01:00,0
2023-03-12T23:45+01:00,0
2023-03-13T00:00+01:00,0
2023-03-13T00:15+01:00,0
2023-03-13T00:30+01:00,0
2023-03-13T00:45+01:00,0
2023-03-13T01:00+01:00,0
2023-03-13T01:15+01:00,0
2023-03-13T01:30+01:00,0
2023-03-13T01:45+01:00,0
2023-03-13T02:00+01:00,0
2023-03-13T02:15+01:00,0
2023-03-13T02:30+01:00,0
2023-03-13T02:45+01:00,0
2023-03-13T03:00+01:00,0
2023-03-13T03:15+01:00,0
2023-03-13T03:30+01:00,0
2023-03-13T03:45+01:00,0
2023-03-13T04:00+01:00,0
2023-03-13T04:15+01:00,0
2023-03-13T04:30+01:00,0
2023-03-13T04:45+01:00,0
2023-03-13T05:00+01:00,0
2023-03-13T05:15+01:00,0
2023-03-13T05:30+01:00,0
2023-03-13T05:45+01:00,0
2023-03-13T06:00+01:00,3
2023-03-13T06:15+01:00,9.8
2023-03-13T06:30+01:00,76.1
2023-03-13T06:45+01:00,167.8
2023-03-13T07:00+01:00,309.4
2023-03-13T07:15+01:00,535.7
2023-03-13T07:30+01:00,817.4
2023-03-13T07:45+01:00,1162.3
2023-03-13T08:00+01:00,1597.1
2023-03-13T08:15+01:00,2097.1
2023-03-13T08:30+01:00,2689.7
2023-03-13T08:45+01:00,3362.7
2023-03-13T09:00+01:00,4082.6
2023-03-13T09:15+01:00,4868.8
2023-03-13T09:30+01:00,5681.7
2023-03-13T09:45+01:00,6488.4
2023-03-13T10:00+01:00,7309.9
2023-03-13T10:15+01:00,8239.4
2023-03-13T10:30+01:00,9126
2023-03-13T10:45+01:00,9957.3
2023-03-13T11:00+01:00,10778.4
2023-03-13T11:15+01:00,11542
2023-03-13T11:30+01:00,12242.1
2023-03-13T11:45+01:00,12840.6
2023-03-13T12:00+01:00,13438.9
2023-03-13T12:15+01:00,14001.4
2023-03-13T12:30+01:00,14486.3
2023-03-13T12:45+01:00,14874.1
2023-03-13T13:00+01:00,15235.3
2023-03-13T13:15+01:00,15584.8
2023-03-13T13:30+01:00,15761.9
2023-03-13T13:45+01:00,15739.4
2023-03-13T14:00+01:00,15591.9
2023-03-13T14:15+01:00,15307.7
2023-03-13T14:30+01:00,14822.7
2023-03-13T14:45+01:00,14089.1
2023-03-13T15:00+01:00,13194.4
2023-03-13T15:15+01:00,12159.7
2023-03-13T15:30+01:00,10990
2023-03-13T15:45+01:00,9703.7
2023-03-13T16:00+01:00,8358.4
2023-03-13T16:15+01:00,6976.4
2023-03-13T16:30+01:00,5589.3
2023-03-13T16:45+01:00,4269.4
2023-03-13T17:00+01:00,3077.1
2023-03-13T17:15+01:00,2044.6
2023-03-13T17:30+01:00,1186.6
2023-03-13T17:45+01:00,573.7
2023-03-13T18:00+01:00,237.8
2023-03-13T18:15+01:00,104.6
2023-03-13T18:30+01:00,72.2
2023-03-13T18:45+01:00,3.5
2023-03-13T19:00+01:00,0
2023-03-13T19:15+01:00,0
2023-03-13T19:30+01:00,0
2023-03-13T19:45+01:00,0
2023-03-13T20:00+01:00,0
2023-03-13T20:15+01:00,0
2023-03-13T20:30+01:00,0
2023-03-13T20:45+01:00,0
2023-03-13T21:00+01:00,0
2023-03-13T21:15+01:00,0
2023-03-13T21:30+01:00,0
2023-03-13T21:45+01:00,0
2023-03-13T22:00+01:00,0
2023-03-13T22:15+01:00,0
2023-03-13T22:30+01:00,0
2023-03-13T22:45+01:00,0
2023-03-13T23:00+01:00,0
2023-03-13T23:15+01:00,0
2023-03-13T23:30+01:00,0
2023-03-13T23:45+01:00,0
2023-03-14T00:00+01:00,0
2023-03-14T00:15+01:00,0
2023-03-14T00:30+01:00,0
2023-03-14T00:45+01:00,0
2023-03-14T01:00+01:00,0
2023-03-14T01:15+01:00,0
2023-03-14T01:30+01:00,0
2023-03-14T01:45+01:00,0
2023-03-14T02:00+01:00,0
2023-03-14T02:15+01:00,0
2023-03-14T02:30+01:00,0
2023-03-14T02:45+01:00,0
2023-03-14T03:00+01:00,0
2023-03-14T03:15+01:00,0
2023-03-14T03:30+01:00,0
2023-03-14T03:45+01:00,0
2023-03-14T04:00+01:00,0
2023-03-14T04:15+01:00,0
2023-03-14T04:30+01:00,0
2023-03-14T04:45+01:00,0
2023-03-14T05:00+01:00,0
2023-03-14T05:15+01:00,0
2023-03-14T05:30+01:00,0
2023-03-14T05:45+01:00,0
2023-03-14T06:00+01:00,5.7
2023-03-14T06:15+01:00,13.1
2023-03-14T06:30+01:00,94.4
2023-03-14T06:45+01:00,255
2023-03-14T07:00+01:00,576.9
2023-03-14T07:15+01:00,1060.5
2023-03-14T07:30+01:00,1699.7
2023-03-14T07:45+01:00,2496.8
2023-03-14T08:00+01:00,3367.4
2023-03-14T08:15+01:00,4323
2023-03-14T08:30+01:00,5279.6
2023-03-14T08:45+01:00,6170.5
2023-03-14T09:00+01:00,7030.2
2023-03-14T09:15+01:00,7864.6
2023-03-14T09:30+01:00,8661.5
2023-03-14T09:45+01:00,9318.4
2023-03-14T10:00+01:00,9764.6
2023-03-14T10:15+01:00,10265.6
2023-03-14T10:30+01:00,10633.8
2023-03-14T10:45+01:00,10871.8
2023-03-14T11:00+01:00,11076.7
2023-03-14T11:15+01:00,11255.5
2023-03-14T11:30+01:00,11236.6
2023-03-14T11:45+01:00,11183.4
2023-03-14T12:00+01:00,11151.3
2023-03-14T12:15+01:00,11087.7
2023-03-14T12:30+01:00,10899
2023-03-14T12:45+01:00,10624.9
2023-03-14T13:00+01:00,10373.3
2023-03-14T13:15+01:00,10297.5
2023-03-14T13:30+01:00,10093.4
2023-03-14T13:45+01:00,9758.7
2023-03-14T14:00+01:00,9431.3
2023-03-14T14:15+01:00,9080.8
2023-03-14T14:30+01:00,8472.2
2023-03-14T14:45+01:00,7893.9
2023-03-14T15:00+01:00,7356.4
2023-03-14T15:15+01:00,6764.9
2023-03-14T15:30+01:00,6128.3
2023-03-14T15:45+01:00,5427.9
2023-03-14T16:00+01:00,4835
2023-03-14T16:15+01:00,4155.2
2023-03-14T16:30+01:00,3421.5
2023-03-14T16:45+01:00,2698.1
2023-03-14T17:00+01:00,2034
2023-03-14T17:15+01:00,1446.5
2023-03-14T17:30+01:00,943.3
2023-03-14T17:45+01:00,545.2
2023-03-14T18:00+01:00,264.3
2023-03-14T18:15+01:00,102.7
2023-03-14T18:30+01:00,61.5
2023-03-14T18:45+01:00,2.9
2023-03-14T19:00+01:00,0
2023-03-14T19:15+01:00,0
2023-03-14T19:30+01:00,0
2023-03-14T19:45+01:00,0
2023-03-14T20:00+01:00,0
2023-03-14T20:15+01:00,0
2023-03-14T20:30+01:00,0
2023-03-14T20:45+01:00,0
2023-03-14T21:00+01:00,0
2023-03-14T21:15+01:00,0
2023-03-14T21:30+01:00,0
2023-03-14T21:45+01:00,0
2023-03-14T22:00+01:00,0
2023-03-14T22:15+01:00,0
2023-03-14T22:30+01:00,0
2023-03-14T22:45+01:00,0
2023-03-14T23:00+01:00,0
2023-03-14T23:15+01:00,0
2023-03-14T23:30+01:00,0
2023-03-14T23:45+01:00,0
2023-03-15T00:00+01:00,0
2023-03-15T00:15+01:00,0
2023-03-15T00:30+01:00,0
2023-03-15T00:45+01:00,0
2023-03-15T01:00+01:00,0
2023-03-15T01:15+01:00,0
2023-03-15T01:30+01:00,0
2023-03-15T01:45+01:00,0
2023-03-15T02:00+01:00,0
2023-03-15T02:15+01:00,0
2023-03-15T02:30+01:00,0
2023-03-15T02:45+01:00,0
2023-03-15T03:00+01:00,0
2023-03-15T03:15+01:00,0
2023-03-15T03:30+01:00,0
2023-03-15T03:45+01:00,0
2023-03-15T04:00+01:00,0
2023-03-15T04:15+01:00,0
2023-03-15T04:30+01:00,0
2023-03-15T04:45+01:00,0
2023-03-15T05:00+01:00,0
2023-03-15T05:15+01:00,0
2023-03-15T05:30+01:00,0
2023-03-15T05:45+01:00,0
2023-03-15T06:00+01:00,10.1
2023-03-15T06:15+01:00,30.9
2023-03-15T06:30+01:00,152.4
2023-03-15T06:45+01:00,476
2023-03-15T07:00+01:00,1064.6
2023-03-15T07:15+01:00,1998.4
2023-03-15T07:30+01:00,3234.4
2023-03-15T07:45+01:00,4571.3
2023-03-15T08:00+01:00,5984.1
2023-03-15T08:15+01:00,7513.4
2023-03-15T08:30+01:00,8938.6
2023-03-15T08:45+01:00,10438
2023-03-15T09:00+01:00,11884.9
2023-03-15T09:15+01:00,13224.4
2023-03-15T09:30+01:00,14478.2
2023-03-15T09:45+01:00,15639.3
2023-03-15T10:00+01:00,16589.6
2023-03-15T10:15+01:00,17428.6
2023-03-15T10:30+01:00,18123
2023-03-15T10:45+01:00,18673.8
2023-03-15T11:00+01:00,19111.5
2023-03-15T11:15+01:00,19455.3
2023-03-15T11:30+01:00,19506.6
2023-03-15T11:45+01:00,19625.2
2023-03-15T12:00+01:00,19754.2
2023-03-15T12:15+01:00,19760.2
2023-03-15T12:30+01:00,19705
2023-03-15T12:45+01:00,19566.1
2023-03-15T13:00+01:00,19301.7
2023-03-15T13:15+01:00,19019.1
2023-03-15T13:30+01:00,18632.9
2023-03-15T13:45+01:00,18130.2
2023-03-15T14:00+01:00,17579.8
2023-03-15T14:15+01:00,16958.8
2023-03-15T14:30+01:00,16216.7
2023-03-15T14:45+01:00,15419.3
2023-03-15T15:00+01:00,14529
2023-03-15T15:15+01:00,13487.2
2023-03-15T15:30+01:00,12360.4
2023-03-15T15:45+01:00,11133.4
2023-03-15T16:00+01:00,9941.8
2023-03-15T16:15+01:00,8523.7
2023-03-15T16:30+01:00,7007.3
2023-03-15T16:45+01:00,5520.7
2023-03-15T17:00+01:00,4094.3
2023-03-15T17:15+01:00,2775.4
2023-03-15T17:30+01:00,1617.2
2023-03-15T17:45+01:00,787.6
2023-03-15T18:00+01:00,312.9
2023-03-15T18:15+01:00,67.5
2023-03-15T18:30+01:00,19.4
2023-03-15T18:45+01:00,2
2023-03-15T19:00+01:00,0
2023-03-15T19:15+01:00,0
2023-03-15T19:30+01:00,0
2023-03-15T19:45+01:00,0
2023-03-15T20:00+01:00,0
2023-03-15T20:15+01:00,0
2023-03-15T20:30+01:00,0
2023-03-15T20:45+01:00,0
2023-03-15T21:00+01:00,0
2023-03-15T21:15+01:00,0
2023-03-15T21:30+01:00,0
2023-03-15T21:45+01:00,0
2023-03-15T22:00+01:00,0
2023-03-15T22:15+01:00,0
2023-03-15T22:30+01:00,0
2023-03-15T22:45+01:00,0
2023-03-15T23:00+01:00,0
2023-03-15T23:15+01:00,0
2023-03-15T23:30+01:00,0
2023-03-15T23:45+01:00,0
2023-03-16T00:00+01:00,0
2023-03-16T00:15+01:00,0
2023-03-16T00:30+01:00,0
2023-03-16T00:45+01:00,0
2023-03-16T01:00+01:00,0
2023-03-16T01:15+01:00,0
2023-03-16T01:30+01:00,0
2023-03-16T01:45+01:00,0
2023-03-16T02:00+01:00,0
2023-03-16T02:15+01:00,0
2023-03-16T02:30+01:00,0
2023-03-16T02:45+01:00,0
2023-03-16T03:00+01:00,0
2023-03-16T03:15+01:00,0
2023-03-16T03:30+01:00,0
2023-03-16T03:45+01:00,0
2023-03-16T04:00+01:00,0
2023-03-16T04:15+01:00,0
2023-03-16T04:30+01:00,0
2023-03-16T04:45+01:00,0
2023-03-16T05:00+01:00,0
2023-03-16T05:15+01:00,0
2023-03-16T05:30+01:00,0
2023-03-16T05:45+01:00,0
2023-03-16T06:00+01:00,10.9
2023-03-16T06:15+01:00,50.8
2023-03-16T06:30+01:00,189.2
2023-03-16T06:45+01:00,558.8
2023-03-16T07:00+01:00,1205.7
2023-03-16T07:15+01:00,2144
2023-03-16T07:30+01:00,3397.9
2023-03-16T07:45+01:00,4868.3
2023-03-16T08:00+01:00,6414.3
2023-03-16T08:15+01:00,7980.9
2023-03-16T08:30+01:00,9590.4
2023-03-16T08:45+01:00,11173.7
2023-03-16T09:00+01:00,12721.3
2023-03-16T09:15+01:00,14285.1
2023-03-16T09:30+01:00,15745.2
2023-03-16T09:45+01:00,17035.4
2023-03-16T10:00+01:00,18169.3
2023-03-16T10:15+01:00,19323.6
2023-03-16T10:30+01:00,20329.7
2023-03-16T10:45+01:00,21213.9
2023-03-16T11:00+01:00,21964
2023-03-16T11:15+01:00,22571.7
2023-03-16T11:30+01:00,23087.8
2023-03-16T11:45+01:00,23420.3
2023-03-16T12:00+01:00,23665.4
2023-03-16T12:15+01:00,23760.9
2023-03-16T12:30+01:00,23714.4
2023-03-16T12:45+01:00,23573.4
2023-03-16T13:00+01:00,23361.7
2023-03-16T13:15+01:00,23133.9
2023-03-16T13:30+01:00,22724.3
2023-03-16T13:45+01:00,22126.2
2023-03-16T14:00+01:00,21371.8
2023-03-16T14:15+01:00,20480.7
2023-03-16T14:30+01:00,19459.1
2023-03-16T14:45+01:00,18245.6
2023-03-16T15:00+01:00,16931.5
2023-03-16T15:15+01:00,15454.5
2023-03-16T15:30+01:00,13897.4
2023-03-16T15:45+01:00,12272
2023-03-16T16:00+01:00,10631.9
2023-03-16T16:15+01:00,8889.3
2023-03-16T16:30+01:00,7137.1
2023-03-16T16:45+01:00,5477.6
2023-03-16T17:00+01:00,4013.6
2023-03-16T17:15+01:00,2702.8
2023-03-16T17:30+01:00,1597.5
2023-03-16T17:45+01:00,817.7
2023-03-16T18:00+01:00,338.5
2023-03-16T18:15+01:00,100.8
2023-03-16T18:30+01:00,39.6
2023-03-16T18:45+01:00,2.3
2023-03-16T19:00+01:00,0
2023-03-16T19:15+01:00,0
2023-03-16T19:30+01:00,0
2023-03-16T19:45+01:00,0
2023-03-16T20:00+01:00,0
2023-03-16T20:15+01:00,0
2023-03-16T20:30+01:00,0
2023-03-16T20:45+01:00,0
2023-03-16T21:00+01:00,0
2023-03-16T21:15+01:00,0
2023-03-16T21:30+01:00,0
2023-03-16T21:45+01:00,0
2023-03-16T22:00+01:00,0
2023-03-16T22:15+01:00,0
2023-03-16T22:30+01:00,0
2023-03-16T22:45+01:00,0
2023-03-16T23:00+01:00,0
2023-03-16T23:15+01:00,0
2023-03-16T23:30+01:00,0
2023-03-16T23:45+01:00,0
2023-03-17T00:00+01:00,0
2023-03-17T00:15+01:00,0
2023-03-17T00:30+01:00,0
2023-03-17T00:45+01:00,0
2023-03-17T01:00+01:00,0
2023-03-17T01:15+01:00,0
2023-03-17T01:30+01:00,0
2023-03-17T01:45+01:00,0
2023-03-17T02:00+01:00,0
2023-03-17T02:15+01:00,0
2023-03-17T02:30+01:00,0
2023-03-17T02:45+01:00,0
2023-03-17T03:00+01:00,0
2023-03-17T03:15+01:00,0
2023-03-17T03:30+01:00,0
2023-03-17T03:45+01:00,0
2023-03-17T04:00+01:00,0
2023-03-17T04:15+01:00,0
2023-03-17T04:30+01:00,0
2023-03-17T04:45+01:00,0
2023-03-17T05:00+01:00,0
2023-03-17T05:15+01:00,0
2023-03-17T05:30+01:00,0
2023-03-17T05:45+01:00,0
2023-03-17T06:00+01:00,8.2
2023-03-17T06:15+01:00,34.9
2023-03-17T06:30+01:00,178.6
2023-03-17T06:45+01:00,548.9
2023-03-17T07:00+01:00,1282.9
2023-03-17T07:15+01:00,2351.7
2023-03-17T07:30+01:00,3693.2
2023-03-17T07:45+01:00,5145.1
2023-03-17T08:00+01:00,6706.8
2023-03-17T08:15+01:00,8380
2023-03-17T08:30+01:00,10126.9
2023-03-17T08:45+01:00,11885.5
2023-03-17T09:00+01:00,13607.1
2023-03-17T09:15+01:00,15380.1
2023-03-17T09:30+01:00,17094
2023-03-17T09:45+01:00,18681.2
2023-03-17T10:00+01:00,20114.2
2023-03-17T10:15+01:00,21362.7
2023-03-17T10:30+01:00,22408
2023-03-17T10:45+01:00,23271.1
2023-03-17T11:00+01:00,23971.8
2023-03-17T11:15+01:00,24533.1
2023-03-17T11:30+01:00,24947.2
2023-03-17T11:45+01:00,25156.9
2023-03-17T12:00+01:00,25193.5
2023-03-17T12:15+01:00,25076.6
2023-03-17T12:30+01:00,24833.5
2023-03-17T12:45+01:00,24441
2023-03-17T13:00+01:00,23917.7
2023-03-17T13:15+01:00,23327.4
2023-03-17T13:30+01:00,22615.5
2023-03-17T13:45+01:00,21767.2
2023-03-17T14:00+01:00,20795
2023-03-17T14:15+01:00,19718
2023-03-17T14:30+01:00,18542.1
2023-03-17T14:45+01:00,17231.7
2023-03-17T15:00+01:00,15791.4
2023-03-17T15:15+01:00,14246.7
2023-03-17T15:30+01:00,12681.9
2023-03-17T15:45+01:00,11076.2
2023-03-17T16:00+01:00,9310.1
2023-03-17T16:15+01:00,7724.9
2023-03-17T16:30+01:00,6192
2023-03-17T16:45+01:00,4774.5
2023-03-17T17:00+01:00,3505.3
2023-03-17T17:15+01:00,2366.2
2023-03-17T17:30+01:00,1416.6
2023-03-17T17:45+01:00,729
2023-03-17T18:00+01:00,308.6
2023-03-17T18:15+01:00,99.4
2023-03-17T18:30+01:00,41.4
2023-03-17T18:45+01:00,4.9
2023-03-17T19:00+01:00,0
2023-03-17T19:15+01:00,0
2023-03-17T19:30+01:00,0
2023-03-17T19:45+01:00,0
2023-03-17T20:00+01:00,0
2023-03-17T20:15+01:00,0
2023-03-17T20:30+01:00,0
2023-03-17T20:45+01:00,0
2023-03-17T21:00+01:00,0
2023-03-17T21:15+01:00,0
2023-03-17T21:30+01:00,0
2023-03-17T21:45+01:00,0
2023-03-17T22:00+01:00,0
2023-03-17T22:15+01:00,0
2023-03-17T22:30+01:00,0
2023-03-17T22:45+01:00,0
2023-03-17T23:00+01:00,0
2023-03-17T23:15+01:00,0
2023-03-17T23:30+01:00,0
2023-03-17T23:45+01:00,0
2023-03-18T00:00+01:00,0
2023-03-18T00:15+01:00,0
2023-03-18T00:30+01:00,0
2023-03-18T00:45+01:00,0
2023-03-18T01:00+01:00,0
2023-03-18T01:15+01:00,0
2023-03-18T01:30+01:00,0
2023-03-18T01:45+01:00,0
2023-03-18T02:00+01:00,0
2023-03-18T02:15+01:00,0
2023-03-18T02:30+01:00,0
2023-03-18T02:45+01:00,0
2023-03-18T03:00+01:00,0
2023-03-18T03:15+01:00,0
2023-03-18T03:30+01:00,0
2023-03-18T03:45+01:00,0
2023-03-18T04:00+01:00,0
2023-03-18T04:15+01:00,0
2023-03-18T04:30+01:00,0
2023-03-18T04:45+01:00,0
2023-03-18T05:00+01:00,0
2023-03-18T05:15+01:00,0
2023-03-18T05:30+01:00,0
2023-03-18T05:45+01:00,0
2023-03-18T06:00+01:00,15.7
2023-03-18T06:15+01:00,82.8
2023-03-18T06:30+01:00,240.7
2023-03-18T06:45+01:00,625.2
2023-03-18T07:00+01:00,1358.1
2023-03-18T07:15+01:00,2402.1
2023-03-18T07:30+01:00,3689.3
2023-03-18T07:45+01:00,5125.8
2023-03-18T08:00+01:00,6717.8
2023-03-18T08:15+01:00,8458.8
2023-03-18T08:30+01:00,10261.3
2023-03-18T08:45+01:00,12056.8
2023-03-18T09:00+01:00,13753.9
2023-03-18T09:15+01:00,15326.1
2023-03-18T09:30+01:00,16806.3
2023-03-18T09:45+01:00,18164.7
2023-03-18T10:00+01:00,19387
2023-03-18T10:15+01:00,20718.3
2023-03-18T10:30+01:00,21923.3
2023-03-18T10:45+01:00,22948.3
2023-03-18T11:00+01:00,23818.8
2023-03-18T11:15+01:00,24559.7
2023-03-18T11:30+01:00,25120.4
2023-03-18T11:45+01:00,25497.8
2023-03-18T12:00+01:00,25744.9
2023-03-18T12:15+01:00,25851.9
2023-03-18T12:30+01:00,25857.3
2023-03-18T12:45+01:00,25703
2023-03-18T13:00+01:00,25359.5
2023-03-18T13:15+01:00,25000.9
2023-03-18T13:30+01:00,24482.1
2023-03-18T13:45+01:00,23802.7
2023-03-18T14:00+01:00,23018.5
2023-03-18T14:15+01:00,22129.3
2023-03-18T14:30+01:00,21107.8
2023-03-18T14:45+01:00,19928.4
2023-03-18T15:00+01:00,18621.3
2023-03-18T15:15+01:00,17207.3
2023-03-18T15:30+01:00,15656
2023-03-18T15:45+01:00,13946.6
2023-03-18T16:00+01:00,12091.8
2023-03-18T16:15+01:00,10180
2023-03-18T16:30+01:00,8264.5
2023-03-18T16:45+01:00,6418
2023-03-18T17:00+01:00,4728.8
2023-03-18T17:15+01:00,3200
2023-03-18T17:30+01:00,1899.5
2023-03-18T17:45+01:00,971.4
2023-03-18T18:00+01:00,418.5
2023-03-18T18:15+01:00,132.2
2023-03-18T18:30+01:00,44.6
2023-03-18T18:45+01:00,5
2023-03-18T19:00+01:00,0
2023-03-18T19:15+01:00,0
2023-03-18T19:30+01:00,0
2023-03-18T19:45+01:00,0
2023-03-18T20:00+01:00,0
2023-03-18T20:15+01:00,0
2023-03-18T20:30+01:00,0
2023-03-18T20:45+01:00,0
2023-03-18T21:00+01:00,0
2023-03-18T21:15+01:00,0
2023-03-18T21:30+01:00,0
2023-03-18T21:45+01:00,0
2023-03-18T22:00+01:00,0
2023-03-18T22:15+01:00,0
2023-03-18T22:30+01:00,0
2023-03-18T22:45+01:00,0
2023-03-18T23:00+01:00,0
2023-03-18T23:15+01:00,0
2023-03-18T23:30+01:00,0
2023-03-18T23:45+01:00,0
2023-03-19T00:00+01:00,0
2023-03-19T00:15+01:00,0
2023-03-19T00:30+01:00,0
2023-03-19T00:45+01:00,0
2023-03-19T01:00+01:00,0
2023-03-19T01:15+01:00,0
2023-03-19T01:30+01:00,0
2023-03-19T01:45+01:00,0
2023-03-19T02:00+01:00,0
2023-03-19T02:15+01:00,0
2023-03-19T02:30+01:00,0
2023-03-19T02:45+01:00,0
2023-03-19T03:00+01:00,0
2023-03-19T03:15+01:00,0
2023-03-19T03:30+01:00,0
2023-03-19T03:45+01:00,0
2023-03-19T04:00+01:00,0
2023-03-19T04:15+01:00,0
2023-03-19T04:30+01:00,0
2023-03-19T04:45+01:00,0
2023-03-19T05:00+01:00,0
2023-03-19T05:15+01:00,0
2023-03-19T05:30+01:00,0
2023-03-19T05:45+01:00,0
2023-03-19T06:00+01:00,13.8
2023-03-19T06:15+01:00,59.2
2023-03-19T06:30+01:00,178
2023-03-19T06:45+01:00,460.3
2023-03-19T07:00+01:00,897.2
2023-03-19T07:15+01:00,1547.3
2023-03-19T07:30+01:00,2391.4
2023-03-19T07:45+01:00,3326.6
2023-03-19T08:00+01:00,4326.2
2023-03-19T08:15+01:00,5399.3
2023-03-19T08:30+01:00,6500.5
2023-03-19T08:45+01:00,7569.1
2023-03-19T09:00+01:00,8613.3
2023-03-19T09:15+01:00,9655.8
2023-03-19T09:30+01:00,10625.6
2023-03-19T09:45+01:00,11475.8
2023-03-19T10:00+01:00,12159
2023-03-19T10:15+01:00,12890.8
2023-03-19T10:30+01:00,13499.8
2023-03-19T10:45+01:00,13979.4
2023-03-19T11:00+01:00,14390.2
2023-03-19T11:15+01:00,14738.1
2023-03-19T11:30+01:00,14950.7
2023-03-19T11:45+01:00,15044.4
2023-03-19T12:00+01:00,15072.5
2023-03-19T12:15+01:00,15004.2
2023-03-19T12:30+01:00,14802
2023-03-19T12:45+01:00,14487.3
2023-03-19T13:00+01:00,14093
2023-03-19T13:15+01:00,13988.6
2023-03-19T13:30+01:00,13715.5
2023-03-19T13:45+01:00,13282
2023-03-19T14:00+01:00,12816.5
2023-03-19T14:15+01:00,12303.7
2023-03-19T14:30+01:00,11697.1
2023-03-19T14:45+01:00,10994.9
2023-03-19T15:00+01:00,10250.7
2023-03-19T15:15+01:00,9465
2023-03-19T15:30+01:00,8610.8
2023-03-19T15:45+01:00,7694.8
2023-03-19T16:00+01:00,6794.9
2023-03-19T16:15+01:00,5805.6
2023-03-19T16:30+01:00,4791.2
2023-03-19T16:45+01:00,3780.8
2023-03-19T17:00+01:00,2853.9
2023-03-19T17:15+01:00,2029.1
2023-03-19T17:30+01:00,1287.2
2023-03-19T17:45+01:00,704.4
2023-03-19T18:00+01:00,345.9
2023-03-19T18:15+01:00,146.8
2023-03-19T18:30+01:00,60.3
2023-03-19T18:45+01:00,6.7
2023-03-19T19:00+01:00,0
2023-03-19T19:15+01:00,0
2023-03-19T19:30+01:00,0
2023-03-19T19:45+01:00,0
2023-03-19T20:00+01:00,0
2023-03-19T20:15+01:00,0
2023-03-19T20:30+01:00,0
2023-03-19T20:45+01:00,0
2023-03-19T21:00+01:00,0
2023-03-19T21:15+01:00,0
2023-03-19T21:30+01:00,0
2023-03-19T21:45+01:00,0
2023-03-19T22:00+01:00,0
2023-03-19T22:15+01:00,0
2023-03-19T22:30+01:00,0
2023-03-19T22:45+01:00,0
2023-03-19T23:00+01:00,0
2023-03-19T23:15+01:00,0
2023-03-19T23:30+01:00,0
2023-03-19T23:45+01:00,0
2023-03-20T00:00+01:00,0
2023-03-20T00:15+01:00,0
2023-03-20T00:30+01:00,0
2023-03-20T00:45+01:00,0
2023-03-20T01:00+01:00,0
2023-03-20T01:15+01:00,0
2023-03-20T01:30+01:00,0
2023-03-20T01:45+01:00,0
2023-03-20T02:00+01:00,0
2023-03-20T02:15+01:00,0
2023-03-20T02:30+01:00,0
2023-03-20T02:45+01:00,0
2023-03-20T03:00+01:00,0
2023-03-20T03:15+01:00,0
2023-03-20T03:30+01:00,0
2023-03-20T03:45+01:00,0
2023-03-20T04:00+01:00,0
2023-03-20T04:15+01:00,0
2023-03-20T04:30+01:00,0
2023-03-20T04:45+01:00,0
2023-03-20T05:00+01:00,0
2023-03-20T05:15+01:00,0
2023-03-20T05:30+01:00,0
2023-03-20T05:45+01:00,0
2023-03-20T06:00+01:00,9.3
2023-03-20T06:15+01:00,46.9
2023-03-20T06:30+01:00,161.1
2023-03-20T06:45+01:00,395.1
2023-03-20T07:00+01:00,769.2
2023-03-20T07:15+01:00,1302.5
2023-03-20T07:30+01:00,2015.2
2023-03-20T07:45+01:00,2817.4
2023-03-20T08:00+01:00,3629.5
2023-03-20T08:15+01:00,4482.5
2023-03-20T08:30+01:00,5331.8
2023-03-20T08:45+01:00,6172.8
2023-03-20T09:00+01:00,7004.6
2023-03-20T09:15+01:00,7819.7
2023-03-20T09:30+01:00,8576.1
2023-03-20T09:45+01:00,9257.3
2023-03-20T10:00+01:00,9867.8
2023-03-20T10:15+01:00,10606.4
2023-03-20T10:30+01:00,11262
2023-03-20T10:45+01:00,11854.3
2023-03-20T11:00+01:00,12414.1
2023-03-20T11:15+01:00,12908.5
2023-03-20T11:30+01:00,13312.4
2023-03-20T11:45+01:00,13630.8
2023-03-20T12:00+01:00,13921.2
2023-03-20T12:15+01:00,14162
2023-03-20T12:30+01:00,14312.5
2023-03-20T12:45+01:00,14366.9
2023-03-20T13:00+01:00,14384.6
2023-03-20T13:15+01:00,14319
2023-03-20T13:30+01:00,14152.7
2023-03-20T13:45+01:00,13836.6
2023-03-20T14:00+01:00,13424.4
2023-03-20T14:15+01:00,12932.2
2023-03-20T14:30+01:00,12295.2
2023-03-20T14:45+01:00,11522.2
2023-03-20T15:00+01:00,10672.4
2023-03-20T15:15+01:00,9760.4
2023-03-20T15:30+01:00,8759.6
2023-03-20T15:45+01:00,7685.8
2023-03-20T16:00+01:00,6610.2
2023-03-20T16:15+01:00,5569.4
2023-03-20T16:30+01:00,4537.3
2023-03-20T16:45+01:00,3565.5
2023-03-20T17:00+01:00,2692.9
2023-03-20T17:15+01:00,1910.8
2023-03-20T17:30+01:00,1243
2023-03-20T17:45+01:00,724
2023-03-20T18:00+01:00,355.1
2023-03-20T18:15+01:00,178
2023-03-20T18:30+01:00,114.7
2023-03-20T18:45+01:00,52
2023-03-20T19:00+01:00,0
2023-03-20T19:15+01:00,0
2023-03-20T19:30+01:00,0
2023-03-20T19:45+01:00,0
2023-03-20T20:00+01:00,0
2023-03-20T20:15+01:00,0
2023-03-20T20:30+01:00,0
2023-03-20T20:45+01:00,0
2023-03-20T21:00+01:00,0
2023-03-20T21:15+01:00,0
2023-03-20T21:30+01:00,0
2023-03-20T21:45+01:00,0
2023-03-20T22:00+01:00,0
2023-03-20T22:15+01:00,0
2023-03-20T22:30+01:00,0
2023-03-20T22:45+01:00,0
2023-03-20T23:00+01:00,0
2023-03-20T23:15+01:00,0
2023-03-20T23:30+01:00,0
2023-03-20T23:45+01:00,0
2023-03-21T00:00+01:00,0
2023-03-21T00:15+01:00,0
2023-03-21T00:30+01:00,0
2023-03-21T00:45+01:00,0
2023-03-21T01:00+01:00,0
2023-03-21T01:15+01:00,0
2023-03-21T01:30+01:00,0
2023-03-21T01:45+01:00,0
2023-03-21T02:00+01:00,0
2023-03-21T02:15+01:00,0
2023-03-21T02:30+01:00,0
2023-03-21T02:45+01:00,0
2023-03-21T03:00+01:00,0
2023-03-21T03:15+01:00,0
2023-03-21T03:30+01:00,0
2023-03-21T03:45+01:00,0
2023-03-21T04:00+01:00,0
2023-03-21T04:15+01:00,0
2023-03-21T04:30+01:00,0
2023-03-21T04:45+01:00,0
2023-03-21T05:00+01:00,0
2023-03-21T05:15+01:00,0
2023-03-21T05:30+01:00,0
2023-03-21T05:45+01:00,0
2023-03-21T06:00+01:00,11.8
2023-03-21T06:15+01:00,53.9
2023-03-21T06:30+01:00,156.6
2023-03-21T06:45+01:00,367.7
2023-03-21T07:00+01:00,739.3
2023-03-21T07:15+01:00,1319.6
2023-03-21T07:30+01:00,2035.8
2023-03-21T07:45+01:00,2833.8
2023-03-21T08:00+01:00,3732.4
2023-03-21T08:15+01:00,4758.2
2023-03-21T08:30+01:00,5846
2023-03-21T08:45+01:00,6958.7
2023-03-21T09:00+01:00,8017.4
2023-03-21T09:15+01:00,9075.5
2023-03-21T09:30+01:00,10071.4
2023-03-21T09:45+01:00,10995.7
2023-03-21T10:00+01:00,11832.1
2023-03-21T10:15+01:00,12650.8
2023-03-21T10:30+01:00,13373.9
2023-03-21T10:45+01:00,13988.6
2023-03-21T11:00+01:00,14507.7
2023-03-21T11:15+01:00,14954.1
2023-03-21T11:30+01:00,15295.7
2023-03-21T11:45+01:00,15522.8
2023-03-21T12:00+01:00,15663.7
2023-03-21T12:15+01:00,15687.4
2023-03-21T12:30+01:00,15559.2
2023-03-21T12:45+01:00,15285.9
2023-03-21T13:00+01:00,14958
2023-03-21T13:15+01:00,14642.6
2023-03-21T13:30+01:00,14191.7
2023-03-21T13:45+01:00,13621.7
2023-03-21T14:00+01:00,12991.5
2023-03-21T14:15+01:00,12283
2023-03-21T14:30+01:00,11488.9
2023-03-21T14:45+01:00,10609.4
2023-03-21T15:00+01:00,9701.3
2023-03-21T15:15+01:00,8774.5
2023-03-21T15:30+01:00,7803
2023-03-21T15:45+01:00,6773.8
2023-03-21T16:00+01:00,5755.7
2023-03-21T16:15+01:00,4834.2
2023-03-21T16:30+01:00,3928
2023-03-21T16:45+01:00,3083.6
2023-03-21T17:00+01:00,2315.3
2023-03-21T17:15+01:00,1668.6
2023-03-21T17:30+01:00,1118.8
2023-03-21T17:45+01:00,682.7
2023-03-21T18:00+01:00,364.6
2023-03-21T18:15+01:00,173.6
2023-03-21T18:30+01:00,76
2023-03-21T18:45+01:00,53.2
2023-03-21T19:00+01:00,0
2023-03-21T19:15+01:00,0
2023-03-21T19:30+01:00,0
2023-03-21T19:45+01:00,0
2023-03-21T20:00+01:00,0
2023-03-21T20:15+01:00,0
2023-03-21T20:30+01:00,0
2023-03-21T20:45+01:00,0
2023-03-21T21:00+01:00,0
2023-03-21T21:15+01:00,0
2023-03-21T21:30+01:00,0
2023-03-21T21:45+01:00,0
2023-03-21T22:00+01:00,0
2023-03-21T22:15+01:00,0
2023-03-21T22:30+01:00,0
2023-03-21T22:45+01:00,0
2023-03-21T23:00+01:00,0
2023-03-21T23:15+01:00,0
2023-03-21T23:30+01:00,0
2023-03-21T23:45+01:00,0
2023-03-22T00:00+01:00,0
2023-03-22T00:15+01:00,0
2023-03-22T00:30+01:00,0
2023-03-22T00:45+01:00,0
2023-03-22T01:00+01:00,0
2023-03-22T01:15+01:00,0
2023-03-22T01:30+01:00,0
2023-03-22T01:45+01:00,0
2023-03-22T02:00+01:00,0
2023-03-22T02:15+01:00,0
2023-03-22T02:30+01:00,0
2023-03-22T02:45+01:00,0
2023-03-22T03:00+01:00,0
2023-03-22T03:15+01:00,0
2023-03-22T03:30+01:00,0
2023-03-22T03:45+01:00,0
2023-03-22T04:00+01:00,0
2023-03-22T04:15+01:00,0
2023-03-22T04:30+01:00,0
2023-03-22T04:45+01:00,0
2023-03-22T05:00+01:00,0
2023-03-22T05:15+01:00,0
2023-03-22T05:30+01:00,0
2023-03-22T05:45+01:00,0
2023-03-22T06:00+01:00,31.1
2023-03-22T06:15+01:00,157.7
2023-03-22T06:30+01:00,424.7
2023-03-22T06:45+01:00,950.3
2023-03-22T07:00+01:00,1865.8
2023-03-22T07:15+01:00,3078
2023-03-22T07:30+01:00,4501.2
2023-03-22T07:45+01:00,6070.1
2023-03-22T08:00+01:00,7777.6
2023-03-22T08:15+01:00,9609.4
2023-03-22T08:30+01:00,11486.6
2023-03-22T08:45+01:00,13259.4
2023-03-22T09:00+01:00,14865.9
2023-03-22T09:15+01:00,16330.7
2023-03-22T09:30+01:00,17612.7
2023-03-22T09:45+01:00,18722.5
2023-03-22T10:00+01:00,19630.8
2023-03-22T10:15+01:00,20517.5
2023-03-22T10:30+01:00,21274.4
2023-03-22T10:45+01:00,21879.6
2023-03-22T11:00+01:00,22322.2
2023-03-22T11:15+01:00,22635
2023-03-22T11:30+01:00,22810.1
2023-03-22T11:45+01:00,22832.7
2023-03-22T12:00+01:00,22735
2023-03-22T12:15+01:00,22517.6
2023-03-22T12:30+01:00,22195.1
2023-03-22T12:45+01:00,21733.9
2023-03-22T13:00+01:00,21039.8
2023-03-22T13:15+01:00,20520
2023-03-22T13:30+01:00,19874
2023-03-22T13:45+01:00,19108.3
2023-03-22T14:00+01:00,18295.8
2023-03-22T14:15+01:00,17405.7
2023-03-22T14:30+01:00,16426
2023-03-22T14:45+01:00,15362.8
2023-03-22T15:00+01:00,14230.1
2023-03-22T15:15+01:00,13014.5
2023-03-22T15:30+01:00,11739.5
2023-03-22T15:45+01:00,10401
2023-03-22T16:00+01:00,8949.1
2023-03-22T16:15+01:00,7426.9
2023-03-22T16:30+01:00,5905.9
2023-03-22T16:45+01:00,4507.8
2023-03-22T17:00+01:00,3324.5
2023-03-22T17:15+01:00,2345.8
2023-03-22T17:30+01:00,1538.5
2023-03-22T17:45+01:00,914.3
2023-03-22T18:00+01:00,469.3
2023-03-22T18:15+01:00,225.6
2023-03-22T18:30+01:00,133.3
2023-03-22T18:45+01:00,106.2
2023-03-22T19:00+01:00,0
2023-03-22T19:15+01:00,0
2023-03-22T19:30+01:00,0
2023-03-22T19:45+01:00,0
2023-03-22T20:00+01:00,0
2023-03-22T20:15+01:00,0
2023-03-22T20:30+01:00,0
2023-03-22T20:45+01:00,0
2023-03-22T21:00+01:00,0
2023-03-22T21:15+01:00,0
2023-03-22T21:30+01:00,0
2023-03-22T21:45+01:00,0
2023-03-22T22:00+01:00,0
2023-03-22T22:15+01:00,0
2023-03-22T22:30+01:00,0
2023-03-22T22:45+01:00,0
2023-03-22T23:00+01:00,0
2023-03-22T23:15+01:00,0
2023-03-22T23:30+01:00,0
2023-03-22T23:45+01:00,0
2023-03-23T00:00+01:00,0
2023-03-23T00:15+01:00,0
2023-03-23T00:30+01:00,0
2023-03-23T00:45+01:00,0
2023-03-23T01:00+01:00,0
2023-03-23T01:15+01:00,0
2023-03-23T01:30+01:00,0
2023-03-23T01:45+01:00,0
2023-03-23T02:00+01:00,0
2023-03-23T02:15+01:00,0
2023-03-23T02:30+01:00,0
2023-03-23T02:45+01:00,0
2023-03-23T03:00+01:00,0
2023-03-23T03:15+01:00,0
2023-03-23T03:30+01:00,0
2023-03-23T03:45+01:00,0
2023-03-23T04:00+01:00,0
2023-03-23T04:15+01:00,0
2023-03-23T04:30+01:00,0
2023-03-23T04:45+01:00,0
2023-03-23T05:00+01:00,0
2023-03-23T05:15+01:00,0
2023-03-23T05:30+01:00,0
2023-03-23T05:45+01:00,0
2023-03-23T06:00+01:00,49.6
2023-03-23T06:15+01:00,136.9
2023-03-23T06:30+01:00,264.9
2023-03-23T06:45+01:00,484.5
2023-03-23T07:00+01:00,797
2023-03-23T07:15+01:00,1277.6
2023-03-23T07:30+01:00,1865.1
2023-03-23T07:45+01:00,2522.6
2023-03-23T08:00+01:00,3271.5
2023-03-23T08:15+01:00,4128.4
2023-03-23T08:30+01:00,5050.4
2023-03-23T08:45+01:00,6024.8
2023-03-23T09:00+01:00,7064.6
2023-03-23T09:15+01:00,8109.8
2023-03-23T09:30+01:00,9119.7
2023-03-23T09:45+01:00,10066.8
2023-03-23T10:00+01:00,11002.2
2023-03-23T10:15+01:00,11885.4
2023-03-23T10:30+01:00,12684.1
2023-03-23T10:45+01:00,13402.8
2023-03-23T11:00+01:00,14062.4
2023-03-23T11:15+01:00,14635.5
2023-03-23T11:30+01:00,15029.6
2023-03-23T11:45+01:00,15253.5
2023-03-23T12:00+01:00,15420.6
2023-03-23T12:15+01:00,15490
2023-03-23T12:30+01:00,15408.5
2023-03-23T12:45+01:00,15216.1
2023-03-23T13:00+01:00,15031.4
2023-03-23T13:15+01:00,14865.9
2023-03-23T13:30+01:00,14570.8
2023-03-23T13:45+01:00,14152.2
2023-03-23T14:00+01:00,13699.6
2023-03-23T14:15+01:00,13210.5
2023-03-23T14:30+01:00,12620.3
2023-03-23T14:45+01:00,11914.1
2023-03-23T15:00+01:00,11147.9
2023-03-23T15:15+01:00,10315.6
2023-03-23T15:30+01:00,9414.9
2023-03-23T15:45+01:00,8473.2
2023-03-23T16:00+01:00,7630.9
2023-03-23T16:15+01:00,6636.3
2023-03-23T16:30+01:00,5603.5
2023-03-23T16:45+01:00,4553.7
2023-03-23T17:00+01:00,3524.6
2023-03-23T17:15+01:00,2569.8
2023-03-23T17:30+01:00,1709.8
2023-03-23T17:45+01:00,1000.4
2023-03-23T18:00+01:00,494.6
2023-03-23T18:15+01:00,209.4
2023-03-23T18:30+01:00,94.4
2023-03-23T18:45+01:00,58.9
2023-03-23T19:00+01:00,0
2023-03-23T19:15+01:00,0
2023-03-23T19:30+01:00,0
2023-03-23T19:45+01:00,0
2023-03-23T20:00+01:00,0
2023-03-23T20:15+01:00,0
2023-03-23T20:30+01:00,0
2023-03-23T20:45+01:00,0
2023-03-23T21:00+01:00,0
2023-03-23T21:15+01:00,0
2023-03-23T21:30+01:00,0
2023-03-23T21:45+01:00,0
2023-03-23T22:00+01:00,0
2023-03-23T22:15+01:00,0
2023-03-23T22:30+01:00,0
2023-03-23T22:45+01:00,0
2023-03-23T23:00+01:00,0
2023-03-23T23:15+01:00,0
2023-03-23T23:30+01:00,0
2023-03-23T23:45+01:00,0
2023-03-24T00:00+01:00,0
2023-03-24T00:15+01:00,0
2023-03-24T00:30+01:00,0
2023-03-24T00:45+01:00,0
2023-03-24T01:00+01:00,0
2023-03-24T01:15+01:00,0
2023-03-24T01:30+01:00,0
2023-03-24T01:45+01:00,0
2023-03-24T02:00+01:00,0
2023-03-24T02:15+01:00,0
2023-03-24T02:30+01:00,0
2023-03-24T02:45+01:00,0
2023-03-24T03:00+01:00,0
2023-03-24T03:15+01:00,0
2023-03-24T03:30+01:00,0
2023-03-24T03:45+01:00,0
2023-03-24T04:00+01:00,0
2023-03-24T04:15+01:00,0
2023-03-24T04:30+01:00,0
2023-03-24T04:45+01:00,0
2023-03-24T05:00+01:00,0
2023-03-24T05:15+01:00,0
2023-03-24T05:30+01:00,0
2023-03-24T05:45+01:00,0
2023-03-24T06:00+01:00,53.5
2023-03-24T06:15+01:00,121.9
2023-03-24T06:30+01:00,243.5
2023-03-24T06:45+01:00,432.4
2023-03-24T07:00+01:00,709.1
2023-03-24T07:15+01:00,1128.1
2023-03-24T07:30+01:00,1638.8
2023-03-24T07:45+01:00,2214.5
2023-03-24T08:00+01:00,2862
2023-03-24T08:15+01:00,3596
2023-03-24T08:30+01:00,4400.9
2023-03-24T08:45+01:00,5248.1
2023-03-24T09:00+01:00,6088.9
2023-03-24T09:15+01:00,6937.2
2023-03-24T09:30+01:00,7771.5
2023-03-24T09:45+01:00,8581.1
2023-03-24T10:00+01:00,9520.4
2023-03-24T10:15+01:00,10394.6
2023-03-24T10:30+01:00,11146.4
2023-03-24T10:45+01:00,11783.6
2023-03-24T11:00+01:00,12432.3
2023-03-24T11:15+01:00,13066.4
2023-03-24T11:30+01:00,13620.7
2023-03-24T11:45+01:00,14095.6
2023-03-24T12:00+01:00,14606
2023-03-24T12:15+01:00,15076.1
2023-03-24T12:30+01:00,15451.5
2023-03-24T12:45+01:00,15728.6
2023-03-24T13:00+01:00,15767.2
2023-03-24T13:15+01:00,15963.5
2023-03-24T13:30+01:00,16046.4
2023-03-24T13:45+01:00,16021.3
2023-03-24T14:00+01:00,15960.4
2023-03-24T14:15+01:00,15807.4
2023-03-24T14:30+01:00,15483.1
2023-03-24T14:45+01:00,14989.6
2023-03-24T15:00+01:00,14366.7
2023-03-24T15:15+01:00,13632.5
2023-03-24T15:30+01:00,12763.8
2023-03-24T15:45+01:00,11737.2
2023-03-24T16:00+01:00,10481.8
2023-03-24T16:15+01:00,9165.2
2023-03-24T16:30+01:00,7727.2
2023-03-24T16:45+01:00,6266.1
2023-03-24T17:00+01:00,4857.6
2023-03-24T17:15+01:00,3546.1
2023-03-24T17:30+01:00,2336.6
2023-03-24T17:45+01:00,1329.1
2023-03-24T18:00+01:00,653.4
2023-03-24T18:15+01:00,270.9
2023-03-24T18:30+01:00,83.2
2023-03-24T18:45+01:00,34.3
2023-03-24T19:00+01:00,0
2023-03-24T19:15+01:00,0
2023-03-24T19:30+01:00,0
2023-03-24T19:45+01:00,0
2023-03-24T20:00+01:00,0
2023-03-24T20:15+01:00,0
2023-03-24T20:30+01:00,0
2023-03-24T20:45+01:00,0
2023-03-24T21:00+01:00,0
2023-03-24T21:15+01:00,0
2023-03-24T21:30+01:00,0
2023-03-24T21:45+01:00,0
2023-03-24T22:00+01:00,0
2023-03-24T22:15+01:00,0
2023-03-24T22:30+01:00,0
2023-03-24T22:45+01:00,0
2023-03-24T23:00+01:00,0
2023-03-24T23:15+01:00,0
2023-03-24T23:30+01:00,0
2023-03-24T23:45+01:00,0
2023-03-25T00:00+01:00,0
2023-03-25T00:15+01:00,0
2023-03-25T00:30+01:00,0
2023-03-25T00:45+01:00,0
2023-03-25T01:00+01:00,0
2023-03-25T01:15+01:00,0
2023-03-25T01:30+01:00,0
2023-03-25T01:45+01:00,0
2023-03-25T02:00+01:00,0
2023-03-25T02:15+01:00,0
2023-03-25T02:30+01:00,0
2023-03-25T02:45+01:00,0
2023-03-25T03:00+01:00,0
2023-03-25T03:15+01:00,0
2023-03-25T03:30+01:00,0
2023-03-25T03:45+01:00,0
2023-03-25T04:00+01:00,0
2023-03-25T04:15+01:00,0
2023-03-25T04:30+01:00,0
2023-03-25T04:45+01:00,0
2023-03-25T05:00+01:00,0
2023-03-25T05:15+01:00,0
2023-03-25T05:30+01:00,0
2023-03-25T05:45+01:00,0
2023-03-25T06:00+01:00,36.6
2023-03-25T06:15+01:00,155.2
2023-03-25T06:30+01:00,405
2023-03-25T06:45+01:00,835.3
2023-03-25T07:00+01:00,1487.7
2023-03-25T07:15+01:00,2446.8
2023-03-25T07:30+01:00,3598.6
2023-03-25T07:45+01:00,4832.4
2023-03-25T08:00+01:00,6149.7
2023-03-25T08:15+01:00,7567.4
2023-03-25T08:30+01:00,8965.8
2023-03-25T08:45+01:00,10311.8
2023-03-25T09:00+01:00,11640.7
2023-03-25T09:15+01:00,12856.6
2023-03-25T09:30+01:00,13950.3
2023-03-25T09:45+01:00,14978
2023-03-25T10:00+01:00,15945.6
2023-03-25T10:15+01:00,16966.3
2023-03-25T10:30+01:00,17790.7
2023-03-25T10:45+01:00,18424.7
2023-03-25T11:00+01:00,18965.3
2023-03-25T11:15+01:00,19391
2023-03-25T11:30+01:00,19686.8
2023-03-25T11:45+01:00,19896.9
2023-03-25T12:00+01:00,20088.5
2023-03-25T12:15+01:00,20224.9
2023-03-25T12:30+01:00,20173.9
2023-03-25T12:45+01:00,19922.7
2023-03-25T13:00+01:00,19705.8
2023-03-25T13:15+01:00,19478.6
2023-03-25T13:30+01:00,19093.8
2023-03-25T13:45+01:00,18556.1
2023-03-25T14:00+01:00,17959
2023-03-25T14:15+01:00,17307.8
2023-03-25T14:30+01:00,16554.7
2023-03-25T14:45+01:00,15695.5
2023-03-25T15:00+01:00,14811.9
2023-03-25T15:15+01:00,13867.5
2023-03-25T15:30+01:00,12790.6
2023-03-25T15:45+01:00,11568.6
2023-03-25T16:00+01:00,10402.6
2023-03-25T16:15+01:00,8988.5
2023-03-25T16:30+01:00,7496.2
2023-03-25T16:45+01:00,5994
2023-03-25T17:00+01:00,4617.7
2023-03-25T17:15+01:00,3336.6
2023-03-25T17:30+01:00,2190
2023-03-25T17:45+01:00,1262
2023-03-25T18:00+01:00,627.9
2023-03-25T18:15+01:00,281
2023-03-25T18:30+01:00,97.5
2023-03-25T18:45+01:00,47.8
2023-03-25T19:00+01:00,0
2023-03-25T19:15+01:00,0
2023-03-25T19:30+01:00,0
2023-03-25T19:45+01:00,0
2023-03-25T20:00+01:00,0
2023-03-25T20:15+01:00,0
2023-03-25T20:30+01:00,0
2023-03-25T20:45+01:00,0
2023-03-25T21:00+01:00,0
2023-03-25T21:15+01:00,0
2023-03-25T21:30+01:00,0
2023-03-25T21:45+01:00,0
2023-03-25T22:00+01:00,0
2023-03-25T22:15+01:00,0
2023-03-25T22:30+01:00,0
2023-03-25T22:45+01:00,0
2023-03-25T23:00+01:00,0
2023-03-25T23:15+01:00,0
2023-03-25T23:30+01:00,0
2023-03-25T23:45+01:00,0
2023-03-26T00:00+01:00,0
2023-03-26T00:15+01:00,0
2023-03-26T00:30+01:00,0
2023-03-26T00:45+01:00,0
2023-03-26T01:00+01:00,0
2023-03-26T01:15+01:00,0
2023-03-26T01:30+01:00,0
2023-03-26T01:45+01:00,0
2023-03-26T03:00+02:00,0
2023-03-26T03:15+02:00,0
2023-03-26T03:30+02:00,0
2023-03-26T03:45+02:00,0
2023-03-26T04:00+02:00,0
2023-03-26T04:15+02:00,0
2023-03-26T04:30+02:00,0
2023-03-26T04:45+02:00,0
2023-03-26T05:00+02:00,0
2023-03-26T05:15+02:00,0
2023-03-26T05:30+02:00,0
2023-03-26T05:45+02:00,0
2023-03-26T06:00+02:00,0
2023-03-26T06:15+02:00,0
2023-03-26T06:30+02:00,0
2023-03-26T06:45+02:00,0
2023-03-26T07:00+02:00,30.6
2023-03-26T07:15+02:00,142.6
2023-03-26T07:30+02:00,362.6
2023-03-26T07:45+02:00,718
2023-03-26T08:00+02:00,1221.5
2023-03-26T08:15+02:00,1909
2023-03-26T08:30+02:00,2686.3
2023-03-26T08:45+02:00,3477
2023-03-26T09:00+02:00,4309.1
2023-03-26T09:15+02:00,5169.2
2023-03-26T09:30+02:00,6020.6
2023-03-26T09:45+02:00,6816.4
2023-03-26T10:00+02:00,7564.3
2023-03-26T10:15+02:00,8273.1
2023-03-26T10:30+02:00,8947.5
2023-03-26T10:45+02:00,9593
2023-03-26T11:00+02:00,10011.7
2023-03-26T11:15+02:00,10658
2023-03-26T11:30+02:00,11237.1
2023-03-26T11:45+02:00,11726.3
2023-03-26T12:00+02:00,12190.1
2023-03-26T12:15+02:00,12596.3
2023-03-26T12:30+02:00,12927.7
2023-03-26T12:45+02:00,13206.1
2023-03-26T13:00+02:00,13492.7
2023-03-26T13:15+02:00,13741.9
2023-03-26T13:30+02:00,13870.3
2023-03-26T13:45+02:00,13866.5
2023-03-26T14:00+02:00,13879
2023-03-26T14:15+02:00,13850.4
2023-03-26T14:30+02:00,13665
2023-03-26T14:45+02:00,13318.9
2023-03-26T15:00+02:00,12934.3
2023-03-26T15:15+02:00,12501.8
2023-03-26T15:30+02:00,11939.9
2023-03-26T15:45+02:00,11267.3
2023-03-26T16:00+02:00,10552
2023-03-26T16:15+02:00,9791.7
2023-03-26T16:30+02:00,8942.8
2023-03-26T16:45+02:00,8004.7
2023-03-26T17:00+02:00,7053.8
2023-03-26T17:15+02:00,6106.1
2023-03-26T17:30+02:00,5131.8
2023-03-26T17:45+02:00,4199.1
2023-03-26T18:00+02:00,3313.4
2023-03-26T18:15+02:00,2473.6
2023-03-26T18:30+02:00,1689
2023-03-26T18:45+02:00,1045.4
2023-03-26T19:00+02:00,577.9
2023-03-26T19:15+02:00,277.7
2023-03-26T19:30+02:00,109
2023-03-26T19:45+02:00,51.9
2023-03-26T20:00+02:00,0
2023-03-26T20:15+02:00,0
2023-03-26T20:30+02:00,0
2023-03-26T20:45+02:00,0
2023-03-26T21:00+02:00,0
2023-03-26T21:15+02:00,0
2023-03-26T21:30+02:00,0
2023-03-26T21:45+02:00,0
2023-03-26T22:00+02:00,0
2023-03-26T22:15+02:00,0
2023-03-26T22:30+02:00,0
2023-03-26T22:45+02:00,0
2023-03-26T23:00+02:00,0
2023-03-26T23:15+02:00,0
2023-03-26T23:30+02:00,0
2023-03-26T23:45+02:00,0
2023-03-27T00:00+02:00,0
2023-03-27T00:15+02:00,0
2023-03-27T00:30+02:00,0
2023-03-27T00:45+02:00,0
2023-03-27T01:00+02:00,0
2023-03-27T01:15+02:00,0
2023-03-27T01:30+02:00,0
2023-03-27T01:45+02:00,0
2023-03-27T02:00+02:00,0
2023-03-27T02:15+02:00,0
2023-03-27T02:30+02:00,0
2023-03-27T02:45+02:00,0
2023-03-27T03:00+02:00,0
2023-03-27T03:15+02:00,0
2023-03-27T03:30+02:00,0
2023-03-27T03:45+02:00,0
2023-03-27T04:00+02:00,0
2023-03-27T04:15+02:00,0
2023-03-27T04:30+02:00,0
2023-03-27T04:45+02:00,0
2023-03-27T05:00+02:00,0
2023-03-27T05:15+02:00,0
2023-03-27T05:30+02:00,0
2023-03-27T05:45+02:00,0
2023-03-27T06:00+02:00,0
2023-03-27T06:15+02:00,0
2023-03-27T06:30+02:00,0
2023-03-27T06:45+02:00,7.2
2023-03-27T07:00+02:00,71.9
2023-03-27T07:15+02:00,263.1
2023-03-27T07:30+02:00,609.9
2023-03-27T07:45+02:00,1228.4
2023-03-27T08:00+02:00,2142.8
2023-03-27T08:15+02:00,3310.7
2023-03-27T08:30+02:00,4632.9
2023-03-27T08:45+02:00,6059.6
2023-03-27T09:00+02:00,7548.4
2023-03-27T09:15+02:00,9074.6
2023-03-27T09:30+02:00,10398.7
2023-03-27T09:45+02:00,11790.6
2023-03-27T10:00+02:00,13145.8
2023-03-27T10:15+02:00,14412.8
2023-03-27T10:30+02:00,15537.8
2023-03-27T10:45+02:00,16532.3
2023-03-27T11:00+02:00,17413.5
2023-03-27T11:15+02:00,18251.1
2023-03-27T11:30+02:00,18878.8
2023-03-27T11:45+02:00,19308.5
2023-03-27T12:00+02:00,19713.6
2023-03-27T12:15+02:00,20030.7
2023-03-27T12:30+02:00,19838
2023-03-27T12:45+02:00,19829.4
2023-03-27T13:00+02:00,19849.9
2023-03-27T13:15+02:00,19787.9
2023-03-27T13:30+02:00,19648.5
2023-03-27T13:45+02:00,19431.1
2023-03-27T14:00+02:00,19165.9
2023-03-27T14:15+02:00,18901.2
2023-03-27T14:30+02:00,18488.4
2023-03-27T14:45+02:00,17948.4
2023-03-27T15:00+02:00,17417.7
2023-03-27T15:15+02:00,16834.7
2023-03-27T15:30+02:00,16191.1
2023-03-27T15:45+02:00,15466.7
2023-03-27T16:00+02:00,14701.3
2023-03-27T16:15+02:00,13824.4
2023-03-27T16:30+02:00,12822.8
2023-03-27T16:45+02:00,11694.9
2023-03-27T17:00+02:00,10473.9
2023-03-27T17:15+02:00,9146.3
2023-03-27T17:30+02:00,7775.4
2023-03-27T17:45+02:00,6404.3
2023-03-27T18:00+02:00,5092.2
2023-03-27T18:15+02:00,3817.3
2023-03-27T18:30+02:00,2636.4
2023-03-27T18:45+02:00,1595.8
2023-03-27T19:00+02:00,861.1
2023-03-27T19:15+02:00,413.5
2023-03-27T19:30+02:00,142.9
2023-03-27T19:45+02:00,35.9
2023-03-27T20:00+02:00,0
2023-03-27T20:15+02:00,0
2023-03-27T20:30+02:00,0
2023-03-27T20:45+02:00,0
2023-03-27T21:00+02:00,0
2023-03-27T21:15+02:00,0
2023-03-27T21:30+02:00,0
2023-03-27T21:45+02:00,0
2023-03-27T22:00+02:00,0
2023-03-27T22:15+02:00,0
2023-03-27T22:30+02:00,0
2023-03-27T22:45+02:00,0
2023-03-27T23:00+02:00,0
2023-03-27T23:15+02:00,0
2023-03-27T23:30+02:00,0
2023-03-27T23:45+02:00,0
2023-03-28T00:00+02:00,0
2023-03-28T00:15+02:00,0
2023-03-28T00:30+02:00,0
2023-03-28T00:45+02:00,0
2023-03-28T01:00+02:00,0
2023-03-28T01:15+02:00,0
2023-03-28T01:30+02:00,0
2023-03-28T01:45+02:00,0
2023-03-28T02:00+02:00,0
2023-03-28T02:15+02:00,0
2023-03-28T02:30+02:00,0
2023-03-28T02:45+02:00,0
2023-03-28T03:00+02:00,0
2023-03-28T03:15+02:00,0
2023-03-28T03:30+02:00,0
2023-03-28T03:45+02:00,0
2023-03-28T04:00+02:00,0
2023-03-28T04:15+02:00,0
2023-03-28T04:30+02:00,0
2023-03-28T04:45+02:00,0
2023-03-28T05:00+02:00,0
2023-03-28T05:15+02:00,0
2023-03-28T05:30+02:00,0
2023-03-28T05:45+02:00,0
2023-03-28T06:00+02:00,0
2023-03-28T06:15+02:00,0
2023-03-28T06:30+02:00,0
2023-03-28T06:45+02:00,6.2
2023-03-28T07:00+02:00,108.4
2023-03-28T07:15+02:00,410.2
2023-03-28T07:30+02:00,987.5
2023-03-28T07:45+02:00,1934.9
2023-03-28T08:00+02:00,3254.9
2023-03-28T08:15+02:00,4938.4
2023-03-28T08:30+02:00,6803.5
2023-03-28T08:45+02:00,8750.1
2023-03-28T09:00+02:00,10708.5
2023-03-28T09:15+02:00,12680.5
2023-03-28T09:30+02:00,14584.5
2023-03-28T09:45+02:00,16296.6
2023-03-28T10:00+02:00,17912.2
2023-03-28T10:15+02:00,19328.3
2023-03-28T10:30+02:00,20589.6
2023-03-28T10:45+02:00,21660.8
2023-03-28T11:00+02:00,22585
2023-03-28T11:15+02:00,23384
2023-03-28T11:30+02:00,24050.3
2023-03-28T11:45+02:00,24579.4
2023-03-28T12:00+02:00,25035.5
2023-03-28T12:15+02:00,25410.1
2023-03-28T12:30+02:00,25702.7
2023-03-28T12:45+02:00,25891.1
2023-03-28T13:00+02:00,26107.7
2023-03-28T13:15+02:00,26055.1
2023-03-28T13:30+02:00,25910.7
2023-03-28T13:45+02:00,25700
2023-03-28T14:00+02:00,25421.1
2023-03-28T14:15+02:00,24943.2
2023-03-28T14:30+02:00,24322.2
2023-03-28T14:45+02:00,23579.9
2023-03-28T15:00+02:00,22752.3
2023-03-28T15:15+02:00,21814.4
2023-03-28T15:30+02:00,20758.2
2023-03-28T15:45+02:00,19598.5
2023-03-28T16:00+02:00,18403.9
2023-03-28T16:15+02:00,17038.5
2023-03-28T16:30+02:00,15510.7
2023-03-28T16:45+02:00,13876.5
2023-03-28T17:00+02:00,12135.8
2023-03-28T17:15+02:00,10375.9
2023-03-28T17:30+02:00,8572.1
2023-03-28T17:45+02:00,6834.5
2023-03-28T18:00+02:00,5265.6
2023-03-28T18:15+02:00,3848.1
2023-03-28T18:30+02:00,2602.2
2023-03-28T18:45+02:00,1574.8
2023-03-28T19:00+02:00,823.6
2023-03-28T19:15+02:00,378.7
2023-03-28T19:30+02:00,147.1
2023-03-28T19:45+02:00,60.6
2023-03-28T20:00+02:00,20.5
2023-03-28T20:15+02:00,0
2023-03-28T20:30+02:00,0
2023-03-28T20:45+02:00,0
2023-03-28T21:00+02:00,0
2023-03-28T21:15+02:00,0
2023-03-28T21:30+02:00,0
2023-03-28T21:45+02:00,0
2023-03-28T22:00+02:00,0
2023-03-28T22:15+02:00,0
2023-03-28T22:30+02:00,0
2023-03-28T22:45+02:00,0
2023-03-28T23:00+02:00,0
2023-03-28T23:15+02:00,0
2023-03-28T23:30+02:00,0
2023-03-28T23:45+02:00,0
2023-03-29T00:00+02:00,0
2023-03-29T00:15+02:00,0
2023-03-29T00:30+02:00,0
2023-03-29T00:45+02:00,0
2023-03-29T01:00+02:00,0
2023-03-29T01:15+02:00,0
2023-03-29T01:30+02:00,0
2023-03-29T01:45+02:00,0
2023-03-29T02:00+02:00,0
2023-03-29T02:15+02:00,0
2023-03-29T02:30+02:00,0
2023-03-29T02:45+02:00,0
2023-03-29T03:00+02:00,0
2023-03-29T03:15+02:00,0
2023-03-29T03:30+02:00,0
2023-03-29T03:45+02:00,0
2023-03-29T04:00+02:00,0
2023-03-29T04:15+02:00,0
2023-03-29T04:30+02:00,0
2023-03-29T04:45+02:00,0
2023-03-29T05:00+02:00,0
2023-03-29T05:15+02:00,0
2023-03-29T05:30+02:00,0
2023-03-29T05:45+02:00,0
2023-03-29T06:00+02:00,0.8
2023-03-29T06:15+02:00,1
2023-03-29T06:30+02:00,4
2023-03-29T06:45+02:00,16.6
2023-03-29T07:00+02:00,75.3
2023-03-29T07:15+02:00,211.6
2023-03-29T07:30+02:00,447
2023-03-29T07:45+02:00,809.8
2023-03-29T08:00+02:00,1304.7
2023-03-29T08:15+02:00,1939.1
2023-03-29T08:30+02:00,2657.2
2023-03-29T08:45+02:00,3431.3
2023-03-29T09:00+02:00,4240.9
2023-03-29T09:15+02:00,5089.8
2023-03-29T09:30+02:00,5940.8
2023-03-29T09:45+02:00,6751.5
2023-03-29T10:00+02:00,7530.3
2023-03-29T10:15+02:00,8301
2023-03-29T10:30+02:00,9033.9
2023-03-29T10:45+02:00,9736.6
2023-03-29T11:00+02:00,10414.2
2023-03-29T11:15+02:00,11158.3
2023-03-29T11:30+02:00,11807.9
2023-03-29T11:45+02:00,12355.6
2023-03-29T12:00+02:00,12849.6
2023-03-29T12:15+02:00,13250.8
2023-03-29T12:30+02:00,13517.6
2023-03-29T12:45+02:00,13648.3
2023-03-29T13:00+02:00,13792.1
2023-03-29T13:15+02:00,13876.5
2023-03-29T13:30+02:00,13811.5
2023-03-29T13:45+02:00,13603.1
2023-03-29T14:00+02:00,13355.4
2023-03-29T14:15+02:00,13274.3
2023-03-29T14:30+02:00,13059.2
2023-03-29T14:45+02:00,12704.2
2023-03-29T15:00+02:00,12295.6
2023-03-29T15:15+02:00,11829.6
2023-03-29T15:30+02:00,11268.9
2023-03-29T15:45+02:00,10606.9
2023-03-29T16:00+02:00,9910.5
2023-03-29T16:15+02:00,9150.6
2023-03-29T16:30+02:00,8287.9
2023-03-29T16:45+02:00,7367.4
2023-03-29T17:00+02:00,6472.6
2023-03-29T17:15+02:00,5636.7
2023-03-29T17:30+02:00,4781.4
2023-03-29T17:45+02:00,3959.3
2023-03-29T18:00+02:00,3177.1
2023-03-29T18:15+02:00,2417.4
2023-03-29T18:30+02:00,1688.6
2023-03-29T18:45+02:00,1078.4
2023-03-29T19:00+02:00,617.4
2023-03-29T19:15+02:00,317.5
2023-03-29T19:30+02:00,132.6
2023-03-29T19:45+02:00,60.4
2023-03-29T20:00+02:00,15.6
2023-03-29T20:15+02:00,0
2023-03-29T20:30+02:00,0
2023-03-29T20:45+02:00,0
2023-03-29T21:00+02:00,0
2023-03-29T21:15+02:00,0
2023-03-29T21:30+02:00,0
2023-03-29T21:45+02:00,0
2023-03-29T22:00+02:00,0
2023-03-29T22:15+02:00,0
2023-03-29T22:30+02:00,0
2023-03-29T22:45+02:00,0
2023-03-29T23:00+02:00,0
2023-03-29T23:15+02:00,0
2023-03-29T23:30+02:00,0
2023-03-29T23:45+02:00,0
2023-03-30T00:00+02:00,0
2023-03-30T00:15+02:00,0
2023-03-30T00:30+02:00,0
2023-03-30T00:45+02:00,0
2023-03-30T01:00+02:00,0
2023-03-30T01:15+02:00,0
2023-03-30T01:30+02:00,0
2023-03-30T01:45+02:00,0
2023-03-30T02:00+02:00,0
2023-03-30T02:15+02:00,0
2023-03-30T02:30+02:00,0
2023-03-30T02:45+02:00,0
2023-03-30T03:00+02:00,0
2023-03-30T03:15+02:00,0
2023-03-30T03:30+02:00,0
2023-03-30T03:45+02:00,0
2023-03-30T04:00+02:00,0
2023-03-30T04:15+02:00,0
2023-03-30T04:30+02:00,0
2023-03-30T04:45+02:00,0
2023-03-30T05:00+02:00,0
2023-03-30T05:15+02:00,0
2023-03-30T05:30+02:00,0
2023-03-30T05:45+02:00,0
2023-03-30T06:00+02:00,1
2023-03-30T06:15+02:00,1.7
2023-03-30T06:30+02:00,6
2023-03-30T06:45+02:00,23.7
2023-03-30T07:00+02:00,104.3
2023-03-30T07:15+02:00,260.9
2023-03-30T07:30+02:00,541.8
2023-03-30T07:45+02:00,973
2023-03-30T08:00+02:00,1599.5
2023-03-30T08:15+02:00,2391.1
2023-03-30T08:30+02:00,3228.2
2023-03-30T08:45+02:00,4112.1
2023-03-30T09:00+02:00,5032.4
2023-03-30T09:15+02:00,6005.1
2023-03-30T09:30+02:00,7009.7
2023-03-30T09:45+02:00,7972.1
2023-03-30T10:00+02:00,8918.3
2023-03-30T10:15+02:00,9825.5
2023-03-30T10:30+02:00,10693.7
2023-03-30T10:45+02:00,11482.6
2023-03-30T11:00+02:00,12184.9
2023-03-30T11:15+02:00,13091.7
2023-03-30T11:30+02:00,13850.7
2023-03-30T11:45+02:00,14474.7
2023-03-30T12:00+02:00,15014
2023-03-30T12:15+02:00,15472.8
2023-03-30T12:30+02:00,15803.9
2023-03-30T12:45+02:00,16017.6
2023-03-30T13:00+02:00,16265.8
2023-03-30T13:15+02:00,16553.8
2023-03-30T13:30+02:00,16756.7
2023-03-30T13:45+02:00,16828.3
2023-03-30T14:00+02:00,16921.7
2023-03-30T14:15+02:00,17010.5
2023-03-30T14:30+02:00,16940.9
2023-03-30T14:45+02:00,16692.7
2023-03-30T15:00+02:00,16443.6
2023-03-30T15:15+02:00,16139.2
2023-03-30T15:30+02:00,15723.5
2023-03-30T15:45+02:00,15154.4
2023-03-30T16:00+02:00,14499.3
2023-03-30T16:15+02:00,13713.8
2023-03-30T16:30+02:00,12778.9
2023-03-30T16:45+02:00,11702
2023-03-30T17:00+02:00,10646.6
2023-03-30T17:15+02:00,9408.7
2023-03-30T17:30+02:00,8053
2023-03-30T17:45+02:00,6686.1
2023-03-30T18:00+02:00,5340.8
2023-03-30T18:15+02:00,4017.4
2023-03-30T18:30+02:00,2770.2
2023-03-30T18:45+02:00,1713.8
2023-03-30T19:00+02:00,958.3
2023-03-30T19:15+02:00,483.2
2023-03-30T19:30+02:00,196.3
2023-03-30T19:45+02:00,54.9
2023-03-30T20:00+02:00,18.3
2023-03-30T20:15+02:00,0
2023-03-30T20:30+02:00,0
2023-03-30T20:45+02:00,0
2023-03-30T21:00+02:00,0
2023-03-30T21:15+02:00,0
2023-03-30T21:30+02:00,0
2023-03-30T21:45+02:00,0
2023-03-30T22:00+02:00,0
2023-03-30T22:15+02:00,0
2023-03-30T22:30+02:00,0
2023-03-30T22:45+02:00,0
2023-03-30T23:00+02:00,0
2023-03-30T23:15+02:00,0
2023-03-30T23:30+02:00,0
2023-03-30T23:45+02:00,0
2023-03-31T00:00+02:00,0
2023-03-31T00:15+02:00,0
2023-03-31T00:30+02:00,0
2023-03-31T00:45+02:00,0
2023-03-31T01:00+02:00,0
2023-03-31T01:15+02:00,0
2023-03-31T01:30+02:00,0
2023-03-31T01:45+02:00,0
2023-03-31T02:00+02:00,0
2023-03-31T02:15+02:00,0
2023-03-31T02:30+02:00,0
2023-03-31T02:45+02:00,0
2023-03-31T03:00+02:00,0
2023-03-31T03:15+02:00,0
2023-03-31T03:30+02:00,0
2023-03-31T03:45+02:00,0
2023-03-31T04:00+02:00,0
2023-03-31T04:15+02:00,0
2023-03-31T04:30+02:00,0
2023-03-31T04:45+02:00,0
2023-03-31T05:00+02:00,0
2023-03-31T05:15+02:00,0
2023-03-31T05:30+02:00,0
2023-03-31T05:45+02:00,0
2023-03-31T06:00+02:00,0.7
2023-03-31T06:15+02:00,2.1
2023-03-31T06:30+02:00,5.2
2023-03-31T06:45+02:00,39.4
2023-03-31T07:00+02:00,111
2023-03-31T07:15+02:00,251.3
2023-03-31T07:30+02:00,486.1
2023-03-31T07:45+02:00,840.6
2023-03-31T08:00+02:00,1253.5
2023-03-31T08:15+02:00,1808.1
2023-03-31T08:30+02:00,2451.7
2023-03-31T08:45+02:00,3134.1
2023-03-31T09:00+02:00,3831.6
2023-03-31T09:15+02:00,4569.8
2023-03-31T09:30+02:00,5346.5
2023-03-31T09:45+02:00,6147.5
2023-03-31T10:00+02:00,6958
2023-03-31T10:15+02:00,7776.1
2023-03-31T10:30+02:00,8539.1
2023-03-31T10:45+02:00,9236.7
2023-03-31T11:00+02:00,9752.8
2023-03-31T11:15+02:00,10508.4
2023-03-31T11:30+02:00,11169.1
2023-03-31T11:45+02:00,11706
2023-03-31T12:00+02:00,12236.5
2023-03-31T12:15+02:00,12741.3
2023-03-31T12:30+02:00,13121.4
2023-03-31T12:45+02:00,13368
2023-03-31T13:00+02:00,13561.6
2023-03-31T13:15+02:00,13689.2
2023-03-31T13:30+02:00,13697.1
2023-03-31T13:45+02:00,13595.5
2023-03-31T14:00+02:00,13531.7
2023-03-31T14:15+02:00,13518.4
2023-03-31T14:30+02:00,13382.5
2023-03-31T14:45+02:00,13127.2
2023-03-31T15:00+02:00,12818.1
2023-03-31T15:15+02:00,12451.4
2023-03-31T15:30+02:00,11957.1
2023-03-31T15:45+02:00,11312.4
2023-03-31T16:00+02:00,10589.6
2023-03-31T16:15+02:00,9790.8
2023-03-31T16:30+02:00,8904.2
2023-03-31T16:45+02:00,7979.4
2023-03-31T17:00+02:00,7203.3
2023-03-31T17:15+02:00,6237.6
2023-03-31T17:30+02:00,5255.8
2023-03-31T17:45+02:00,4300.3
2023-03-31T18:00+02:00,3396.1
2023-03-31T18:15+02:00,2550.4
2023-03-31T18:30+02:00,1792.5
2023-03-31T18:45+02:00,1160.7
2023-03-31T19:00+02:00,678.8
2023-03-31T19:15+02:00,339.4
2023-03-31T19:30+02:00,164.3
2023-03-31T19:45+02:00,90.9
2023-03-31T20:00+02:00,71.6
2023-03-31T20:15+02:00,0
2023-03-31T20:30+02:00,0
2023-03-31T20:45+02:00,0
2023-03-31T21:00+02:00,0
2023-03-31T21:15+02:00,0
2023-03-31T21:30+02:00,0
2023-03-31T21:45+02:00,0
2023-03-31T22:00+02:00,0
2023-03-31T22:15+02:00,0
2023-03-31T22:30+02:00,0
2023-03-31T22:45+02:00,0
2023-03-31T23:00+02:00,0
2023-03-31T23:15+02:00,0
2023-03-31T23:30+02:00,0
2023-03-31T23:45+02:00,0
2023-04-01T00:00+02:00,0
2023-04-01T00:15+02:00,0
2023-04-01T00:30+02:00,0
2023-04-01T00:45+02:00,0
2023-04-01T01:00+02:00,0
2023-04-01T01:15+02:00,0
2023-04-01T01:30+02:00,0
2023-04-01T01:45+02:00,0
2023-04-01T02:00+02:00,0
2023-04-01T02:15+02:00,0
2023-04-01T02:30+02:00,0
2023-04-01T02:45+02:00,0
2023-04-01T03:00+02:00,0
2023-04-01T03:15+02:00,0
2023-04-01T03:30+02:00,0
2023-04-01T03:45+02:00,0
2023-04-01T04:00+02:00,0
2023-04-01T04:15+02:00,0
2023-04-01T04:30+02:00,0
2023-04-01T04:45+02:00,0
2023-04-01T05:00+02:00,0
2023-04-01T05:15+02:00,0
2023-04-01T05:30+02:00,0
2023-04-01T05:45+02:00,0
2023-04-01T06:00+02:00,0.6
2023-04-01T06:15+02:00,1.4
2023-04-01T06:30+02:00,3.7
2023-04-01T06:45+02:00,72.3
2023-04-01T07:00+02:00,171.7
2023-04-01T07:15+02:00,325.9
2023-04-01T07:30+02:00,554.7
2023-04-01T07:45+02:00,890.6
2023-04-01T08:00+02:00,1317.3
2023-04-01T08:15+02:00,1862.4
2023-04-01T08:30+02:00,2497.4
2023-04-01T08:45+02:00,3165.8
2023-04-01T09:00+02:00,3846.7
2023-04-01T09:15+02:00,4545.3
2023-04-01T09:30+02:00,5186.3
2023-04-01T09:45+02:00,5727.8
2023-04-01T10:00+02:00,6207
2023-04-01T10:15+02:00,6647.2
2023-04-01T10:30+02:00,7020.8
2023-04-01T10:45+02:00,7309.8
2023-04-01T11:00+02:00,7577.9
2023-04-01T11:15+02:00,7882.5
2023-04-01T11:30+02:00,8125.4
2023-04-01T11:45+02:00,8288.4
2023-04-01T12:00+02:00,8422.3
2023-04-01T12:15+02:00,8520.2
2023-04-01T12:30+02:00,8581.4
2023-04-01T12:45+02:00,8613.6
2023-04-01T13:00+02:00,8620.7
2023-04-01T13:15+02:00,8588.2
2023-04-01T13:30+02:00,8485.6
2023-04-01T13:45+02:00,8334.1
2023-04-01T14:00+02:00,8150.8
2023-04-01T14:15+02:00,8007.3
2023-04-01T14:30+02:00,7827.1
2023-04-01T14:45+02:00,7606.8
2023-04-01T15:00+02:00,7358.9
2023-04-01T15:15+02:00,7062.3
2023-04-01T15:30+02:00,6702.8
2023-04-01T15:45+02:00,6301.7
2023-04-01T16:00+02:00,5888.8
2023-04-01T16:15+02:00,5455.4
2023-04-01T16:30+02:00,5004
2023-04-01T16:45+02:00,4544
2023-04-01T17:00+02:00,4125.1
2023-04-01T17:15+02:00,3638.1
2023-04-01T17:30+02:00,3133.3
2023-04-01T17:45+02:00,2627.5
2023-04-01T18:00+02:00,2142.8
2023-04-01T18:15+02:00,1675.3
2023-04-01T18:30+02:00,1229.5
2023-04-01T18:45+02:00,846.4
2023-04-01T19:00+02:00,540
2023-04-01T19:15+02:00,316.3
2023-04-01T19:30+02:00,144.1
2023-04-01T19:45+02:00,64.8
2023-04-01T20:00+02:00,42.8
2023-04-01T20:15+02:00,0
2023-04-01T20:30+02:00,0
2023-04-01T20:45+02:00,0
2023-04-01T21:00+02:00,0
2023-04-01T21:15+02:00,0
2023-04-01T21:30+02:00,0
2023-04-01T21:45+02:00,0
2023-04-01T22:00+02:00,0
2023-04-01T22:15+02:00,0
2023-04-01T22:30+02:00,0
2023-04-01T22:45+02:00,0
2023-04-01T23:00+02:00,0
2023-04-01T23:15+02:00,0
2023-04-01T23:30+02:00,0
2023-04-01T23:45+02:00,0
2023-04-02T00:00+02:00,0
2023-04-02T00:15+02:00,0
2023-04-02T00:30+02:00,0
2023-04-02T00:45+02:00,0
2023-04-02T01:00+02:00,0
2023-04-02T01:15+02:00,0
2023-04-02T01:30+02:00,0
2023-04-02T01:45+02:00,0
2023-04-02T02:00+02:00,0
2023-04-02T02:15+02:00,0
2023-04-02T02:30+02:00,0
2023-04-02T02:45+02:00,0
2023-04-02T03:00+02:00,0
2023-04-02T03:15+02:00,0
2023-04-02T03:30+02:00,0
2023-04-02T03:45+02:00,0
2023-04-02T04:00+02:00,0
2023-04-02T04:15+02:00,0
2023-04-02T04:30+02:00,0
2023-04-02T04:45+02:00,0
2023-04-02T05:00+02:00,0
2023-04-02T05:15+02:00,0
2023-04-02T05:30+02:00,0
2023-04-02T05:45+02:00,0
2023-04-02T06:00+02:00,0
2023-04-02T06:15+02:00,0
2023-04-02T06:30+02:00,0.2
2023-04-02T06:45+02:00,27.4
2023-04-02T07:00+02:00,134.3
2023-04-02T07:15+02:00,331.8
2023-04-02T07:30+02:00,606
2023-04-02T07:45+02:00,1048.2
2023-04-02T08:00+02:00,1643.5
2023-04-02T08:15+02:00,2381.5
2023-04-02T08:30+02:00,3216.2
2023-04-02T08:45+02:00,4064.6
2023-04-02T09:00+02:00,4963.6
2023-04-02T09:15+02:00,5896.9
2023-04-02T09:30+02:00,6810.3
2023-04-02T09:45+02:00,7706
2023-04-02T10:00+02:00,8600.6
2023-04-02T10:15+02:00,9485.2
2023-04-02T10:30+02:00,10361.7
2023-04-02T10:45+02:00,11254.5
2023-04-02T11:00+02:00,12238.2
2023-04-02T11:15+02:00,13183.4
2023-04-02T11:30+02:00,14038.5
2023-04-02T11:45+02:00,14830.3
2023-04-02T12:00+02:00,15584.1
2023-04-02T12:15+02:00,16296.6
2023-04-02T12:30+02:00,16922.1
2023-04-02T12:45+02:00,17420.9
2023-04-02T13:00+02:00,17883
2023-04-02T13:15+02:00,18219.2
2023-04-02T13:30+02:00,18460.4
2023-04-02T13:45+02:00,18580.6
2023-04-02T14:00+02:00,18837.3
2023-04-02T14:15+02:00,18888.8
2023-04-02T14:30+02:00,18807
2023-04-02T14:45+02:00,18599.5
2023-04-02T15:00+02:00,18264.1
2023-04-02T15:15+02:00,17817.8
2023-04-02T15:30+02:00,17243.4
2023-04-02T15:45+02:00,16524.4
2023-04-02T16:00+02:00,15725.9
2023-04-02T16:15+02:00,14794.8
2023-04-02T16:30+02:00,13728.9
2023-04-02T16:45+02:00,12565.7
2023-04-02T17:00+02:00,11419.1
2023-04-02T17:15+02:00,10092.6
2023-04-02T17:30+02:00,8694.3
2023-04-02T17:45+02:00,7206.1
2023-04-02T18:00+02:00,5686.5
2023-04-02T18:15+02:00,4296
2023-04-02T18:30+02:00,2998.7
2023-04-02T18:45+02:00,1883
2023-04-02T19:00+02:00,1072.1
2023-04-02T19:15+02:00,569.1
2023-04-02T19:30+02:00,258.9
2023-04-02T19:45+02:00,81.8
2023-04-02T20:00+02:00,32
2023-04-02T20:15+02:00,0
2023-04-02T20:30+02:00,0
2023-04-02T20:45+02:00,0
2023-04-02T21:00+02:00,0
2023-04-02T21:15+02:00,0
2023-04-02T21:30+02:00,0
2023-04-02T21:45+02:00,0
2023-04-02T22:00+02:00,0
2023-04-02T22:15+02:00,0
2023-04-02T22:30+02:00,0
2023-04-02T22:45+02:00,0
2023-04-02T23:00+02:00,0
2023-04-02T23:15+02:00,0
2023-04-02T23:30+02:00,0
2023-04-02T23:45+02:00,0
2023-04-03T00:00+02:00,0
2023-04-03T00:15+02:00,0
2023-04-03T00:30+02:00,0
2023-04-03T00:45+02:00,0
2023-04-03T01:00+02:00,0
2023-04-03T01:15+02:00,0
2023-04-03T01:30+02:00,0
2023-04-03T01:45+02:00,0
2023-04-03T02:00+02:00,0
2023-04-03T02:15+02:00,0
2023-04-03T02:30+02:00,0
2023-04-03T02:45+02:00,0
2023-04-03T03:00+02:00,0
2023-04-03T03:15+02:00,0
2023-04-03T03:30+02:00,0
2023-04-03T03:45+02:00,0
2023-04-03T04:00+02:00,0
2023-04-03T04:15+02:00,0
2023-04-03T04:30+02:00,0
2023-04-03T04:45+02:00,0
2023-04-03T05:00+02:00,0
2023-04-03T05:15+02:00,0
2023-04-03T05:30+02:00,0
2023-04-03T05:45+02:00,0
2023-04-03T06:00+02:00,0
2023-04-03T06:15+02:00,0
2023-04-03T06:30+02:00,0
2023-04-03T06:45+02:00,45.1
2023-04-03T07:00+02:00,316.9
2023-04-03T07:15+02:00,843.8
2023-04-03T07:30+02:00,1716.2
2023-04-03T07:45+02:00,2963.1
2023-04-03T08:00+02:00,4556.4
2023-04-03T08:15+02:00,6384.3
2023-04-03T08:30+02:00,8388.1
2023-04-03T08:45+02:00,10506
2023-04-03T09:00+02:00,12608.5
2023-04-03T09:15+02:00,14650.3
2023-04-03T09:30+02:00,16683.8
2023-04-03T09:45+02:00,18594.2
2023-04-03T10:00+02:00,20360.2
2023-04-03T10:15+02:00,21975.8
2023-04-03T10:30+02:00,23445
2023-04-03T10:45+02:00,24735.4
2023-04-03T11:00+02:00,25910.3
2023-04-03T11:15+02:00,26925.6
2023-04-03T11:30+02:00,27812.3
2023-04-03T11:45+02:00,28542.1
2023-04-03T12:00+02:00,29160.1
2023-04-03T12:15+02:00,29647.2
2023-04-03T12:30+02:00,30025.3
2023-04-03T12:45+02:00,30280.2
2023-04-03T13:00+02:00,30385.3
2023-04-03T13:15+02:00,30353
2023-04-03T13:30+02:00,30183.8
2023-04-03T13:45+02:00,29863.1
2023-04-03T14:00+02:00,29404.8
2023-04-03T14:15+02:00,28935.3
2023-04-03T14:30+02:00,28324.5
2023-04-03T14:45+02:00,27575.9
2023-04-03T15:00+02:00,26693.9
2023-04-03T15:15+02:00,25661.7
2023-04-03T15:30+02:00,24513.2
2023-04-03T15:45+02:00,23243.8
2023-04-03T16:00+02:00,21886.9
2023-04-03T16:15+02:00,20418.6
2023-04-03T16:30+02:00,18846.4
2023-04-03T16:45+02:00,17136.9
2023-04-03T17:00+02:00,15291
2023-04-03T17:15+02:00,13327.3
2023-04-03T17:30+02:00,11287.4
2023-04-03T17:45+02:00,9262.9
2023-04-03T18:00+02:00,7326.4
2023-04-03T18:15+02:00,5496.4
2023-04-03T18:30+02:00,3809.3
2023-04-03T18:45+02:00,2403.9
2023-04-03T19:00+02:00,1370.5
2023-04-03T19:15+02:00,718.1
2023-04-03T19:30+02:00,325.7
2023-04-03T19:45+02:00,103.1
2023-04-03T20:00+02:00,30.4
2023-04-03T20:15+02:00,0
2023-04-03T20:30+02:00,0
2023-04-03T20:45+02:00,0
2023-04-03T21:00+02:00,0
2023-04-03T21:15+02:00,0
2023-04-03T21:30+02:00,0
2023-04-03T21:45+02:00,0
2023-04-03T22:00+02:00,0
2023-04-03T22:15+02:00,0
2023-04-03T22:30+02:00,0
2023-04-03T22:45+02:00,0
2023-04-03T23:00+02:00,0
2023-04-03T23:15+02:00,0
2023-04-03T23:30+02:00,0
2023-04-03T23:45+02:00,0
2023-04-04T00:00+02:00,0
2023-04-04T00:15+02:00,0
2023-04-04T00:30+02:00,0
2023-04-04T00:45+02:00,0
2023-04-04T01:00+02:00,0
2023-04-04T01:15+02:00,0
2023-04-04T01:30+02:00,0
2023-04-04T01:45+02:00,0
2023-04-04T02:00+02:00,0
2023-04-04T02:15+02:00,0
2023-04-04T02:30+02:00,0
2023-04-04T02:45+02:00,0
2023-04-04T03:00+02:00,0
2023-04-04T03:15+02:00,0
2023-04-04T03:30+02:00,0
2023-04-04T03:45+02:00,0
2023-04-04T04:00+02:00,0
2023-04-04T04:15+02:00,0
2023-04-04T04:30+02:00,0
2023-04-04T04:45+02:00,0
2023-04-04T05:00+02:00,0
2023-04-04T05:15+02:00,0
2023-04-04T05:30+02:00,0
2023-04-04T05:45+02:00,0
2023-04-04T06:00+02:00,0
2023-04-04T06:15+02:00,0
2023-04-04T06:30+02:00,0.1
2023-04-04T06:45+02:00,64.5
2023-04-04T07:00+02:00,340.7
2023-04-04T07:15+02:00,907.4
2023-04-04T07:30+02:00,1798.3
2023-04-04T07:45+02:00,3147.8
2023-04-04T08:00+02:00,4831.9
2023-04-04T08:15+02:00,6743.1
2023-04-04T08:30+02:00,8808.7
2023-04-04T08:45+02:00,10947.1
2023-04-04T09:00+02:00,13050.5
2023-04-04T09:15+02:00,15082.3
2023-04-04T09:30+02:00,16987.4
2023-04-04T09:45+02:00,18728.7
2023-04-04T10:00+02:00,20266.5
2023-04-04T10:15+02:00,21660.3
2023-04-04T10:30+02:00,22886.1
2023-04-04T10:45+02:00,23925.4
2023-04-04T11:00+02:00,24818.4
2023-04-04T11:15+02:00,25679.8
2023-04-04T11:30+02:00,26440.4
2023-04-04T11:45+02:00,27116.8
2023-04-04T12:00+02:00,27703.3
2023-04-04T12:15+02:00,28175
2023-04-04T12:30+02:00,28543.1
2023-04-04T12:45+02:00,28813.2
2023-04-04T13:00+02:00,28956.8
2023-04-04T13:15+02:00,28946.5
2023-04-04T13:30+02:00,28762.6
2023-04-04T13:45+02:00,28422.4
2023-04-04T14:00+02:00,27964.5
2023-04-04T14:15+02:00,27513.2
2023-04-04T14:30+02:00,26910.5
2023-04-04T14:45+02:00,26125.8
2023-04-04T15:00+02:00,25199.8
2023-04-04T15:15+02:00,24153.3
2023-04-04T15:30+02:00,23000
2023-04-04T15:45+02:00,21723.7
2023-04-04T16:00+02:00,20379
2023-04-04T16:15+02:00,18952.7
2023-04-04T16:30+02:00,17390.3
2023-04-04T16:45+02:00,15701.2
2023-04-04T17:00+02:00,13935.7
2023-04-04T17:15+02:00,12137.2
2023-04-04T17:30+02:00,10272.3
2023-04-04T17:45+02:00,8431.1
2023-04-04T18:00+02:00,6691.1
2023-04-04T18:15+02:00,5037.6
2023-04-04T18:30+02:00,3509.7
2023-04-04T18:45+02:00,2237.4
2023-04-04T19:00+02:00,1294.8
2023-04-04T19:15+02:00,691.7
2023-04-04T19:30+02:00,312.1
2023-04-04T19:45+02:00,109.8
2023-04-04T20:00+02:00,29.3
2023-04-04T20:15+02:00,0
2023-04-04T20:30+02:00,0
2023-04-04T20:45+02:00,0
2023-04-04T21:00+02:00,0
2023-04-04T21:15+02:00,0
2023-04-04T21:30+02:00,0
2023-04-04T21:45+02:00,0
2023-04-04T22:00+02:00,0
2023-04-04T22:15+02:00,0
2023-04-04T22:30+02:00,0
2023-04-04T22:45+02:00,0
2023-04-04T23:00+02:00,0
2023-04-04T23:15+02:00,0
2023-04-04T23:30+02:00,0
2023-04-04T23:45+02:00,0
2023-04-05T00:00+02:00,0
2023-04-05T00:15+02:00,0
2023-04-05T00:30+02:00,0
2023-04-05T00:45+02:00,0
2023-04-05T01:00+02:00,0
2023-04-05T01:15+02:00,0
2023-04-05T01:30+02:00,0
2023-04-05T01:45+02:00,0
2023-04-05T02:00+02:00,0
2023-04-05T02:15+02:00,0
2023-04-05T02:30+02:00,0
2023-04-05T02:45+02:00,0
2023-04-05T03:00+02:00,0
2023-04-05T03:15+02:00,0
2023-04-05T03:30+02:00,0
2023-04-05T03:45+02:00,0
2023-04-05T04:00+02:00,0
2023-04-05T04:15+02:00,0
2023-04-05T04:30+02:00,0
2023-04-05T04:45+02:00,0
2023-04-05T05:00+02:00,0
2023-04-05T05:15+02:00,0
2023-04-05T05:30+02:00,0
2023-04-05T05:45+02:00,0
2023-04-05T06:00+02:00,0
2023-04-05T06:15+02:00,0
2023-04-05T06:30+02:00,0.8
2023-04-05T06:45+02:00,90.4
2023-04-05T07:00+02:00,457.9
2023-04-05T07:15+02:00,1118.5
2023-04-05T07:30+02:00,2152.9
2023-04-05T07:45+02:00,3682.1
2023-04-05T08:00+02:00,5526.4
2023-04-05T08:15+02:00,7618
2023-04-05T08:30+02:00,9882.5
2023-04-05T08:45+02:00,12309.3
2023-04-05T09:00+02:00,14657.3
2023-04-05T09:15+02:00,16961.5
2023-04-05T09:30+02:00,19113.7
2023-04-05T09:45+02:00,21160.2
2023-04-05T10:00+02:00,22949
2023-04-05T10:15+02:00,24527.4
2023-04-05T10:30+02:00,25891.6
2023-04-05T10:45+02:00,27013.4
2023-04-05T11:00+02:00,27896.3
2023-04-05T11:15+02:00,28380.3
2023-04-05T11:30+02:00,28691.1
2023-04-05T11:45+02:00,28828
2023-04-05T12:00+02:00,28850.4
2023-04-05T12:15+02:00,28772
2023-04-05T12:30+02:00,28675.8
2023-04-05T12:45+02:00,28543.9
2023-04-05T13:00+02:00,28317.1
2023-04-05T13:15+02:00,27945.5
2023-04-05T13:30+02:00,27420
2023-04-05T13:45+02:00,26767.8
2023-04-05T14:00+02:00,26004.4
2023-04-05T14:15+02:00,25343.9
2023-04-05T14:30+02:00,24587.6
2023-04-05T14:45+02:00,23743.4
2023-04-05T15:00+02:00,22827.5
2023-04-05T15:15+02:00,21810.2
2023-04-05T15:30+02:00,20671.4
2023-04-05T15:45+02:00,19474.2
2023-04-05T16:00+02:00,18212.3
2023-04-05T16:15+02:00,16864.5
2023-04-05T16:30+02:00,15433.1
2023-04-05T16:45+02:00,13987.9
2023-04-05T17:00+02:00,12457
2023-04-05T17:15+02:00,10922.4
2023-04-05T17:30+02:00,9353.7
2023-04-05T17:45+02:00,7791.2
2023-04-05T18:00+02:00,6281.9
2023-04-05T18:15+02:00,4836.5
2023-04-05T18:30+02:00,3459
2023-04-05T18:45+02:00,2270.9
2023-04-05T19:00+02:00,1359.7
2023-04-05T19:15+02:00,725.1
2023-04-05T19:30+02:00,349.8
2023-04-05T19:45+02:00,143.9
2023-04-05T20:00+02:00,60.3
2023-04-05T20:15+02:00,0
2023-04-05T20:30+02:00,0
2023-04-05T20:45+02:00,0
2023-04-05T21:00+02:00,0
2023-04-05T21:15+02:00,0
2023-04-05T21:30+02:00,0
2023-04-05T21:45+02:00,0
2023-04-05T22:00+02:00,0
2023-04-05T22:15+02:00,0
2023-04-05T22:30+02:00,0
2023-04-05T22:45+02:00,0
2023-04-05T23:00+02:00,0
2023-04-05T23:15+02:00,0
2023-04-05T23:30+02:00,0
2023-04-05T23:45+02:00,0
2023-04-06T00:00+02:00,0
2023-04-06T00:15+02:00,0
2023-04-06T00:30+02:00,0
2023-04-06T00:45+02:00,0
2023-04-06T01:00+02:00,0
2023-04-06T01:15+02:00,0
2023-04-06T01:30+02:00,0
2023-04-06T01:45+02:00,0
2023-04-06T02:00+02:00,0
2023-04-06T02:15+02:00,0
2023-04-06T02:30+02:00,0
2023-04-06T02:45+02:00,0
2023-04-06T03:00+02:00,0
2023-04-06T03:15+02:00,0
2023-04-06T03:30+02:00,0
2023-04-06T03:45+02:00,0
2023-04-06T04:00+02:00,0
2023-04-06T04:15+02:00,0
2023-04-06T04:30+02:00,0
2023-04-06T04:45+02:00,0
2023-04-06T05:00+02:00,0
2023-04-06T05:15+02:00,0
2023-04-06T05:30+02:00,0
2023-04-06T05:45+02:00,0
2023-04-06T06:00+02:00,0
2023-04-06T06:15+02:00,0
2023-04-06T06:30+02:00,2.3
2023-04-06T06:45+02:00,120.7
2023-04-06T07:00+02:00,592.7
2023-04-06T07:15+02:00,1435.5
2023-04-06T07:30+02:00,2699.8
2023-04-06T07:45+02:00,4394.8
2023-04-06T08:00+02:00,6427.4
2023-04-06T08:15+02:00,8678.2
2023-04-06T08:30+02:00,11108.4
2023-04-06T08:45+02:00,13600.6
2023-04-06T09:00+02:00,15977.5
2023-04-06T09:15+02:00,18317.2
2023-04-06T09:30+02:00,20607.6
2023-04-06T09:45+02:00,22737.3
2023-04-06T10:00+02:00,24684.1
2023-04-06T10:15+02:00,26513.2
2023-04-06T10:30+02:00,28152.5
2023-04-06T10:45+02:00,29548.3
2023-04-06T11:00+02:00,30596
2023-04-06T11:15+02:00,31322.3
2023-04-06T11:30+02:00,31766.7
2023-04-06T11:45+02:00,31979.9
2023-04-06T12:00+02:00,31938.7
2023-04-06T12:15+02:00,31718.3
2023-04-06T12:30+02:00,31433.3
2023-04-06T12:45+02:00,30999
2023-04-06T13:00+02:00,30476.3
2023-04-06T13:15+02:00,29826.8
2023-04-06T13:30+02:00,29061.3
2023-04-06T13:45+02:00,28184.6
2023-04-06T14:00+02:00,26949.5
2023-04-06T14:15+02:00,26225.1
2023-04-06T14:30+02:00,25381.4
2023-04-06T14:45+02:00,24405.8
2023-04-06T15:00+02:00,23348.7
2023-04-06T15:15+02:00,22209.9
2023-04-06T15:30+02:00,20992.8
2023-04-06T15:45+02:00,19664.4
2023-04-06T16:00+02:00,18253.6
2023-04-06T16:15+02:00,16786.3
2023-04-06T16:30+02:00,15270.7
2023-04-06T16:45+02:00,13707.5
2023-04-06T17:00+02:00,12121.8
2023-04-06T17:15+02:00,10577.4
2023-04-06T17:30+02:00,8973.8
2023-04-06T17:45+02:00,7399.1
2023-04-06T18:00+02:00,5921.4
2023-04-06T18:15+02:00,4519.9
2023-04-06T18:30+02:00,3200.4
2023-04-06T18:45+02:00,2090.9
2023-04-06T19:00+02:00,1248.6
2023-04-06T19:15+02:00,716.6
2023-04-06T19:30+02:00,349.6
2023-04-06T19:45+02:00,136.1
2023-04-06T20:00+02:00,48
2023-04-06T20:15+02:00,21
2023-04-06T20:30+02:00,0
2023-04-06T20:45+02:00,0
2023-04-06T21:00+02:00,0
2023-04-06T21:15+02:00,0
2023-04-06T21:30+02:00,0
2023-04-06T21:45+02:00,0
2023-04-06T22:00+02:00,0
2023-04-06T22:15+02:00,0
2023-04-06T22:30+02:00,0
2023-04-06T22:45+02:00,0
2023-04-06T23:00+02:00,0
2023-04-06T23:15+02:00,0
2023-04-06T23:30+02:00,0
2023-04-06T23:45+02:00,0
2023-04-07T00:00+02:00,0
2023-04-07T00:15+02:00,0
2023-04-07T00:30+02:00,0
2023-04-07T00:45+02:00,0
2023-04-07T01:00+02:00,0
2023-04-07T01:15+02:00,0
2023-04-07T01:30+02:00,0
2023-04-07T01:45+02:00,0
2023-04-07T02:00+02:00,0
2023-04-07T02:15+02:00,0
2023-04-07T02:30+02:00,0
2023-04-07T02:45+02:00,0
2023-04-07T03:00+02:00,0
2023-04-07T03:15+02:00,0
2023-04-07T03:30+02:00,0
2023-04-07T03:45+02:00,0
2023-04-07T04:00+02:00,0
2023-04-07T04:15+02:00,0
2023-04-07T04:30+02:00,0
2023-04-07T04:45+02:00,0
2023-04-07T05:00+02:00,0
2023-04-07T05:15+02:00,0
2023-04-07T05:30+02:00,0
2023-04-07T05:45+02:00,0
2023-04-07T06:00+02:00,1
2023-04-07T06:15+02:00,2
2023-04-07T06:30+02:00,29.9
2023-04-07T06:45+02:00,149.5
2023-04-07T07:00+02:00,480.2
2023-04-07T07:15+02:00,1012.6
2023-04-07T07:30+02:00,1771.7
2023-04-07T07:45+02:00,2789.5
2023-04-07T08:00+02:00,3993.5
2023-04-07T08:15+02:00,5339.8
2023-04-07T08:30+02:00,6819.8
2023-04-07T08:45+02:00,8335.6
2023-04-07T09:00+02:00,9812.4
2023-04-07T09:15+02:00,11236.1
2023-04-07T09:30+02:00,12561.2
2023-04-07T09:45+02:00,13764.8
2023-04-07T10:00+02:00,14884.8
2023-04-07T10:15+02:00,15912.1
2023-04-07T10:30+02:00,16837.3
2023-04-07T10:45+02:00,17639.3
2023-04-07T11:00+02:00,18313.8
2023-04-07T11:15+02:00,18958.6
2023-04-07T11:30+02:00,19460
2023-04-07T11:45+02:00,19825.9
2023-04-07T12:00+02:00,20148.4
2023-04-07T12:15+02:00,20416.4
2023-04-07T12:30+02:00,20591.6
2023-04-07T12:45+02:00,20635.1
2023-04-07T13:00+02:00,20592.3
2023-04-07T13:15+02:00,20457.7
2023-04-07T13:30+02:00,20244.2
2023-04-07T13:45+02:00,19945.1
2023-04-07T14:00+02:00,19539.9
2023-04-07T14:15+02:00,19198.9
2023-04-07T14:30+02:00,18765.1
2023-04-07T14:45+02:00,18234.3
2023-04-07T15:00+02:00,17636
2023-04-07T15:15+02:00,16932.5
2023-04-07T15:30+02:00,16114.2
2023-04-07T15:45+02:00,15200.1
2023-04-07T16:00+02:00,14238.6
2023-04-07T16:15+02:00,13228.3
2023-04-07T16:30+02:00,12172.5
2023-04-07T16:45+02:00,11060.1
2023-04-07T17:00+02:00,9867.6
2023-04-07T17:15+02:00,8719.4
2023-04-07T17:30+02:00,7505
2023-04-07T17:45+02:00,6285.9
2023-04-07T18:00+02:00,5098.9
2023-04-07T18:15+02:00,3956.6
2023-04-07T18:30+02:00,2865.3
2023-04-07T18:45+02:00,1914.3
2023-04-07T19:00+02:00,1191.9
2023-04-07T19:15+02:00,675.4
2023-04-07T19:30+02:00,330.7
2023-04-07T19:45+02:00,138.6
2023-04-07T20:00+02:00,46.2
2023-04-07T20:15+02:00,29.7
2023-04-07T20:30+02:00,0
2023-04-07T20:45+02:00,0
2023-04-07T21:00+02:00,0
2023-04-07T21:15+02:00,0
2023-04-07T21:30+02:00,0
2023-04-07T21:45+02:00,0
2023-04-07T22:00+02:00,0
2023-04-07T22:15+02:00,0
2023-04-07T22:30+02:00,0
2023-04-07T22:45+02:00,0
2023-04-07T23:00+02:00,0
2023-04-07T23:15+02:00,0
2023-04-07T23:30+02:00,0
2023-04-07T23:45+02:00,0
2023-04-08T00:00+02:00,0
2023-04-08T00:15+02:00,0
2023-04-08T00:30+02:00,0
2023-04-08T00:45+02:00,0
2023-04-08T01:00+02:00,0
2023-04-08T01:15+02:00,0
2023-04-08T01:30+02:00,0
2023-04-08T01:45+02:00,0
2023-04-08T02:00+02:00,0
2023-04-08T02:15+02:00,0
2023-04-08T02:30+02:00,0
2023-04-08T02:45+02:00,0
2023-04-08T03:00+02:00,0
2023-04-08T03:15+02:00,0
2023-04-08T03:30+02:00,0
2023-04-08T03:45+02:00,0
2023-04-08T04:00+02:00,0
2023-04-08T04:15+02:00,0
2023-04-08T04:30+02:00,0
2023-04-08T04:45+02:00,0
2023-04-08T05:00+02:00,0
2023-04-08T05:15+02:00,0
2023-04-08T05:30+02:00,0
2023-04-08T05:45+02:00,0
2023-04-08T06:00+02:00,1
2023-04-08T06:15+02:00,2.8
2023-04-08T06:30+02:00,25.1
2023-04-08T06:45+02:00,95.1
2023-04-08T07:00+02:00,305.7
2023-04-08T07:15+02:00,622.8
2023-04-08T07:30+02:00,1066.7
2023-04-08T07:45+02:00,1679.2
2023-04-08T08:00+02:00,2422.7
2023-04-08T08:15+02:00,3275.2
2023-04-08T08:30+02:00,4168.4
2023-04-08T08:45+02:00,5121.7
2023-04-08T09:00+02:00,6095.3
2023-04-08T09:15+02:00,7107.1
2023-04-08T09:30+02:00,8107.9
2023-04-08T09:45+02:00,9071.1
2023-04-08T10:00+02:00,9989.5
2023-04-08T10:15+02:00,10908.9
2023-04-08T10:30+02:00,11795.6
2023-04-08T10:45+02:00,12601
2023-04-08T11:00+02:00,13302.3
2023-04-08T11:15+02:00,14034.3
2023-04-08T11:30+02:00,14651.1
2023-04-08T11:45+02:00,15158.5
2023-04-08T12:00+02:00,15604.4
2023-04-08T12:15+02:00,15978.8
2023-04-08T12:30+02:00,16254.9
2023-04-08T12:45+02:00,16385.1
2023-04-08T13:00+02:00,16475.5
2023-04-08T13:15+02:00,16480
2023-04-08T13:30+02:00,16374.1
2023-04-08T13:45+02:00,16140.5
2023-04-08T14:00+02:00,15859.5
2023-04-08T14:15+02:00,15597.1
2023-04-08T14:30+02:00,15238.9
2023-04-08T14:45+02:00,14775.9
2023-04-08T15:00+02:00,14246.2
2023-04-08T15:15+02:00,13668.6
2023-04-08T15:30+02:00,12997.4
2023-04-08T15:45+02:00,12242.2
2023-04-08T16:00+02:00,11464.4
2023-04-08T16:15+02:00,10685.5
2023-04-08T16:30+02:00,9851.8
2023-04-08T16:45+02:00,8959.8
2023-04-08T17:00+02:00,8140.1
2023-04-08T17:15+02:00,7287.8
2023-04-08T17:30+02:00,6371.7
2023-04-08T17:45+02:00,5397.9
2023-04-08T18:00+02:00,4430.3
2023-04-08T18:15+02:00,3478.7
2023-04-08T18:30+02:00,2554.2
2023-04-08T18:45+02:00,1742.6
2023-04-08T19:00+02:00,1103.2
2023-04-08T19:15+02:00,657.2
2023-04-08T19:30+02:00,312.6
2023-04-08T19:45+02:00,120.9
2023-04-08T20:00+02:00,39
2023-04-08T20:15+02:00,18
2023-04-08T20:30+02:00,0.4
2023-04-08T20:45+02:00,0.2
2023-04-08T21:00+02:00,0
2023-04-08T21:15+02:00,0
2023-04-08T21:30+02:00,0
2023-04-08T21:45+02:00,0
2023-04-08T22:00+02:00,0
2023-04-08T22:15+02:00,0
2023-04-08T22:30+02:00,0
2023-04-08T22:45+02:00,0
2023-04-08T23:00+02:00,0
2023-04-08T23:15+02:00,0
2023-04-08T23:30+02:00,0
2023-04-08T23:45+02:00,0
2023-04-09T00:00+02:00,0
2023-04-09T00:15+02:00,0
2023-04-09T00:30+02:00,0
2023-04-09T00:45+02:00,0
2023-04-09T01:00+02:00,0
2023-04-09T01:15+02:00,0
2023-04-09T01:30+02:00,0
2023-04-09T01:45+02:00,0
2023-04-09T02:00+02:00,0
2023-04-09T02:15+02:00,0
2023-04-09T02:30+02:00,0
2023-04-09T02:45+02:00,0
2023-04-09T03:00+02:00,0
2023-04-09T03:15+02:00,0
2023-04-09T03:30+02:00,0
2023-04-09T03:45+02:00,0
2023-04-09T04:00+02:00,0
2023-04-09T04:15+02:00,0
2023-04-09T04:30+02:00,0
2023-04-09T04:45+02:00,0
2023-04-09T05:00+02:00,0
2023-04-09T05:15+02:00,0
2023-04-09T05:30+02:00,0
2023-04-09T05:45+02:00,0
2023-04-09T06:00+02:00,0
2023-04-09T06:15+02:00,0
2023-04-09T06:30+02:00,20.2
2023-04-09T06:45+02:00,179.2
2023-04-09T07:00+02:00,586.4
2023-04-09T07:15+02:00,1280.8
2023-04-09T07:30+02:00,2273
2023-04-09T07:45+02:00,3567.4
2023-04-09T08:00+02:00,5070
2023-04-09T08:15+02:00,6750.2
2023-04-09T08:30+02:00,8585.1
2023-04-09T08:45+02:00,10541.5
2023-04-09T09:00+02:00,12537.3
2023-04-09T09:15+02:00,14591
2023-04-09T09:30+02:00,16646.2
2023-04-09T09:45+02:00,18610.3
2023-04-09T10:00+02:00,20489.1
2023-04-09T10:15+02:00,22269.8
2023-04-09T10:30+02:00,23810.4
2023-04-09T10:45+02:00,25074.7
2023-04-09T11:00+02:00,25982.8
2023-04-09T11:15+02:00,26584.7
2023-04-09T11:30+02:00,27012.5
2023-04-09T11:45+02:00,27285.5
2023-04-09T12:00+02:00,27434
2023-04-09T12:15+02:00,27507.4
2023-04-09T12:30+02:00,27527.6
2023-04-09T12:45+02:00,27429.4
2023-04-09T13:00+02:00,27242.2
2023-04-09T13:15+02:00,26902.4
2023-04-09T13:30+02:00,26428.3
2023-04-09T13:45+02:00,25807.8
2023-04-09T14:00+02:00,25159.1
2023-04-09T14:15+02:00,24831.6
2023-04-09T14:30+02:00,24371.5
2023-04-09T14:45+02:00,23779.5
2023-04-09T15:00+02:00,23103.8
2023-04-09T15:15+02:00,22341.4
2023-04-09T15:30+02:00,21467.4
2023-04-09T15:45+02:00,20483.9
2023-04-09T16:00+02:00,19438.2
2023-04-09T16:15+02:00,18331.9
2023-04-09T16:30+02:00,17078.7
2023-04-09T16:45+02:00,15697.3
2023-04-09T17:00+02:00,14272.9
2023-04-09T17:15+02:00,12776.3
2023-04-09T17:30+02:00,11142.1
2023-04-09T17:45+02:00,9450.9
2023-04-09T18:00+02:00,7790.3
2023-04-09T18:15+02:00,6143.7
2023-04-09T18:30+02:00,4504.4
2023-04-09T18:45+02:00,3027.3
2023-04-09T19:00+02:00,1895.8
2023-04-09T19:15+02:00,1098
2023-04-09T19:30+02:00,584.1
2023-04-09T19:45+02:00,237.4
2023-04-09T20:00+02:00,53.9
2023-04-09T20:15+02:00,24.1
2023-04-09T20:30+02:00,0
2023-04-09T20:45+02:00,0
2023-04-09T21:00+02:00,0
2023-04-09T21:15+02:00,0
2023-04-09T21:30+02:00,0
2023-04-09T21:45+02:00,0
2023-04-09T22:00+02:00,0
2023-04-09T22:15+02:00,0
2023-04-09T22:30+02:00,0
2023-04-09T22:45+02:00,0
2023-04-09T23:00+02:00,0
2023-04-09T23:15+02:00,0
2023-04-09T23:30+02:00,0
2023-04-09T23:45+02:00,0
2023-04-10T00:00+02:00,0
2023-04-10T00:15+02:00,0
2023-04-10T00:30+02:00,0
2023-04-10T00:45+02:00,0
2023-04-10T01:00+02:00,0
2023-04-10T01:15+02:00,0
2023-04-10T01:30+02:00,0
2023-04-10T01:45+02:00,0
2023-04-10T02:00+02:00,0
2023-04-10T02:15+02:00,0
2023-04-10T02:30+02:00,0
2023-04-10T02:45+02:00,0
2023-04-10T03:00+02:00,0
2023-04-10T03:15+02:00,0
2023-04-10T03:30+02:00,0
2023-04-10T03:45+02:00,0
2023-04-10T04:00+02:00,0
2023-04-10T04:15+02:00,0
2023-04-10T04:30+02:00,0
2023-04-10T04:45+02:00,0
2023-04-10T05:00+02:00,0
2023-04-10T05:15+02:00,0
2023-04-10T05:30+02:00,0
2023-04-10T05:45+02:00,0
2023-04-10T06:00+02:00,2
2023-04-10T06:15+02:00,0
2023-04-10T06:30+02:00,51.5
2023-04-10T06:45+02:00,288.7
2023-04-10T07:00+02:00,875.8
2023-04-10T07:15+02:00,1875.4
2023-04-10T07:30+02:00,3318.8
2023-04-10T07:45+02:00,5175.1
2023-04-10T08:00+02:00,7254.6
2023-04-10T08:15+02:00,9525.7
2023-04-10T08:30+02:00,11940.7
2023-04-10T08:45+02:00,14405.9
2023-04-10T09:00+02:00,16816.5
2023-04-10T09:15+02:00,19163.9
2023-04-10T09:30+02:00,21398
2023-04-10T09:45+02:00,23495.2
2023-04-10T10:00+02:00,25424.7
2023-04-10T10:15+02:00,27189.3
2023-04-10T10:30+02:00,28750
2023-04-10T10:45+02:00,30099.6
2023-04-10T11:00+02:00,31224.7
2023-04-10T11:15+02:00,32137.7
2023-04-10T11:30+02:00,32883.9
2023-04-10T11:45+02:00,33458
2023-04-10T12:00+02:00,33886.3
2023-04-10T12:15+02:00,34144.7
2023-04-10T12:30+02:00,34249.2
2023-04-10T12:45+02:00,34194.3
2023-04-10T13:00+02:00,33951.6
2023-04-10T13:15+02:00,33507.2
2023-04-10T13:30+02:00,32901.2
2023-04-10T13:45+02:00,32133.2
2023-04-10T14:00+02:00,31295.6
2023-04-10T14:15+02:00,30620.8
2023-04-10T14:30+02:00,29823.8
2023-04-10T14:45+02:00,28855.5
2023-04-10T15:00+02:00,27747.6
2023-04-10T15:15+02:00,26512.2
2023-04-10T15:30+02:00,25157
2023-04-10T15:45+02:00,23678.9
2023-04-10T16:00+02:00,22082.2
2023-04-10T16:15+02:00,20352.5
2023-04-10T16:30+02:00,18480.8
2023-04-10T16:45+02:00,16518.1
2023-04-10T17:00+02:00,14364.6
2023-04-10T17:15+02:00,12351.5
2023-04-10T17:30+02:00,10361.4
2023-04-10T17:45+02:00,8487.4
2023-04-10T18:00+02:00,6748.2
2023-04-10T18:15+02:00,5139
2023-04-10T18:30+02:00,3684.2
2023-04-10T18:45+02:00,2466.4
2023-04-10T19:00+02:00,1549.1
2023-04-10T19:15+02:00,906.8
2023-04-10T19:30+02:00,476.8
2023-04-10T19:45+02:00,210.8
2023-04-10T20:00+02:00,66.2
2023-04-10T20:15+02:00,31.1
2023-04-10T20:30+02:00,1.3
2023-04-10T20:45+02:00,0.3
2023-04-10T21:00+02:00,0
2023-04-10T21:15+02:00,0
2023-04-10T21:30+02:00,0
2023-04-10T21:45+02:00,0
2023-04-10T22:00+02:00,0
2023-04-10T22:15+02:00,0
2023-04-10T22:30+02:00,0
2023-04-10T22:45+02:00,0
2023-04-10T23:00+02:00,0
2023-04-10T23:15+02:00,0
2023-04-10T23:30+02:00,0
2023-04-10T23:45+02:00,0
2023-04-11T00:00+02:00,0
2023-04-11T00:15+02:00,0
2023-04-11T00:30+02:00,0
2023-04-11T00:45+02:00,0
2023-04-11T01:00+02:00,0
2023-04-11T01:15+02:00,0
2023-04-11T01:30+02:00,0
2023-04-11T01:45+02:00,0
2023-04-11T02:00+02:00,0
2023-04-11T02:15+02:00,0
2023-04-11T02:30+02:00,0
2023-04-11T02:45+02:00,0
2023-04-11T03:00+02:00,0
2023-04-11T03:15+02:00,0
2023-04-11T03:30+02:00,0
2023-04-11T03:45+02:00,0
2023-04-11T04:00+02:00,0
2023-04-11T04:15+02:00,0
2023-04-11T04:30+02:00,0
2023-04-11T04:45+02:00,0
2023-04-11T05:00+02:00,0
2023-04-11T05:15+02:00,0
2023-04-11T05:30+02:00,0
2023-04-11T05:45+02:00,0
2023-04-11T06:00+02:00,1.1
2023-04-11T06:15+02:00,19.3
2023-04-11T06:30+02:00,59.2
2023-04-11T06:45+02:00,182.9
2023-04-11T07:00+02:00,419.1
2023-04-11T07:15+02:00,718.3
2023-04-11T07:30+02:00,1151.8
2023-04-11T07:45+02:00,1731.8
2023-04-11T08:00+02:00,2456.1
2023-04-11T08:15+02:00,3306.9
2023-04-11T08:30+02:00,4246.7
2023-04-11T08:45+02:00,5272.9
2023-04-11T09:00+02:00,6370.7
2023-04-11T09:15+02:00,7527.5
2023-04-11T09:30+02:00,8715.5
2023-04-11T09:45+02:00,9941.2
2023-04-11T10:00+02:00,11190.5
2023-04-11T10:15+02:00,12446.4
2023-04-11T10:30+02:00,13658.5
2023-04-11T10:45+02:00,14775.6
2023-04-11T11:00+02:00,15975.1
2023-04-11T11:15+02:00,17173
2023-04-11T11:30+02:00,18308.7
2023-04-11T11:45+02:00,19365.1
2023-04-11T12:00+02:00,20365.2
2023-04-11T12:15+02:00,21276.5
2023-04-11T12:30+02:00,22016.6
2023-04-11T12:45+02:00,22641.6
2023-04-11T13:00+02:00,23227.2
2023-04-11T13:15+02:00,23731.8
2023-04-11T13:30+02:00,24059.8
2023-04-11T13:45+02:00,24207.9
2023-04-11T14:00+02:00,24364.5
2023-04-11T14:15+02:00,24241.9
2023-04-11T14:30+02:00,24016.3
2023-04-11T14:45+02:00,23654.3
2023-04-11T15:00+02:00,23177.6
2023-04-11T15:15+02:00,22562.5
2023-04-11T15:30+02:00,21821.8
2023-04-11T15:45+02:00,20924.3
2023-04-11T16:00+02:00,19916.2
2023-04-11T16:15+02:00,18767.2
2023-04-11T16:30+02:00,17467.6
2023-04-11T16:45+02:00,16030.3
2023-04-11T17:00+02:00,14627.9
2023-04-11T17:15+02:00,12992.6
2023-04-11T17:30+02:00,11286.1
2023-04-11T17:45+02:00,9560.4
2023-04-11T18:00+02:00,7852.6
2023-04-11T18:15+02:00,6190.4
2023-04-11T18:30+02:00,4561.5
2023-04-11T18:45+02:00,3106.2
2023-04-11T19:00+02:00,1973.9
2023-04-11T19:15+02:00,1179.1
2023-04-11T19:30+02:00,661.1
2023-04-11T19:45+02:00,299.5
2023-04-11T20:00+02:00,77.1
2023-04-11T20:15+02:00,20.4
2023-04-11T20:30+02:00,0
2023-04-11T20:45+02:00,0
2023-04-11T21:00+02:00,0
2023-04-11T21:15+02:00,0
2023-04-11T21:30+02:00,0
2023-04-11T21:45+02:00,0
2023-04-11T22:00+02:00,0
2023-04-11T22:15+02:00,0
2023-04-11T22:30+02:00,0
2023-04-11T22:45+02:00,0
2023-04-11T23:00+02:00,0
2023-04-11T23:15+02:00,0
2023-04-11T23:30+02:00,0
2023-04-11T23:45+02:00,0
2023-04-12T00:00+02:00,0
2023-04-12T00:15+02:00,0
2023-04-12T00:30+02:00,0
2023-04-12T00:45+02:00,0
2023-04-12T01:00+02:00,0
2023-04-12T01:15+02:00,0
2023-04-12T01:30+02:00,0
2023-04-12T01:45+02:00,0
2023-04-12T02:00+02:00,0
2023-04-12T02:15+02:00,0
2023-04-12T02:30+02:00,0
2023-04-12T02:45+02:00,0
2023-04-12T03:00+02:00,0
2023-04-12T03:15+02:00,0
2023-04-12T03:30+02:00,0
2023-04-12T03:45+02:00,0
2023-04-12T04:00+02:00,0
2023-04-12T04:15+02:00,0
2023-04-12T04:30+02:00,0
2023-04-12T04:45+02:00,0
2023-04-12T05:00+02:00,0
2023-04-12T05:15+02:00,0
2023-04-12T05:30+02:00,0
2023-04-12T05:45+02:00,0
2023-04-12T06:00+02:00,4.6
2023-04-12T06:15+02:00,18.8
2023-04-12T06:30+02:00,96.4
2023-04-12T06:45+02:00,269.9
2023-04-12T07:00+02:00,579.5
2023-04-12T07:15+02:00,1026.1
2023-04-12T07:30+02:00,1610.7
2023-04-12T07:45+02:00,2279.2
2023-04-12T08:00+02:00,2960.1
2023-04-12T08:15+02:00,3696.4
2023-04-12T08:30+02:00,4462.8
2023-04-12T08:45+02:00,5235.5
2023-04-12T09:00+02:00,5988.2
2023-04-12T09:15+02:00,6728
2023-04-12T09:30+02:00,7448.7
2023-04-12T09:45+02:00,8139.9
2023-04-12T10:00+02:00,8799.7
2023-04-12T10:15+02:00,9429.9
2023-04-12T10:30+02:00,10009.5
2023-04-12T10:45+02:00,10514.1
2023-04-12T11:00+02:00,10891.8
2023-04-12T11:15+02:00,11360.4
2023-04-12T11:30+02:00,11777.9
2023-04-12T11:45+02:00,12114.4
2023-04-12T12:00+02:00,12374.8
2023-04-12T12:15+02:00,12576.2
2023-04-12T12:30+02:00,12692.4
2023-04-12T12:45+02:00,12714.3
2023-04-12T13:00+02:00,12687.7
2023-04-12T13:15+02:00,12600.1
2023-04-12T13:30+02:00,12474.5
2023-04-12T13:45+02:00,12304.9
2023-04-12T14:00+02:00,12183.5
2023-04-12T14:15+02:00,12034.5
2023-04-12T14:30+02:00,11784.6
2023-04-12T14:45+02:00,11449.4
2023-04-12T15:00+02:00,11091.6
2023-04-12T15:15+02:00,10710.9
2023-04-12T15:30+02:00,10265
2023-04-12T15:45+02:00,9759.8
2023-04-12T16:00+02:00,9207.7
2023-04-12T16:15+02:00,8607.7
2023-04-12T16:30+02:00,7922.4
2023-04-12T16:45+02:00,7200.3
2023-04-12T17:00+02:00,6456.3
2023-04-12T17:15+02:00,5788.9
2023-04-12T17:30+02:00,5079
2023-04-12T17:45+02:00,4362.2
2023-04-12T18:00+02:00,3641
2023-04-12T18:15+02:00,2920.3
2023-04-12T18:30+02:00,2235.9
2023-04-12T18:45+02:00,1635.3
2023-04-12T19:00+02:00,1134.7
2023-04-12T19:15+02:00,738.1
2023-04-12T19:30+02:00,433.5
2023-04-12T19:45+02:00,218.4
2023-04-12T20:00+02:00,99.2
2023-04-12T20:15+02:00,53
2023-04-12T20:30+02:00,3.5
2023-04-12T20:45+02:00,1.5
2023-04-12T21:00+02:00,0
2023-04-12T21:15+02:00,0
2023-04-12T21:30+02:00,0
2023-04-12T21:45+02:00,0
2023-04-12T22:00+02:00,0
2023-04-12T22:15+02:00,0
2023-04-12T22:30+02:00,0
2023-04-12T22:45+02:00,0
2023-04-12T23:00+02:00,0
2023-04-12T23:15+02:00,0
2023-04-12T23:30+02:00,0
2023-04-12T23:45+02:00,0
2023-04-13T00:00+02:00,0
2023-04-13T00:15+02:00,0
2023-04-13T00:30+02:00,0
2023-04-13T00:45+02:00,0
2023-04-13T01:00+02:00,0
2023-04-13T01:15+02:00,0
2023-04-13T01:30+02:00,0
2023-04-13T01:45+02:00,0
2023-04-13T02:00+02:00,0
2023-04-13T02:15+02:00,0
2023-04-13T02:30+02:00,0
2023-04-13T02:45+02:00,0
2023-04-13T03:00+02:00,0
2023-04-13T03:15+02:00,0
2023-04-13T03:30+02:00,0
2023-04-13T03:45+02:00,0
2023-04-13T04:00+02:00,0
2023-04-13T04:15+02:00,0
2023-04-13T04:30+02:00,0
2023-04-13T04:45+02:00,0
2023-04-13T05:00+02:00,0
2023-04-13T05:15+02:00,0
2023-04-13T05:30+02:00,0
2023-04-13T05:45+02:00,0
2023-04-13T06:00+02:00,2.8
2023-04-13T06:15+02:00,30.9
2023-04-13T06:30+02:00,110.6
2023-04-13T06:45+02:00,320
2023-04-13T07:00+02:00,734
2023-04-13T07:15+02:00,1382.4
2023-04-13T07:30+02:00,2250.5
2023-04-13T07:45+02:00,3240.1
2023-04-13T08:00+02:00,4315
2023-04-13T08:15+02:00,5448.9
2023-04-13T08:30+02:00,6620.7
2023-04-13T08:45+02:00,7771.8
2023-04-13T09:00+02:00,8883.9
2023-04-13T09:15+02:00,9958.1
2023-04-13T09:30+02:00,10959
2023-04-13T09:45+02:00,11902.2
2023-04-13T10:00+02:00,12773.1
2023-04-13T10:15+02:00,13605.4
2023-04-13T10:30+02:00,14372.4
2023-04-13T10:45+02:00,15052.6
2023-04-13T11:00+02:00,15597
2023-04-13T11:15+02:00,16293.7
2023-04-13T11:30+02:00,16859.2
2023-04-13T11:45+02:00,17290.4
2023-04-13T12:00+02:00,17679.1
2023-04-13T12:15+02:00,18041.6
2023-04-13T12:30+02:00,18263.5
2023-04-13T12:45+02:00,18343.8
2023-04-13T13:00+02:00,18416.1
2023-04-13T13:15+02:00,18426.7
2023-04-13T13:30+02:00,18343.5
2023-04-13T13:45+02:00,18154.4
2023-04-13T14:00+02:00,17995.1
2023-04-13T14:15+02:00,17828.4
2023-04-13T14:30+02:00,17569
2023-04-13T14:45+02:00,17201.5
2023-04-13T15:00+02:00,16768.3
2023-04-13T15:15+02:00,16275.5
2023-04-13T15:30+02:00,15673.6
2023-04-13T15:45+02:00,14966.2
2023-04-13T16:00+02:00,14205.3
2023-04-13T16:15+02:00,13379.1
2023-04-13T16:30+02:00,12437.6
2023-04-13T16:45+02:00,11397.5
2023-04-13T17:00+02:00,10409.2
2023-04-13T17:15+02:00,9387
2023-04-13T17:30+02:00,8313.9
2023-04-13T17:45+02:00,7202.9
2023-04-13T18:00+02:00,6080.8
2023-04-13T18:15+02:00,4947.3
2023-04-13T18:30+02:00,3799.1
2023-04-13T18:45+02:00,2733.7
2023-04-13T19:00+02:00,1854.7
2023-04-13T19:15+02:00,1168.7
2023-04-13T19:30+02:00,655.9
2023-04-13T19:45+02:00,307.8
2023-04-13T20:00+02:00,96.9
2023-04-13T20:15+02:00,21.2
2023-04-13T20:30+02:00,0
2023-04-13T20:45+02:00,0
2023-04-13T21:00+02:00,0
2023-04-13T21:15+02:00,0
2023-04-13T21:30+02:00,0
2023-04-13T21:45+02:00,0
2023-04-13T22:00+02:00,0
2023-04-13T22:15+02:00,0
2023-04-13T22:30+02:00,0
2023-04-13T22:45+02:00,0
2023-04-13T23:00+02:00,0
2023-04-13T23:15+02:00,0
2023-04-13T23:30+02:00,0
2023-04-13T23:45+02:00,0
2023-04-14T00:00+02:00,0
2023-04-14T00:15+02:00,0
2023-04-14T00:30+02:00,0
2023-04-14T00:45+02:00,0
2023-04-14T01:00+02:00,0
2023-04-14T01:15+02:00,0
2023-04-14T01:30+02:00,0
2023-04-14T01:45+02:00,0
2023-04-14T02:00+02:00,0
2023-04-14T02:15+02:00,0
2023-04-14T02:30+02:00,0
2023-04-14T02:45+02:00,0
2023-04-14T03:00+02:00,0
2023-04-14T03:15+02:00,0
2023-04-14T03:30+02:00,0
2023-04-14T03:45+02:00,0
2023-04-14T04:00+02:00,0
2023-04-14T04:15+02:00,0
2023-04-14T04:30+02:00,0
2023-04-14T04:45+02:00,0
2023-04-14T05:00+02:00,0
2023-04-14T05:15+02:00,0
2023-04-14T05:30+02:00,0
2023-04-14T05:45+02:00,0
2023-04-14T06:00+02:00,1.5
2023-04-14T06:15+02:00,31.4
2023-04-14T06:30+02:00,99.5
2023-04-14T06:45+02:00,284.6
2023-04-14T07:00+02:00,661.4
2023-04-14T07:15+02:00,1279
2023-04-14T07:30+02:00,2151.1
2023-04-14T07:45+02:00,3199.7
2023-04-14T08:00+02:00,4295.9
2023-04-14T08:15+02:00,5546.5
2023-04-14T08:30+02:00,6900.8
2023-04-14T08:45+02:00,8319.6
2023-04-14T09:00+02:00,9687.5
2023-04-14T09:15+02:00,11036
2023-04-14T09:30+02:00,12339.4
2023-04-14T09:45+02:00,13591.1
2023-04-14T10:00+02:00,14754.7
2023-04-14T10:15+02:00,15812.3
2023-04-14T10:30+02:00,16724.8
2023-04-14T10:45+02:00,17493.9
2023-04-14T11:00+02:00,17985.9
2023-04-14T11:15+02:00,18616.4
2023-04-14T11:30+02:00,19159.6
2023-04-14T11:45+02:00,19617.6
2023-04-14T12:00+02:00,19989
2023-04-14T12:15+02:00,20273.6
2023-04-14T12:30+02:00,20478
2023-04-14T12:45+02:00,20608.3
2023-04-14T13:00+02:00,20660
2023-04-14T13:15+02:00,20626.7
2023-04-14T13:30+02:00,20499
2023-04-14T13:45+02:00,20300.4
2023-04-14T14:00+02:00,20231.6
2023-04-14T14:15+02:00,20024.7
2023-04-14T14:30+02:00,19719.8
2023-04-14T14:45+02:00,19315.6
2023-04-14T15:00+02:00,18806.5
2023-04-14T15:15+02:00,18204.6
2023-04-14T15:30+02:00,17486.3
2023-04-14T15:45+02:00,16672.7
2023-04-14T16:00+02:00,15782.8
2023-04-14T16:15+02:00,14816.6
2023-04-14T16:30+02:00,13766.6
2023-04-14T16:45+02:00,12653.8
2023-04-14T17:00+02:00,11522.5
2023-04-14T17:15+02:00,10332.3
2023-04-14T17:30+02:00,9095.8
2023-04-14T17:45+02:00,7836.8
2023-04-14T18:00+02:00,6558.4
2023-04-14T18:15+02:00,5298.2
2023-04-14T18:30+02:00,4096.1
2023-04-14T18:45+02:00,2982.4
2023-04-14T19:00+02:00,2020.9
2023-04-14T19:15+02:00,1294.2
2023-04-14T19:30+02:00,775.6
2023-04-14T19:45+02:00,390.3
2023-04-14T20:00+02:00,140.8
2023-04-14T20:15+02:00,66.8
2023-04-14T20:30+02:00,6
2023-04-14T20:45+02:00,0.4
2023-04-14T21:00+02:00,0
2023-04-14T21:15+02:00,0
2023-04-14T21:30+02:00,0
2023-04-14T21:45+02:00,0
2023-04-14T22:00+02:00,0
2023-04-14T22:15+02:00,0
2023-04-14T22:30+02:00,0
2023-04-14T22:45+02:00,0
2023-04-14T23:00+02:00,0
2023-04-14T23:15+02:00,0
2023-04-14T23:30+02:00,0
2023-04-14T23:45+02:00,0
2023-04-15T00:00+02:00,0
2023-04-15T00:15+02:00,0
2023-04-15T00:30+02:00,0
2023-04-15T00:45+02:00,0
2023-04-15T01:00+02:00,0
2023-04-15T01:15+02:00,0
2023-04-15T01:30+02:00,0
2023-04-15T01:45+02:00,0
2023-04-15T02:00+02:00,0
2023-04-15T02:15+02:00,0
2023-04-15T02:30+02:00,0
2023-04-15T02:45+02:00,0
2023-04-15T03:00+02:00,0
2023-04-15T03:15+02:00,0
2023-04-15T03:30+02:00,0
2023-04-15T03:45+02:00,0
2023-04-15T04:00+02:00,0
2023-04-15T04:15+02:00,0
2023-04-15T04:30+02:00,0
2023-04-15T04:45+02:00,0
2023-04-15T05:00+02:00,0
2023-04-15T05:15+02:00,0
2023-04-15T05:30+02:00,0
2023-04-15T05:45+02:00,0
2023-04-15T06:00+02:00,3.3
2023-04-15T06:15+02:00,47.3
2023-04-15T06:30+02:00,124.6
2023-04-15T06:45+02:00,312.2
2023-04-15T07:00+02:00,649.9
2023-04-15T07:15+02:00,1155.1
2023-04-15T07:30+02:00,1828.7
2023-04-15T07:45+02:00,2627.8
2023-04-15T08:00+02:00,3477.3
2023-04-15T08:15+02:00,4383.7
2023-04-15T08:30+02:00,5333.1
2023-04-15T08:45+02:00,6288.3
2023-04-15T09:00+02:00,7232.4
2023-04-15T09:15+02:00,8203.3
2023-04-15T09:30+02:00,9107.3
2023-04-15T09:45+02:00,9938.4
2023-04-15T10:00+02:00,10675.8
2023-04-15T10:15+02:00,11302
2023-04-15T10:30+02:00,11796
2023-04-15T10:45+02:00,12154.4
2023-04-15T11:00+02:00,12097.7
2023-04-15T11:15+02:00,12287.4
2023-04-15T11:30+02:00,12384.1
2023-04-15T11:45+02:00,12412.3
2023-04-15T12:00+02:00,12410.4
2023-04-15T12:15+02:00,12381.9
2023-04-15T12:30+02:00,12307.8
2023-04-15T12:45+02:00,12192.4
2023-04-15T13:00+02:00,12039.2
2023-04-15T13:15+02:00,11840.7
2023-04-15T13:30+02:00,11584.6
2023-04-15T13:45+02:00,11269.6
2023-04-15T14:00+02:00,10899.8
2023-04-15T14:15+02:00,10655.7
2023-04-15T14:30+02:00,10359.6
2023-04-15T14:45+02:00,10009.5
2023-04-15T15:00+02:00,9621.6
2023-04-15T15:15+02:00,9202.5
2023-04-15T15:30+02:00,8726.7
2023-04-15T15:45+02:00,8211.6
2023-04-15T16:00+02:00,7670.1
2023-04-15T16:15+02:00,7088.8
2023-04-15T16:30+02:00,6466.9
2023-04-15T16:45+02:00,5831.9
2023-04-15T17:00+02:00,5237.6
2023-04-15T17:15+02:00,4621.6
2023-04-15T17:30+02:00,4002.1
2023-04-15T17:45+02:00,3399.9
2023-04-15T18:00+02:00,2816.3
2023-04-15T18:15+02:00,2241.1
2023-04-15T18:30+02:00,1709.7
2023-04-15T18:45+02:00,1253.2
2023-04-15T19:00+02:00,875
2023-04-15T19:15+02:00,568.9
2023-04-15T19:30+02:00,368.2
2023-04-15T19:45+02:00,208.8
2023-04-15T20:00+02:00,105.1
2023-04-15T20:15+02:00,54.8
2023-04-15T20:30+02:00,25.6
2023-04-15T20:45+02:00,2.2
2023-04-15T21:00+02:00,0
2023-04-15T21:15+02:00,0
2023-04-15T21:30+02:00,0
2023-04-15T21:45+02:00,0
2023-04-15T22:00+02:00,0
2023-04-15T22:15+02:00,0
2023-04-15T22:30+02:00,0
2023-04-15T22:45+02:00,0
2023-04-15T23:00+02:00,0
2023-04-15T23:15+02:00,0
2023-04-15T23:30+02:00,0
2023-04-15T23:45+02:00,0
2023-04-16T00:00+02:00,0
2023-04-16T00:15+02:00,0
2023-04-16T00:30+02:00,0
2023-04-16T00:45+02:00,0
2023-04-16T01:00+02:00,0
2023-04-16T01:15+02:00,0
2023-04-16T01:30+02:00,0
2023-04-16T01:45+02:00,0
2023-04-16T02:00+02:00,0
2023-04-16T02:15+02:00,0
2023-04-16T02:30+02:00,0
2023-04-16T02:45+02:00,0
2023-04-16T03:00+02:00,0
2023-04-16T03:15+02:00,0
2023-04-16T03:30+02:00,0
2023-04-16T03:45+02:00,0
2023-04-16T04:00+02:00,0
2023-04-16T04:15+02:00,0
2023-04-16T04:30+02:00,0
2023-04-16T04:45+02:00,0
2023-04-16T05:00+02:00,0
2023-04-16T05:15+02:00,0
2023-04-16T05:30+02:00,0
2023-04-16T05:45+02:00,0
2023-04-16T06:00+02:00,2.5
2023-04-16T06:15+02:00,32.8
2023-04-16T06:30+02:00,127.6
2023-04-16T06:45+02:00,274.1
2023-04-16T07:00+02:00,484.8
2023-04-16T07:15+02:00,774.9
2023-04-16T07:30+02:00,1143.7
2023-04-16T07:45+02:00,1589.2
2023-04-16T08:00+02:00,2106.6
2023-04-16T08:15+02:00,2669.3
2023-04-16T08:30+02:00,3293
2023-04-16T08:45+02:00,3947.6
2023-04-16T09:00+02:00,4621.5
2023-04-16T09:15+02:00,5295.7
2023-04-16T09:30+02:00,5962.5
2023-04-16T09:45+02:00,6611.5
2023-04-16T10:00+02:00,7241.6
2023-04-16T10:15+02:00,7864.8
2023-04-16T10:30+02:00,8439
2023-04-16T10:45+02:00,8958.2
2023-04-16T11:00+02:00,9466.5
2023-04-16T11:15+02:00,10058.6
2023-04-16T11:30+02:00,10603.5
2023-04-16T11:45+02:00,11095.5
2023-04-16T12:00+02:00,11561
2023-04-16T12:15+02:00,11983.7
2023-04-16T12:30+02:00,12309.8
2023-04-16T12:45+02:00,12543.9
2023-04-16T13:00+02:00,12765.6
2023-04-16T13:15+02:00,12918.5
2023-04-16T13:30+02:00,12970.1
2023-04-16T13:45+02:00,12926.2
2023-04-16T14:00+02:00,12815.6
2023-04-16T14:15+02:00,12817.5
2023-04-16T14:30+02:00,12714.4
2023-04-16T14:45+02:00,12519.4
2023-04-16T15:00+02:00,12269.7
2023-04-16T15:15+02:00,11941.8
2023-04-16T15:30+02:00,11493.6
2023-04-16T15:45+02:00,10938.6
2023-04-16T16:00+02:00,10346.9
2023-04-16T16:15+02:00,9741.2
2023-04-16T16:30+02:00,9085.8
2023-04-16T16:45+02:00,8389.7
2023-04-16T17:00+02:00,7700.7
2023-04-16T17:15+02:00,6962.5
2023-04-16T17:30+02:00,6173.9
2023-04-16T17:45+02:00,5358.7
2023-04-16T18:00+02:00,4507.3
2023-04-16T18:15+02:00,3670.3
2023-04-16T18:30+02:00,2847
2023-04-16T18:45+02:00,2091.1
2023-04-16T19:00+02:00,1470.3
2023-04-16T19:15+02:00,983.5
2023-04-16T19:30+02:00,592.7
2023-04-16T19:45+02:00,303.6
2023-04-16T20:00+02:00,130.2
2023-04-16T20:15+02:00,50.3
2023-04-16T20:30+02:00,29.4
2023-04-16T20:45+02:00,2
2023-04-16T21:00+02:00,0
2023-04-16T21:15+02:00,0
2023-04-16T21:30+02:00,0
2023-04-16T21:45+02:00,0
2023-04-16T22:00+02:00,0
2023-04-16T22:15+02:00,0
2023-04-16T22:30+02:00,0
2023-04-16T22:45+02:00,0
2023-04-16T23:00+02:00,0
2023-04-16T23:15+02:00,0
2023-04-16T23:30+02:00,0
2023-04-16T23:45+02:00,0
2023-04-17T00:00+02:00,0
2023-04-17T00:15+02:00,0
2023-04-17T00:30+02:00,0
2023-04-17T00:45+02:00,0
2023-04-17T01:00+02:00,0
2023-04-17T01:15+02:00,0
2023-04-17T01:30+02:00,0
2023-04-17T01:45+02:00,0
2023-04-17T02:00+02:00,0
2023-04-17T02:15+02:00,0
2023-04-17T02:30+02:00,0
2023-04-17T02:45+02:00,0
2023-04-17T03:00+02:00,0
2023-04-17T03:15+02:00,0
2023-04-17T03:30+02:00,0
2023-04-17T03:45+02:00,0
2023-04-17T04:00+02:00,0
2023-04-17T04:15+02:00,0
2023-04-17T04:30+02:00,0
2023-04-17T04:45+02:00,0
2023-04-17T05:00+02:00,0
2023-04-17T05:15+02:00,0
2023-04-17T05:30+02:00,0
2023-04-17T05:45+02:00,0
2023-04-17T06:00+02:00,5.1
2023-04-17T06:15+02:00,25.9
2023-04-17T06:30+02:00,122.5
2023-04-17T06:45+02:00,342.1
2023-04-17T07:00+02:00,726.6
2023-04-17T07:15+02:00,1255
2023-04-17T07:30+02:00,2036.2
2023-04-17T07:45+02:00,2967.1
2023-04-17T08:00+02:00,4011.5
2023-04-17T08:15+02:00,5126
2023-04-17T08:30+02:00,6274.7
2023-04-17T08:45+02:00,7459.7
2023-04-17T09:00+02:00,8655.8
2023-04-17T09:15+02:00,9869.1
2023-04-17T09:30+02:00,11087.7
2023-04-17T09:45+02:00,12309.3
2023-04-17T10:00+02:00,13508.2
2023-04-17T10:15+02:00,14681.6
2023-04-17T10:30+02:00,15816.6
2023-04-17T10:45+02:00,16916.5
2023-04-17T11:00+02:00,17954.9
2023-04-17T11:15+02:00,18954.6
2023-04-17T11:30+02:00,19837
2023-04-17T11:45+02:00,20589.3
2023-04-17T12:00+02:00,21284.4
2023-04-17T12:15+02:00,21927.6
2023-04-17T12:30+02:00,22362.6
2023-04-17T12:45+02:00,22616.1
2023-04-17T13:00+02:00,22807.4
2023-04-17T13:15+02:00,22952.5
2023-04-17T13:30+02:00,22987.9
2023-04-17T13:45+02:00,22893.3
2023-04-17T14:00+02:00,22745.7
2023-04-17T14:15+02:00,22598.7
2023-04-17T14:30+02:00,22306.5
2023-04-17T14:45+02:00,21892.8
2023-04-17T15:00+02:00,21389.4
2023-04-17T15:15+02:00,20793.4
2023-04-17T15:30+02:00,20061.5
2023-04-17T15:45+02:00,19192.1
2023-04-17T16:00+02:00,18263.8
2023-04-17T16:15+02:00,17220
2023-04-17T16:30+02:00,16060.9
2023-04-17T16:45+02:00,14784.8
2023-04-17T17:00+02:00,13578.9
2023-04-17T17:15+02:00,12217.7
2023-04-17T17:30+02:00,10792.9
2023-04-17T17:45+02:00,9317
2023-04-17T18:00+02:00,7829.4
2023-04-17T18:15+02:00,6331.6
2023-04-17T18:30+02:00,4877.2
2023-04-17T18:45+02:00,3535.3
2023-04-17T19:00+02:00,2436.5
2023-04-17T19:15+02:00,1566.1
2023-04-17T19:30+02:00,901.7
2023-04-17T19:45+02:00,449.8
2023-04-17T20:00+02:00,150.2
2023-04-17T20:15+02:00,40.5
2023-04-17T20:30+02:00,16.3
2023-04-17T20:45+02:00,0
2023-04-17T21:00+02:00,0
2023-04-17T21:15+02:00,0
2023-04-17T21:30+02:00,0
2023-04-17T21:45+02:00,0
2023-04-17T22:00+02:00,0
2023-04-17T22:15+02:00,0
2023-04-17T22:30+02:00,0
2023-04-17T22:45+02:00,0
2023-04-17T23:00+02:00,0
2023-04-17T23:15+02:00,0
2023-04-17T23:30+02:00,0
2023-04-17T23:45+02:00,0
2023-04-18T00:00+02:00,0
2023-04-18T00:15+02:00,0
2023-04-18T00:30+02:00,0
2023-04-18T00:45+02:00,0
2023-04-18T01:00+02:00,0
2023-04-18T01:15+02:00,0
2023-04-18T01:30+02:00,0
2023-04-18T01:45+02:00,0
2023-04-18T02:00+02:00,0
2023-04-18T02:15+02:00,0
2023-04-18T02:30+02:00,0
2023-04-18T02:45+02:00,0
2023-04-18T03:00+02:00,0
2023-04-18T03:15+02:00,0
2023-04-18T03:30+02:00,0
2023-04-18T03:45+02:00,0
2023-04-18T04:00+02:00,0
2023-04-18T04:15+02:00,0
2023-04-18T04:30+02:00,0
2023-04-18T04:45+02:00,0
2023-04-18T05:00+02:00,0
2023-04-18T05:15+02:00,0
2023-04-18T05:30+02:00,0
2023-04-18T05:45+02:00,0
2023-04-18T06:00+02:00,6.5
2023-04-18T06:15+02:00,34.8
2023-04-18T06:30+02:00,161.6
2023-04-18T06:45+02:00,425.9
2023-04-18T07:00+02:00,902.7
2023-04-18T07:15+02:00,1616.3
2023-04-18T07:30+02:00,2519.7
2023-04-18T07:45+02:00,3553
2023-04-18T08:00+02:00,4697.1
2023-04-18T08:15+02:00,5901
2023-04-18T08:30+02:00,7150.1
2023-04-18T08:45+02:00,8423.1
2023-04-18T09:00+02:00,9646.8
2023-04-18T09:15+02:00,10879
2023-04-18T09:30+02:00,12055.3
2023-04-18T09:45+02:00,13175.8
2023-04-18T10:00+02:00,14251.6
2023-04-18T10:15+02:00,15264.8
2023-04-18T10:30+02:00,16138.4
2023-04-18T10:45+02:00,16853.3
2023-04-18T11:00+02:00,17394.6
2023-04-18T11:15+02:00,18093.6
2023-04-18T11:30+02:00,18695.6
2023-04-18T11:45+02:00,19165.8
2023-04-18T12:00+02:00,19591.5
2023-04-18T12:15+02:00,19961.6
2023-04-18T12:30+02:00,20255.8
2023-04-18T12:45+02:00,20446.1
2023-04-18T13:00+02:00,20527.7
2023-04-18T13:15+02:00,20484.4
2023-04-18T13:30+02:00,20340.8
2023-04-18T13:45+02:00,20100.5
2023-04-18T14:00+02:00,19887.6
2023-04-18T14:15+02:00,19797.2
2023-04-18T14:30+02:00,19615.2
2023-04-18T14:45+02:00,19329.2
2023-04-18T15:00+02:00,18898.2
2023-04-18T15:15+02:00,18306.1
2023-04-18T15:30+02:00,17569.6
2023-04-18T15:45+02:00,16736.3
2023-04-18T16:00+02:00,15890.2
2023-04-18T16:15+02:00,14994
2023-04-18T16:30+02:00,14026.2
2023-04-18T16:45+02:00,12962.2
2023-04-18T17:00+02:00,11976.9
2023-04-18T17:15+02:00,10886.2
2023-04-18T17:30+02:00,9650.1
2023-04-18T17:45+02:00,8367
2023-04-18T18:00+02:00,7082.8
2023-04-18T18:15+02:00,5794
2023-04-18T18:30+02:00,4524.4
2023-04-18T18:45+02:00,3340.3
2023-04-18T19:00+02:00,2328.8
2023-04-18T19:15+02:00,1532.9
2023-04-18T19:30+02:00,899.3
2023-04-18T19:45+02:00,423.6
2023-04-18T20:00+02:00,159.9
2023-04-18T20:15+02:00,50.7
2023-04-18T20:30+02:00,24.8
2023-04-18T20:45+02:00,0
2023-04-18T21:00+02:00,0
2023-04-18T21:15+02:00,0
2023-04-18T21:30+02:00,0
2023-04-18T21:45+02:00,0
2023-04-18T22:00+02:00,0
2023-04-18T22:15+02:00,0
2023-04-18T22:30+02:00,0
2023-04-18T22:45+02:00,0
2023-04-18T23:00+02:00,0
2023-04-18T23:15+02:00,0
2023-04-18T23:30+02:00,0
2023-04-18T23:45+02:00,0
2023-04-19T00:00+02:00,0
2023-04-19T00:15+02:00,0
2023-04-19T00:30+02:00,0
2023-04-19T00:45+02:00,0
2023-04-19T01:00+02:00,0
2023-04-19T01:15+02:00,0
2023-04-19T01:30+02:00,0
2023-04-19T01:45+02:00,0
2023-04-19T02:00+02:00,0
2023-04-19T02:15+02:00,0
2023-04-19T02:30+02:00,0
2023-04-19T02:45+02:00,0
2023-04-19T03:00+02:00,0
2023-04-19T03:15+02:00,0
2023-04-19T03:30+02:00,0
2023-04-19T03:45+02:00,0
2023-04-19T04:00+02:00,0
2023-04-19T04:15+02:00,0
2023-04-19T04:30+02:00,0
2023-04-19T04:45+02:00,0
2023-04-19T05:00+02:00,0
2023-04-19T05:15+02:00,0
2023-04-19T05:30+02:00,0
2023-04-19T05:45+02:00,0
2023-04-19T06:00+02:00,14.2
2023-04-19T06:15+02:00,76.3
2023-04-19T06:30+02:00,283.7
2023-04-19T06:45+02:00,667.9
2023-04-19T07:00+02:00,1316.6
2023-04-19T07:15+02:00,2297.4
2023-04-19T07:30+02:00,3534.7
2023-04-19T07:45+02:00,4923.3
2023-04-19T08:00+02:00,6381.4
2023-04-19T08:15+02:00,7966.5
2023-04-19T08:30+02:00,9611.2
2023-04-19T08:45+02:00,11276.3
2023-04-19T09:00+02:00,12914.1
2023-04-19T09:15+02:00,14581.2
2023-04-19T09:30+02:00,16179.8
2023-04-19T09:45+02:00,17697.5
2023-04-19T10:00+02:00,19092.4
2023-04-19T10:15+02:00,20365.9
2023-04-19T10:30+02:00,21541.6
2023-04-19T10:45+02:00,22587.4
2023-04-19T11:00+02:00,23340.4
2023-04-19T11:15+02:00,24195.7
2023-04-19T11:30+02:00,24908.6
2023-04-19T11:45+02:00,25511.4
2023-04-19T12:00+02:00,26049.2
2023-04-19T12:15+02:00,26506.7
2023-04-19T12:30+02:00,26722.8
2023-04-19T12:45+02:00,26886
2023-04-19T13:00+02:00,26956.7
2023-04-19T13:15+02:00,26917.7
2023-04-19T13:30+02:00,26737
2023-04-19T13:45+02:00,26425
2023-04-19T14:00+02:00,25950.7
2023-04-19T14:15+02:00,25607.8
2023-04-19T14:30+02:00,25111.2
2023-04-19T14:45+02:00,24482.8
2023-04-19T15:00+02:00,23773
2023-04-19T15:15+02:00,22940.6
2023-04-19T15:30+02:00,21983.5
2023-04-19T15:45+02:00,20926
2023-04-19T16:00+02:00,19760.4
2023-04-19T16:15+02:00,18463.5
2023-04-19T16:30+02:00,17063.7
2023-04-19T16:45+02:00,15599.1
2023-04-19T17:00+02:00,14110.5
2023-04-19T17:15+02:00,12546.2
2023-04-19T17:30+02:00,10972.7
2023-04-19T17:45+02:00,9388.9
2023-04-19T18:00+02:00,7799
2023-04-19T18:15+02:00,6211.6
2023-04-19T18:30+02:00,4715.1
2023-04-19T18:45+02:00,3402.1
2023-04-19T19:00+02:00,2327
2023-04-19T19:15+02:00,1512.1
2023-04-19T19:30+02:00,922.4
2023-04-19T19:45+02:00,486.4
2023-04-19T20:00+02:00,205.4
2023-04-19T20:15+02:00,51.4
2023-04-19T20:30+02:00,14.5
2023-04-19T20:45+02:00,0
2023-04-19T21:00+02:00,0
2023-04-19T21:15+02:00,0
2023-04-19T21:30+02:00,0
2023-04-19T21:45+02:00,0
2023-04-19T22:00+02:00,0
2023-04-19T22:15+02:00,0
2023-04-19T22:30+02:00,0
2023-04-19T22:45+02:00,0
2023-04-19T23:00+02:00,0
2023-04-19T23:15+02:00,0
2023-04-19T23:30+02:00,0
2023-04-19T23:45+02:00,0
2023-04-20T00:00+02:00,0
2023-04-20T00:15+02:00,0
2023-04-20T00:30+02:00,0
2023-04-20T00:45+02:00,0
2023-04-20T01:00+02:00,0
2023-04-20T01:15+02:00,0
2023-04-20T01:30+02:00,0
2023-04-20T01:45+02:00,0
2023-04-20T02:00+02:00,0
2023-04-20T02:15+02:00,0
2023-04-20T02:30+02:00,0
2023-04-20T02:45+02:00,0
2023-04-20T03:00+02:00,0
2023-04-20T03:15+02:00,0
2023-04-20T03:30+02:00,0
2023-04-20T03:45+02:00,0
2023-04-20T04:00+02:00,0
2023-04-20T04:15+02:00,0
2023-04-20T04:30+02:00,0
2023-04-20T04:45+02:00,0
2023-04-20T05:00+02:00,0
2023-04-20T05:15+02:00,0
2023-04-20T05:30+02:00,0
2023-04-20T05:45+02:00,0
2023-04-20T06:00+02:00,12.4
2023-04-20T06:15+02:00,54.6
2023-04-20T06:30+02:00,194.8
2023-04-20T06:45+02:00,447
2023-04-20T07:00+02:00,874.6
2023-04-20T07:15+02:00,1540.7
2023-04-20T07:30+02:00,2386.4
2023-04-20T07:45+02:00,3346.7
2023-04-20T08:00+02:00,4361.6
2023-04-20T08:15+02:00,5432.1
2023-04-20T08:30+02:00,6546
2023-04-20T08:45+02:00,7634.7
2023-04-20T09:00+02:00,8691
2023-04-20T09:15+02:00,9729.6
2023-04-20T09:30+02:00,10717.7
2023-04-20T09:45+02:00,11613.8
2023-04-20T10:00+02:00,12459.2
2023-04-20T10:15+02:00,13249.9
2023-04-20T10:30+02:00,13956.6
2023-04-20T10:45+02:00,14567.5
2023-04-20T11:00+02:00,15209.5
2023-04-20T11:15+02:00,15870.5
2023-04-20T11:30+02:00,16443.8
2023-04-20T11:45+02:00,16863
2023-04-20T12:00+02:00,17239.3
2023-04-20T12:15+02:00,17543.3
2023-04-20T12:30+02:00,17764.7
2023-04-20T12:45+02:00,17859
2023-04-20T13:00+02:00,17942.3
2023-04-20T13:15+02:00,17956.9
2023-04-20T13:30+02:00,17831.6
2023-04-20T13:45+02:00,17568.9
2023-04-20T14:00+02:00,17152.2
2023-04-20T14:15+02:00,17089.1
2023-04-20T14:30+02:00,16876.7
2023-04-20T14:45+02:00,16534.3
2023-04-20T15:00+02:00,16137.9
2023-04-20T15:15+02:00,15652.5
2023-04-20T15:30+02:00,15075.2
2023-04-20T15:45+02:00,14388.2
2023-04-20T16:00+02:00,13660.9
2023-04-20T16:15+02:00,12850.1
2023-04-20T16:30+02:00,11946.3
2023-04-20T16:45+02:00,10957.8
2023-04-20T17:00+02:00,10016
2023-04-20T17:15+02:00,8997.3
2023-04-20T17:30+02:00,7925.4
2023-04-20T17:45+02:00,6835.8
2023-04-20T18:00+02:00,5736.1
2023-04-20T18:15+02:00,4652.9
2023-04-20T18:30+02:00,3603.1
2023-04-20T18:45+02:00,2641.9
2023-04-20T19:00+02:00,1856.5
2023-04-20T19:15+02:00,1247.8
2023-04-20T19:30+02:00,774
2023-04-20T19:45+02:00,414.9
2023-04-20T20:00+02:00,181.2
2023-04-20T20:15+02:00,68.3
2023-04-20T20:30+02:00,33.2
2023-04-20T20:45+02:00,0
2023-04-20T21:00+02:00,0
2023-04-20T21:15+02:00,0
2023-04-20T21:30+02:00,0
2023-04-20T21:45+02:00,0
2023-04-20T22:00+02:00,0
2023-04-20T22:15+02:00,0
2023-04-20T22:30+02:00,0
2023-04-20T22:45+02:00,0
2023-04-20T23:00+02:00,0
2023-04-20T23:15+02:00,0
2023-04-20T23:30+02:00,0
2023-04-20T23:45+02:00,0
2023-04-21T00:00+02:00,0
2023-04-21T00:15+02:00,0
2023-04-21T00:30+02:00,0
2023-04-21T00:45+02:00,0
2023-04-21T01:00+02:00,0
2023-04-21T01:15+02:00,0
2023-04-21T01:30+02:00,0
2023-04-21T01:45+02:00,0
2023-04-21T02:00+02:00,0
2023-04-21T02:15+02:00,0
2023-04-21T02:30+02:00,0
2023-04-21T02:45+02:00,0
2023-04-21T03:00+02:00,0
2023-04-21T03:15+02:00,0
2023-04-21T03:30+02:00,0
2023-04-21T03:45+02:00,0
2023-04-21T04:00+02:00,0
2023-04-21T04:15+02:00,0
2023-04-21T04:30+02:00,0
2023-04-21T04:45+02:00,0
2023-04-21T05:00+02:00,0
2023-04-21T05:15+02:00,0
2023-04-21T05:30+02:00,0
2023-04-21T05:45+02:00,0
2023-04-21T06:00+02:00,32.2
2023-04-21T06:15+02:00,160.2
2023-04-21T06:30+02:00,430.6
2023-04-21T06:45+02:00,915.4
2023-04-21T07:00+02:00,1752.4
2023-04-21T07:15+02:00,2986.8
2023-04-21T07:30+02:00,4535.8
2023-04-21T07:45+02:00,6273.2
2023-04-21T08:00+02:00,8184.9
2023-04-21T08:15+02:00,10201.8
2023-04-21T08:30+02:00,12319.4
2023-04-21T08:45+02:00,14455.7
2023-04-21T09:00+02:00,16542.4
2023-04-21T09:15+02:00,18680.7
2023-04-21T09:30+02:00,20759.8
2023-04-21T09:45+02:00,22722.5
2023-04-21T10:00+02:00,24465.6
2023-04-21T10:15+02:00,26025.1
2023-04-21T10:30+02:00,27405.3
2023-04-21T10:45+02:00,28656.2
2023-04-21T11:00+02:00,29789.2
2023-04-21T11:15+02:00,30872
2023-04-21T11:30+02:00,31819.7
2023-04-21T11:45+02:00,32630.4
2023-04-21T12:00+02:00,33256.3
2023-04-21T12:15+02:00,33726.2
2023-04-21T12:30+02:00,34084
2023-04-21T12:45+02:00,34320.4
2023-04-21T13:00+02:00,34439.8
2023-04-21T13:15+02:00,34432.9
2023-04-21T13:30+02:00,34259.1
2023-04-21T13:45+02:00,33947.7
2023-04-21T14:00+02:00,33316.1
2023-04-21T14:15+02:00,32801.2
2023-04-21T14:30+02:00,32152.5
2023-04-21T14:45+02:00,31370.1
2023-04-21T15:00+02:00,30457.4
2023-04-21T15:15+02:00,29428.9
2023-04-21T15:30+02:00,28280
2023-04-21T15:45+02:00,26987.6
2023-04-21T16:00+02:00,25562.3
2023-04-21T16:15+02:00,23991.4
2023-04-21T16:30+02:00,22288.2
2023-04-21T16:45+02:00,20511.7
2023-04-21T17:00+02:00,18697.1
2023-04-21T17:15+02:00,16719.3
2023-04-21T17:30+02:00,14668.3
2023-04-21T17:45+02:00,12577.1
2023-04-21T18:00+02:00,10483.2
2023-04-21T18:15+02:00,8429.8
2023-04-21T18:30+02:00,6427.9
2023-04-21T18:45+02:00,4611.1
2023-04-21T19:00+02:00,3137.9
2023-04-21T19:15+02:00,2008.3
2023-04-21T19:30+02:00,1186.3
2023-04-21T19:45+02:00,605.3
2023-04-21T20:00+02:00,240.3
2023-04-21T20:15+02:00,75.6
2023-04-21T20:30+02:00,28.1
2023-04-21T20:45+02:00,0
2023-04-21T21:00+02:00,0
2023-04-21T21:15+02:00,0
2023-04-21T21:30+02:00,0
2023-04-21T21:45+02:00,0
2023-04-21T22:00+02:00,0
2023-04-21T22:15+02:00,0
2023-04-21T22:30+02:00,0
2023-04-21T22:45+02:00,0
2023-04-21T23:00+02:00,0
2023-04-21T23:15+02:00,0
2023-04-21T23:30+02:00,0
2023-04-21T23:45+02:00,0
2023-04-22T00:00+02:00,0
2023-04-22T00:15+02:00,0
2023-04-22T00:30+02:00,0
2023-04-22T00:45+02:00,0
2023-04-22T01:00+02:00,0
2023-04-22T01:15+02:00,0
2023-04-22T01:30+02:00,0
2023-04-22T01:45+02:00,0
2023-04-22T02:00+02:00,0
2023-04-22T02:15+02:00,0
2023-04-22T02:30+02:00,0
2023-04-22T02:45+02:00,0
2023-04-22T03:00+02:00,0
2023-04-22T03:15+02:00,0
2023-04-22T03:30+02:00,0
2023-04-22T03:45+02:00,0
2023-04-22T04:00+02:00,0
2023-04-22T04:15+02:00,0
2023-04-22T04:30+02:00,0
2023-04-22T04:45+02:00,0
2023-04-22T05:00+02:00,0
2023-04-22T05:15+02:00,0
2023-04-22T05:30+02:00,0
2023-04-22T05:45+02:00,1.2
2023-04-22T06:00+02:00,53.5
2023-04-22T06:15+02:00,211.1
2023-04-22T06:30+02:00,516.8
2023-04-22T06:45+02:00,1077.3
2023-04-22T07:00+02:00,2089.4
2023-04-22T07:15+02:00,3557.4
2023-04-22T07:30+02:00,5355.4
2023-04-22T07:45+02:00,7377.4
2023-04-22T08:00+02:00,9505.4
2023-04-22T08:15+02:00,11733.5
2023-04-22T08:30+02:00,14053.1
2023-04-22T08:45+02:00,16385.2
2023-04-22T09:00+02:00,18638.8
2023-04-22T09:15+02:00,20837.8
2023-04-22T09:30+02:00,22934.2
2023-04-22T09:45+02:00,24895
2023-04-22T10:00+02:00,26638.7
2023-04-22T10:15+02:00,28181.2
2023-04-22T10:30+02:00,29539.1
2023-04-22T10:45+02:00,30712.4
2023-04-22T11:00+02:00,31658.5
2023-04-22T11:15+02:00,32430.7
2023-04-22T11:30+02:00,33014.2
2023-04-22T11:45+02:00,33417.9
2023-04-22T12:00+02:00,33687.1
2023-04-22T12:15+02:00,33841.3
2023-04-22T12:30+02:00,33842.7
2023-04-22T12:45+02:00,33659.6
2023-04-22T13:00+02:00,33331.4
2023-04-22T13:15+02:00,32837.5
2023-04-22T13:30+02:00,32164.5
2023-04-22T13:45+02:00,31334.9
2023-04-22T14:00+02:00,30268
2023-04-22T14:15+02:00,29373.8
2023-04-22T14:30+02:00,28381.4
2023-04-22T14:45+02:00,27246.4
2023-04-22T15:00+02:00,26033.3
2023-04-22T15:15+02:00,24752.4
2023-04-22T15:30+02:00,23377.1
2023-04-22T15:45+02:00,21923.2
2023-04-22T16:00+02:00,20411.8
2023-04-22T16:15+02:00,18838.4
2023-04-22T16:30+02:00,17202.2
2023-04-22T16:45+02:00,15511.5
2023-04-22T17:00+02:00,13802.4
2023-04-22T17:15+02:00,12139.6
2023-04-22T17:30+02:00,10501.2
2023-04-22T17:45+02:00,8884.5
2023-04-22T18:00+02:00,7321.7
2023-04-22T18:15+02:00,5830.3
2023-04-22T18:30+02:00,4434.9
2023-04-22T18:45+02:00,3228.5
2023-04-22T19:00+02:00,2253.5
2023-04-22T19:15+02:00,1494
2023-04-22T19:30+02:00,918.5
2023-04-22T19:45+02:00,494.3
2023-04-22T20:00+02:00,214.2
2023-04-22T20:15+02:00,91.5
2023-04-22T20:30+02:00,62.7
2023-04-22T20:45+02:00,7.2
2023-04-22T21:00+02:00,0
2023-04-22T21:15+02:00,0
2023-04-22T21:30+02:00,0
2023-04-22T21:45+02:00,0
2023-04-22T22:00+02:00,0
2023-04-22T22:15+02:00,0
2023-04-22T22:30+02:00,0
2023-04-22T22:45+02:00,0
2023-04-22T23:00+02:00,0
2023-04-22T23:15+02:00,0
2023-04-22T23:30+02:00,0
2023-04-22T23:45+02:00,0
2023-04-23T00:00+02:00,0
2023-04-23T00:15+02:00,0
2023-04-23T00:30+02:00,0
2023-04-23T00:45+02:00,0
2023-04-23T01:00+02:00,0
2023-04-23T01:15+02:00,0
2023-04-23T01:30+02:00,0
2023-04-23T01:45+02:00,0
2023-04-23T02:00+02:00,0
2023-04-23T02:15+02:00,0
2023-04-23T02:30+02:00,0
2023-04-23T02:45+02:00,0
2023-04-23T03:00+02:00,0
2023-04-23T03:15+02:00,0
2023-04-23T03:30+02:00,0
2023-04-23T03:45+02:00,0
2023-04-23T04:00+02:00,0
2023-04-23T04:15+02:00,0
2023-04-23T04:30+02:00,0
2023-04-23T04:45+02:00,0
2023-04-23T05:00+02:00,0.9
2023-04-23T05:15+02:00,3
2023-04-23T05:30+02:00,6.2
2023-04-23T05:45+02:00,11.9
2023-04-23T06:00+02:00,71.8
2023-04-23T06:15+02:00,145
2023-04-23T06:30+02:00,283.8
2023-04-23T06:45+02:00,548.4
2023-04-23T07:00+02:00,1007.7
2023-04-23T07:15+02:00,1697
2023-04-23T07:30+02:00,2597.4
2023-04-23T07:45+02:00,3613.8
2023-04-23T08:00+02:00,4731.3
2023-04-23T08:15+02:00,5948.7
2023-04-23T08:30+02:00,7256.4
2023-04-23T08:45+02:00,8616.3
2023-04-23T09:00+02:00,10064.2
2023-04-23T09:15+02:00,11544
2023-04-23T09:30+02:00,13055.2
2023-04-23T09:45+02:00,14544
2023-04-23T10:00+02:00,15945.6
2023-04-23T10:15+02:00,17282.7
2023-04-23T10:30+02:00,18547.4
2023-04-23T10:45+02:00,19714.5
2023-04-23T11:00+02:00,20728.9
2023-04-23T11:15+02:00,21804.9
2023-04-23T11:30+02:00,22717.8
2023-04-23T11:45+02:00,23484.2
2023-04-23T12:00+02:00,24193.7
2023-04-23T12:15+02:00,24831
2023-04-23T12:30+02:00,25346.7
2023-04-23T12:45+02:00,25718
2023-04-23T13:00+02:00,26027.1
2023-04-23T13:15+02:00,26228.8
2023-04-23T13:30+02:00,26295.4
2023-04-23T13:45+02:00,26199.1
2023-04-23T14:00+02:00,25963
2023-04-23T14:15+02:00,25772.5
2023-04-23T14:30+02:00,25451.7
2023-04-23T14:45+02:00,24971.1
2023-04-23T15:00+02:00,24392
2023-04-23T15:15+02:00,23711.4
2023-04-23T15:30+02:00,22874.3
2023-04-23T15:45+02:00,21865.7
2023-04-23T16:00+02:00,20754.3
2023-04-23T16:15+02:00,19515.2
2023-04-23T16:30+02:00,18141.2
2023-04-23T16:45+02:00,16678
2023-04-23T17:00+02:00,14979.5
2023-04-23T17:15+02:00,13358
2023-04-23T17:30+02:00,11682.5
2023-04-23T17:45+02:00,9970
2023-04-23T18:00+02:00,8303.9
2023-04-23T18:15+02:00,6664.4
2023-04-23T18:30+02:00,5127.7
2023-04-23T18:45+02:00,3760.1
2023-04-23T19:00+02:00,2622.8
2023-04-23T19:15+02:00,1721.7
2023-04-23T19:30+02:00,1048.8
2023-04-23T19:45+02:00,566.6
2023-04-23T20:00+02:00,243.8
2023-04-23T20:15+02:00,73.4
2023-04-23T20:30+02:00,31.6
2023-04-23T20:45+02:00,4.8
2023-04-23T21:00+02:00,0
2023-04-23T21:15+02:00,0
2023-04-23T21:30+02:00,0
2023-04-23T21:45+02:00,0
2023-04-23T22:00+02:00,0
2023-04-23T22:15+02:00,0
2023-04-23T22:30+02:00,0
2023-04-23T22:45+02:00,0
2023-04-23T23:00+02:00,0
2023-04-23T23:15+02:00,0
2023-04-23T23:30+02:00,0
2023-04-23T23:45+02:00,0
2023-04-24T00:00+02:00,0
2023-04-24T00:15+02:00,0
2023-04-24T00:30+02:00,0
2023-04-24T00:45+02:00,0
2023-04-24T01:00+02:00,0
2023-04-24T01:15+02:00,0
2023-04-24T01:30+02:00,0
2023-04-24T01:45+02:00,0
2023-04-24T02:00+02:00,0
2023-04-24T02:15+02:00,0
2023-04-24T02:30+02:00,0
2023-04-24T02:45+02:00,0
2023-04-24T03:00+02:00,0
2023-04-24T03:15+02:00,0
2023-04-24T03:30+02:00,0
2023-04-24T03:45+02:00,0
2023-04-24T04:00+02:00,0
2023-04-24T04:15+02:00,0
2023-04-24T04:30+02:00,0
2023-04-24T04:45+02:00,0
2023-04-24T05:00+02:00,0.6
2023-04-24T05:15+02:00,0.7
2023-04-24T05:30+02:00,2.8
2023-04-24T05:45+02:00,27.3
2023-04-24T06:00+02:00,69.4
2023-04-24T06:15+02:00,168.4
2023-04-24T06:30+02:00,350.9
2023-04-24T06:45+02:00,658.5
2023-04-24T07:00+02:00,1194.8
2023-04-24T07:15+02:00,1991.5
2023-04-24T07:30+02:00,2949
2023-04-24T07:45+02:00,4009.9
2023-04-24T08:00+02:00,5138.6
2023-04-24T08:15+02:00,6308.1
2023-04-24T08:30+02:00,7514
2023-04-24T08:45+02:00,8741.3
2023-04-24T09:00+02:00,9970.4
2023-04-24T09:15+02:00,11220.9
2023-04-24T09:30+02:00,12436.7
2023-04-24T09:45+02:00,13559.2
2023-04-24T10:00+02:00,14617.5
2023-04-24T10:15+02:00,15601.4
2023-04-24T10:30+02:00,16451.5
2023-04-24T10:45+02:00,17155.2
2023-04-24T11:00+02:00,17683.5
2023-04-24T11:15+02:00,18426.2
2023-04-24T11:30+02:00,19027.9
2023-04-24T11:45+02:00,19513.3
2023-04-24T12:00+02:00,19991.6
2023-04-24T12:15+02:00,20438.5
2023-04-24T12:30+02:00,20804.8
2023-04-24T12:45+02:00,21081.9
2023-04-24T13:00+02:00,21353.7
2023-04-24T13:15+02:00,21546.9
2023-04-24T13:30+02:00,21602.4
2023-04-24T13:45+02:00,21522.1
2023-04-24T14:00+02:00,21832.4
2023-04-24T14:15+02:00,21773.2
2023-04-24T14:30+02:00,21555.1
2023-04-24T14:45+02:00,21178.1
2023-04-24T15:00+02:00,20735.9
2023-04-24T15:15+02:00,20217.1
2023-04-24T15:30+02:00,19579.7
2023-04-24T15:45+02:00,18822.6
2023-04-24T16:00+02:00,18028.2
2023-04-24T16:15+02:00,17143
2023-04-24T16:30+02:00,16133.9
2023-04-24T16:45+02:00,15027.4
2023-04-24T17:00+02:00,13918.5
2023-04-24T17:15+02:00,12628.8
2023-04-24T17:30+02:00,11208.3
2023-04-24T17:45+02:00,9757.3
2023-04-24T18:00+02:00,8304.1
2023-04-24T18:15+02:00,6822
2023-04-24T18:30+02:00,5363.4
2023-04-24T18:45+02:00,4019.7
2023-04-24T19:00+02:00,2877.6
2023-04-24T19:15+02:00,1935.9
2023-04-24T19:30+02:00,1175.4
2023-04-24T19:45+02:00,634.1
2023-04-24T20:00+02:00,266.4
2023-04-24T20:15+02:00,87.5
2023-04-24T20:30+02:00,40.2
2023-04-24T20:45+02:00,19.3
2023-04-24T21:00+02:00,0
2023-04-24T21:15+02:00,0
2023-04-24T21:30+02:00,0
2023-04-24T21:45+02:00,0
2023-04-24T22:00+02:00,0
2023-04-24T22:15+02:00,0
2023-04-24T22:30+02:00,0
2023-04-24T22:45+02:00,0
2023-04-24T23:00+02:00,0
2023-04-24T23:15+02:00,0
2023-04-24T23:30+02:00,0
2023-04-24T23:45+02:00,0
2023-04-25T00:00+02:00,0
2023-04-25T00:15+02:00,0
2023-04-25T00:30+02:00,0
2023-04-25T00:45+02:00,0
2023-04-25T01:00+02:00,0
2023-04-25T01:15+02:00,0
2023-04-25T01:30+02:00,0
2023-04-25T01:45+02:00,0
2023-04-25T02:00+02:00,0
2023-04-25T02:15+02:00,0
2023-04-25T02:30+02:00,0
2023-04-25T02:45+02:00,0
2023-04-25T03:00+02:00,0
2023-04-25T03:15+02:00,0
2023-04-25T03:30+02:00,0
2023-04-25T03:45+02:00,0
2023-04-25T04:00+02:00,0
2023-04-25T04:15+02:00,0
2023-04-25T04:30+02:00,0
2023-04-25T04:45+02:00,0
2023-04-25T05:00+02:00,0
2023-04-25T05:15+02:00,0
2023-04-25T05:30+02:00,1
2023-04-25T05:45+02:00,45.8
2023-04-25T06:00+02:00,120.2
2023-04-25T06:15+02:00,289.8
2023-04-25T06:30+02:00,596.3
2023-04-25T06:45+02:00,1047.8
2023-04-25T07:00+02:00,1690.4
2023-04-25T07:15+02:00,2539.2
2023-04-25T07:30+02:00,3521.5
2023-04-25T07:45+02:00,4554.2
2023-04-25T08:00+02:00,5555.8
2023-04-25T08:15+02:00,6644.6
2023-04-25T08:30+02:00,7760.4
2023-04-25T08:45+02:00,8846.4
2023-04-25T09:00+02:00,9897.4
2023-04-25T09:15+02:00,11026.4
2023-04-25T09:30+02:00,12015.1
2023-04-25T09:45+02:00,12887.6
2023-04-25T10:00+02:00,13736.2
2023-04-25T10:15+02:00,14555.4
2023-04-25T10:30+02:00,15293.5
2023-04-25T10:45+02:00,15898.6
2023-04-25T11:00+02:00,16440.3
2023-04-25T11:15+02:00,17127.6
2023-04-25T11:30+02:00,17723.8
2023-04-25T11:45+02:00,18246.8
2023-04-25T12:00+02:00,18733.3
2023-04-25T12:15+02:00,19176.3
2023-04-25T12:30+02:00,19484
2023-04-25T12:45+02:00,19655.8
2023-04-25T13:00+02:00,19795.9
2023-04-25T13:15+02:00,19908.4
2023-04-25T13:30+02:00,19948.7
2023-04-25T13:45+02:00,19903
2023-04-25T14:00+02:00,19868.1
2023-04-25T14:15+02:00,19713.2
2023-04-25T14:30+02:00,19510.9
2023-04-25T14:45+02:00,19240.6
2023-04-25T15:00+02:00,18957.2
2023-04-25T15:15+02:00,18595.3
2023-04-25T15:30+02:00,18109.8
2023-04-25T15:45+02:00,17537.8
2023-04-25T16:00+02:00,16906.9
2023-04-25T16:15+02:00,16135.8
2023-04-25T16:30+02:00,15231.8
2023-04-25T16:45+02:00,14227.2
2023-04-25T17:00+02:00,13337.9
2023-04-25T17:15+02:00,12217.5
2023-04-25T17:30+02:00,10979
2023-04-25T17:45+02:00,9686.5
2023-04-25T18:00+02:00,8364
2023-04-25T18:15+02:00,7026.1
2023-04-25T18:30+02:00,5701.2
2023-04-25T18:45+02:00,4420.9
2023-04-25T19:00+02:00,3255.3
2023-04-25T19:15+02:00,2228.3
2023-04-25T19:30+02:00,1359.8
2023-04-25T19:45+02:00,751.3
2023-04-25T20:00+02:00,338
2023-04-25T20:15+02:00,96.4
2023-04-25T20:30+02:00,26.5
2023-04-25T20:45+02:00,9.5
2023-04-25T21:00+02:00,0
2023-04-25T21:15+02:00,0
2023-04-25T21:30+02:00,0
2023-04-25T21:45+02:00,0
2023-04-25T22:00+02:00,0
2023-04-25T22:15+02:00,0
2023-04-25T22:30+02:00,0
2023-04-25T22:45+02:00,0
2023-04-25T23:00+02:00,0
2023-04-25T23:15+02:00,0
2023-04-25T23:30+02:00,0
2023-04-25T23:45+02:00,0
2023-04-26T00:00+02:00,0
2023-04-26T00:15+02:00,0
2023-04-26T00:30+02:00,0
2023-04-26T00:45+02:00,0
2023-04-26T01:00+02:00,0
2023-04-26T01:15+02:00,0
2023-04-26T01:30+02:00,0
2023-04-26T01:45+02:00,0
2023-04-26T02:00+02:00,0
2023-04-26T02:15+02:00,0
2023-04-26T02:30+02:00,0
2023-04-26T02:45+02:00,0
2023-04-26T03:00+02:00,0
2023-04-26T03:15+02:00,0
2023-04-26T03:30+02:00,0
2023-04-26T03:45+02:00,0
2023-04-26T04:00+02:00,0
2023-04-26T04:15+02:00,0
2023-04-26T04:30+02:00,0
2023-04-26T04:45+02:00,0
2023-04-26T05:00+02:00,0
2023-04-26T05:15+02:00,0
2023-04-26T05:30+02:00,0
2023-04-26T05:45+02:00,24
2023-04-26T06:00+02:00,150.1
2023-04-26T06:15+02:00,415.6
2023-04-26T06:30+02:00,833.4
2023-04-26T06:45+02:00,1480.2
2023-04-26T07:00+02:00,2563.3
2023-04-26T07:15+02:00,4029.4
2023-04-26T07:30+02:00,5768.4
2023-04-26T07:45+02:00,7639.2
2023-04-26T08:00+02:00,9423.1
2023-04-26T08:15+02:00,11240.6
2023-04-26T08:30+02:00,13042.2
2023-04-26T08:45+02:00,14759
2023-04-26T09:00+02:00,16345.2
2023-04-26T09:15+02:00,17863.4
2023-04-26T09:30+02:00,19198.7
2023-04-26T09:45+02:00,20278.8
2023-04-26T10:00+02:00,21166.2
2023-04-26T10:15+02:00,21896.8
2023-04-26T10:30+02:00,22486.4
2023-04-26T10:45+02:00,22930.4
2023-04-26T11:00+02:00,23345.8
2023-04-26T11:15+02:00,23636.7
2023-04-26T11:30+02:00,23791.6
2023-04-26T11:45+02:00,23902.8
2023-04-26T12:00+02:00,24012
2023-04-26T12:15+02:00,24110.3
2023-04-26T12:30+02:00,24170.5
2023-04-26T12:45+02:00,24134.9
2023-04-26T13:00+02:00,24007.6
2023-04-26T13:15+02:00,23788.4
2023-04-26T13:30+02:00,23478.8
2023-04-26T13:45+02:00,23077.8
2023-04-26T14:00+02:00,22741.7
2023-04-26T14:15+02:00,22470.1
2023-04-26T14:30+02:00,22015.8
2023-04-26T14:45+02:00,21449.2
2023-04-26T15:00+02:00,20819
2023-04-26T15:15+02:00,20113.8
2023-04-26T15:30+02:00,19316.1
2023-04-26T15:45+02:00,18431.2
2023-04-26T16:00+02:00,17468.9
2023-04-26T16:15+02:00,16417.3
2023-04-26T16:30+02:00,15269.5
2023-04-26T16:45+02:00,14008.1
2023-04-26T17:00+02:00,12764.9
2023-04-26T17:15+02:00,11580.4
2023-04-26T17:30+02:00,10328.9
2023-04-26T17:45+02:00,9050.4
2023-04-26T18:00+02:00,7794.8
2023-04-26T18:15+02:00,6530.8
2023-04-26T18:30+02:00,5313.4
2023-04-26T18:45+02:00,4186.5
2023-04-26T19:00+02:00,3160.4
2023-04-26T19:15+02:00,2257.4
2023-04-26T19:30+02:00,1456.5
2023-04-26T19:45+02:00,793.3
2023-04-26T20:00+02:00,351.6
2023-04-26T20:15+02:00,139.9
2023-04-26T20:30+02:00,62.2
2023-04-26T20:45+02:00,41.2
2023-04-26T21:00+02:00,0
2023-04-26T21:15+02:00,0
2023-04-26T21:30+02:00,0
2023-04-26T21:45+02:00,0
2023-04-26T22:00+02:00,0
2023-04-26T22:15+02:00,0
2023-04-26T22:30+02:00,0
2023-04-26T22:45+02:00,0
2023-04-26T23:00+02:00,0
2023-04-26T23:15+02:00,0
2023-04-26T23:30+02:00,0
2023-04-26T23:45+02:00,0
2023-04-27T00:00+02:00,0
2023-04-27T00:15+02:00,0
2023-04-27T00:30+02:00,0
2023-04-27T00:45+02:00,0
2023-04-27T01:00+02:00,0
2023-04-27T01:15+02:00,0
2023-04-27T01:30+02:00,0
2023-04-27T01:45+02:00,0
2023-04-27T02:00+02:00,0
2023-04-27T02:15+02:00,0
2023-04-27T02:30+02:00,0
2023-04-27T02:45+02:00,0
2023-04-27T03:00+02:00,0
2023-04-27T03:15+02:00,0
2023-04-27T03:30+02:00,0
2023-04-27T03:45+02:00,0
2023-04-27T04:00+02:00,0
2023-04-27T04:15+02:00,0
2023-04-27T04:30+02:00,0
2023-04-27T04:45+02:00,0
2023-04-27T05:00+02:00,0
2023-04-27T05:15+02:00,0
2023-04-27T05:30+02:00,0
2023-04-27T05:45+02:00,13.8
2023-04-27T06:00+02:00,156
2023-04-27T06:15+02:00,454
2023-04-27T06:30+02:00,875
2023-04-27T06:45+02:00,1591.9
2023-04-27T07:00+02:00,2668.4
2023-04-27T07:15+02:00,4130.4
2023-04-27T07:30+02:00,5824.3
2023-04-27T07:45+02:00,7695.5
2023-04-27T08:00+02:00,9670.6
2023-04-27T08:15+02:00,11745.1
2023-04-27T08:30+02:00,13903.8
2023-04-27T08:45+02:00,16053.3
2023-04-27T09:00+02:00,18148.8
2023-04-27T09:15+02:00,20196.8
2023-04-27T09:30+02:00,22131
2023-04-27T09:45+02:00,23903.3
2023-04-27T10:00+02:00,25484.5
2023-04-27T10:15+02:00,26867.2
2023-04-27T10:30+02:00,27979.6
2023-04-27T10:45+02:00,28894.5
2023-04-27T11:00+02:00,29612.3
2023-04-27T11:15+02:00,30057.2
2023-04-27T11:30+02:00,30265.9
2023-04-27T11:45+02:00,30268.9
2023-04-27T12:00+02:00,30180.4
2023-04-27T12:15+02:00,30005
2023-04-27T12:30+02:00,29786.2
2023-04-27T12:45+02:00,29522.6
2023-04-27T13:00+02:00,29194.4
2023-04-27T13:15+02:00,28784.5
2023-04-27T13:30+02:00,28256.2
2023-04-27T13:45+02:00,27618.2
2023-04-27T14:00+02:00,26944.5
2023-04-27T14:15+02:00,26458.2
2023-04-27T14:30+02:00,25897.2
2023-04-27T14:45+02:00,25250.7
2023-04-27T15:00+02:00,24505.1
2023-04-27T15:15+02:00,23653.7
2023-04-27T15:30+02:00,22706.4
2023-04-27T15:45+02:00,21621.3
2023-04-27T16:00+02:00,20429
2023-04-27T16:15+02:00,19127.3
2023-04-27T16:30+02:00,17723.5
2023-04-27T16:45+02:00,16234.7
2023-04-27T17:00+02:00,14778.1
2023-04-27T17:15+02:00,13420.5
2023-04-27T17:30+02:00,11998.7
2023-04-27T17:45+02:00,10524.8
2023-04-27T18:00+02:00,9011.5
2023-04-27T18:15+02:00,7485.8
2023-04-27T18:30+02:00,6035.5
2023-04-27T18:45+02:00,4673.9
2023-04-27T19:00+02:00,3473.4
2023-04-27T19:15+02:00,2430.8
2023-04-27T19:30+02:00,1579.8
2023-04-27T19:45+02:00,910.8
2023-04-27T20:00+02:00,425.8
2023-04-27T20:15+02:00,166.3
2023-04-27T20:30+02:00,64.3
2023-04-27T20:45+02:00,43.2
2023-04-27T21:00+02:00,0
2023-04-27T21:15+02:00,0
2023-04-27T21:30+02:00,0
2023-04-27T21:45+02:00,0
2023-04-27T22:00+02:00,0
2023-04-27T22:15+02:00,0
2023-04-27T22:30+02:00,0
2023-04-27T22:45+02:00,0
2023-04-27T23:00+02:00,0
2023-04-27T23:15+02:00,0
2023-04-27T23:30+02:00,0
2023-04-27T23:45+02:00,0
2023-04-28T00:00+02:00,0
2023-04-28T00:15+02:00,0
2023-04-28T00:30+02:00,0
2023-04-28T00:45+02:00,0
2023-04-28T01:00+02:00,0
2023-04-28T01:15+02:00,0
2023-04-28T01:30+02:00,0
2023-04-28T01:45+02:00,0
2023-04-28T02:00+02:00,0
2023-04-28T02:15+02:00,0
2023-04-28T02:30+02:00,0
2023-04-28T02:45+02:00,0
2023-04-28T03:00+02:00,0
2023-04-28T03:15+02:00,0
2023-04-28T03:30+02:00,0
2023-04-28T03:45+02:00,0
2023-04-28T04:00+02:00,0
2023-04-28T04:15+02:00,0
2023-04-28T04:30+02:00,0
2023-04-28T04:45+02:00,0
2023-04-28T05:00+02:00,0.4
2023-04-28T05:15+02:00,0.8
2023-04-28T05:30+02:00,3
2023-04-28T05:45+02:00,42.9
2023-04-28T06:00+02:00,148.7
2023-04-28T06:15+02:00,371.5
2023-04-28T06:30+02:00,661.3
2023-04-28T06:45+02:00,1050.4
2023-04-28T07:00+02:00,1610.3
2023-04-28T07:15+02:00,2291.5
2023-04-28T07:30+02:00,2982.2
2023-04-28T07:45+02:00,3679.4
2023-04-28T08:00+02:00,4238.6
2023-04-28T08:15+02:00,4903.3
2023-04-28T08:30+02:00,5569.5
2023-04-28T08:45+02:00,6231.8
2023-04-28T09:00+02:00,6860.1
2023-04-28T09:15+02:00,7463
2023-04-28T09:30+02:00,8028.9
2023-04-28T09:45+02:00,8531
2023-04-28T10:00+02:00,8970.1
2023-04-28T10:15+02:00,9334.1
2023-04-28T10:30+02:00,9622.1
2023-04-28T10:45+02:00,9834.8
2023-04-28T11:00+02:00,9913.8
2023-04-28T11:15+02:00,10260.3
2023-04-28T11:30+02:00,10565.8
2023-04-28T11:45+02:00,10792
2023-04-28T12:00+02:00,10981.8
2023-04-28T12:15+02:00,11146.3
2023-04-28T12:30+02:00,11259.6
2023-04-28T12:45+02:00,11321.8
2023-04-28T13:00+02:00,11365.9
2023-04-28T13:15+02:00,11377.8
2023-04-28T13:30+02:00,11333.6
2023-04-28T13:45+02:00,11217.8
2023-04-28T14:00+02:00,11128.2
2023-04-28T14:15+02:00,11067.4
2023-04-28T14:30+02:00,10927.9
2023-04-28T14:45+02:00,10731.3
2023-04-28T15:00+02:00,10519.8
2023-04-28T15:15+02:00,10298.6
2023-04-28T15:30+02:00,10048
2023-04-28T15:45+02:00,9739.2
2023-04-28T16:00+02:00,9366.2
2023-04-28T16:15+02:00,8924.5
2023-04-28T16:30+02:00,8378
2023-04-28T16:45+02:00,7807.3
2023-04-28T17:00+02:00,7191.3
2023-04-28T17:15+02:00,6620.6
2023-04-28T17:30+02:00,5993.3
2023-04-28T17:45+02:00,5355.3
2023-04-28T18:00+02:00,4694.8
2023-04-28T18:15+02:00,3991.5
2023-04-28T18:30+02:00,3266.3
2023-04-28T18:45+02:00,2566.3
2023-04-28T19:00+02:00,1940.7
2023-04-28T19:15+02:00,1369.6
2023-04-28T19:30+02:00,884.6
2023-04-28T19:45+02:00,518.8
2023-04-28T20:00+02:00,267.9
2023-04-28T20:15+02:00,127.6
2023-04-28T20:30+02:00,48.9
2023-04-28T20:45+02:00,24.4
2023-04-28T21:00+02:00,0
2023-04-28T21:15+02:00,0
2023-04-28T21:30+02:00,0
2023-04-28T21:45+02:00,0
2023-04-28T22:00+02:00,0
2023-04-28T22:15+02:00,0
2023-04-28T22:30+02:00,0
2023-04-28T22:45+02:00,0
2023-04-28T23:00+02:00,0
2023-04-28T23:15+02:00,0
2023-04-28T23:30+02:00,0
2023-04-28T23:45+02:00,0
2023-04-29T00:00+02:00,0
2023-04-29T00:15+02:00,0
2023-04-29T00:30+02:00,0
2023-04-29T00:45+02:00,0
2023-04-29T01:00+02:00,0
2023-04-29T01:15+02:00,0
2023-04-29T01:30+02:00,0
2023-04-29T01:45+02:00,0
2023-04-29T02:00+02:00,0
2023-04-29T02:15+02:00,0
2023-04-29T02:30+02:00,0
2023-04-29T02:45+02:00,0
2023-04-29T03:00+02:00,0
2023-04-29T03:15+02:00,0
2023-04-29T03:30+02:00,0
2023-04-29T03:45+02:00,0
2023-04-29T04:00+02:00,0
2023-04-29T04:15+02:00,0
2023-04-29T04:30+02:00,0
2023-04-29T04:45+02:00,0
2023-04-29T05:00+02:00,1.4
2023-04-29T05:15+02:00,2.8
2023-04-29T05:30+02:00,7.6
2023-04-29T05:45+02:00,38.3
2023-04-29T06:00+02:00,142.3
2023-04-29T06:15+02:00,331.9
2023-04-29T06:30+02:00,600
2023-04-29T06:45+02:00,994.6
2023-04-29T07:00+02:00,1579.7
2023-04-29T07:15+02:00,2313.5
2023-04-29T07:30+02:00,3180.1
2023-04-29T07:45+02:00,4136.5
2023-04-29T08:00+02:00,5126.3
2023-04-29T08:15+02:00,6198.8
2023-04-29T08:30+02:00,7316.3
2023-04-29T08:45+02:00,8426.7
2023-04-29T09:00+02:00,9598.3
2023-04-29T09:15+02:00,10792.1
2023-04-29T09:30+02:00,11963.3
2023-04-29T09:45+02:00,13104.2
2023-04-29T10:00+02:00,14225.3
2023-04-29T10:15+02:00,15318.7
2023-04-29T10:30+02:00,16359.8
2023-04-29T10:45+02:00,17329.9
2023-04-29T11:00+02:00,18201.4
2023-04-29T11:15+02:00,19156.7
2023-04-29T11:30+02:00,19978.2
2023-04-29T11:45+02:00,20664.6
2023-04-29T12:00+02:00,21291.5
2023-04-29T12:15+02:00,21828.5
2023-04-29T12:30+02:00,22289.2
2023-04-29T12:45+02:00,22671.5
2023-04-29T13:00+02:00,22964.9
2023-04-29T13:15+02:00,23160.2
2023-04-29T13:30+02:00,23277.1
2023-04-29T13:45+02:00,23307.5
2023-04-29T14:00+02:00,23408.8
2023-04-29T14:15+02:00,23341.1
2023-04-29T14:30+02:00,23180.6
2023-04-29T14:45+02:00,22868.7
2023-04-29T15:00+02:00,22410.1
2023-04-29T15:15+02:00,21843.6
2023-04-29T15:30+02:00,21134.6
2023-04-29T15:45+02:00,20313.2
2023-04-29T16:00+02:00,19421.9
2023-04-29T16:15+02:00,18446.7
2023-04-29T16:30+02:00,17361.1
2023-04-29T16:45+02:00,16152.4
2023-04-29T17:00+02:00,14993.9
2023-04-29T17:15+02:00,13648.8
2023-04-29T17:30+02:00,12171
2023-04-29T17:45+02:00,10639.1
2023-04-29T18:00+02:00,9106.2
2023-04-29T18:15+02:00,7593.9
2023-04-29T18:30+02:00,6130
2023-04-29T18:45+02:00,4748.2
2023-04-29T19:00+02:00,3506
2023-04-29T19:15+02:00,2437.8
2023-04-29T19:30+02:00,1552.5
2023-04-29T19:45+02:00,885.8
2023-04-29T20:00+02:00,412.9
2023-04-29T20:15+02:00,155.2
2023-04-29T20:30+02:00,47.4
2023-04-29T20:45+02:00,13.5
2023-04-29T21:00+02:00,0
2023-04-29T21:15+02:00,0
2023-04-29T21:30+02:00,0
2023-04-29T21:45+02:00,0
2023-04-29T22:00+02:00,0
2023-04-29T22:15+02:00,0
2023-04-29T22:30+02:00,0
2023-04-29T22:45+02:00,0
2023-04-29T23:00+02:00,0
2023-04-29T23:15+02:00,0
2023-04-29T23:30+02:00,0
2023-04-29T23:45+02:00,0
2023-04-30T00:00+02:00,0
2023-04-30T00:15+02:00,0
2023-04-30T00:30+02:00,0
2023-04-30T00:45+02:00,0
2023-04-30T01:00+02:00,0
2023-04-30T01:15+02:00,0
2023-04-30T01:30+02:00,0
2023-04-30T01:45+02:00,0
2023-04-30T02:00+02:00,0
2023-04-30T02:15+02:00,0
2023-04-30T02:30+02:00,0
2023-04-30T02:45+02:00,0
2023-04-30T03:00+02:00,0
2023-04-30T03:15+02:00,0
2023-04-30T03:30+02:00,0
2023-04-30T03:45+02:00,0
2023-04-30T04:00+02:00,0
2023-04-30T04:15+02:00,0
2023-04-30T04:30+02:00,0
2023-04-30T04:45+02:00,0
2023-04-30T05:00+02:00,0
2023-04-30T05:15+02:00,0
2023-04-30T05:30+02:00,0
2023-04-30T05:45+02:00,26
2023-04-30T06:00+02:00,223.4
2023-04-30T06:15+02:00,623
2023-04-30T06:30+02:00,1185
2023-04-30T06:45+02:00,1968
2023-04-30T07:00+02:00,3097.5
2023-04-30T07:15+02:00,4563.9
2023-04-30T07:30+02:00,6265.8
2023-04-30T07:45+02:00,8147.3
2023-04-30T08:00+02:00,10101.3
2023-04-30T08:15+02:00,12193.4
2023-04-30T08:30+02:00,14345
2023-04-30T08:45+02:00,16488.3
2023-04-30T09:00+02:00,18676.4
2023-04-30T09:15+02:00,20888.8
2023-04-30T09:30+02:00,22997.7
2023-04-30T09:45+02:00,24941.7
2023-04-30T10:00+02:00,26712.2
2023-04-30T10:15+02:00,28307.8
2023-04-30T10:30+02:00,29707.2
2023-04-30T10:45+02:00,30900.7
2023-04-30T11:00+02:00,31919.8
2023-04-30T11:15+02:00,32762.1
2023-04-30T11:30+02:00,33464.7
2023-04-30T11:45+02:00,34052.3
2023-04-30T12:00+02:00,34548
2023-04-30T12:15+02:00,34934.4
2023-04-30T12:30+02:00,35226.3
2023-04-30T12:45+02:00,35432.1
2023-04-30T13:00+02:00,35513.1
2023-04-30T13:15+02:00,35496.7
2023-04-30T13:30+02:00,35381.1
2023-04-30T13:45+02:00,35116.2
2023-04-30T14:00+02:00,34755.5
2023-04-30T14:15+02:00,34397
2023-04-30T14:30+02:00,33929.9
2023-04-30T14:45+02:00,33341.6
2023-04-30T15:00+02:00,32621.4
2023-04-30T15:15+02:00,31718.5
2023-04-30T15:30+02:00,30667.7
2023-04-30T15:45+02:00,29425.7
2023-04-30T16:00+02:00,28027.1
2023-04-30T16:15+02:00,26460.6
2023-04-30T16:30+02:00,24773.1
2023-04-30T16:45+02:00,22946.6
2023-04-30T17:00+02:00,21020.6
2023-04-30T17:15+02:00,18989.7
2023-04-30T17:30+02:00,16846.6
2023-04-30T17:45+02:00,14647.9
2023-04-30T18:00+02:00,12416.5
2023-04-30T18:15+02:00,10137.5
2023-04-30T18:30+02:00,7997.3
2023-04-30T18:45+02:00,6031.6
2023-04-30T19:00+02:00,4317.2
2023-04-30T19:15+02:00,2919.8
2023-04-30T19:30+02:00,1895.8
2023-04-30T19:45+02:00,1152.5
2023-04-30T20:00+02:00,574.2
2023-04-30T20:15+02:00,230.9
2023-04-30T20:30+02:00,67.6
2023-04-30T20:45+02:00,18.4
2023-04-30T21:00+02:00,13.2
2023-04-30T21:15+02:00,0
2023-04-30T21:30+02:00,0
2023-04-30T21:45+02:00,0
2023-04-30T22:00+02:00,0
2023-04-30T22:15+02:00,0
2023-04-30T22:30+02:00,0
2023-04-30T22:45+02:00,0
2023-04-30T23:00+02:00,0
2023-04-30T23:15+02:00,0
2023-04-30T23:30+02:00,0
2023-04-30T23:45+02:00,0
2023-05-01T00:00+02:00,0
2023-05-01T00:15+02:00,0
2023-05-01T00:30+02:00,0
2023-05-01T00:45+02:00,0
2023-05-01T01:00+02:00,0
2023-05-01T01:15+02:00,0
2023-05-01T01:30+02:00,0
2023-05-01T01:45+02:00,0
2023-05-01T02:00+02:00,0
2023-05-01T02:15+02:00,0
2023-05-01T02:30+02:00,0
2023-05-01T02:45+02:00,0
2023-05-01T03:00+02:00,0
2023-05-01T03:15+02:00,0
2023-05-01T03:30+02:00,0
2023-05-01T03:45+02:00,0
2023-05-01T04:00+02:00,0
2023-05-01T04:15+02:00,0
2023-05-01T04:30+02:00,0
2023-05-01T04:45+02:00,0
2023-05-01T05:00+02:00,0
2023-05-01T05:15+02:00,0
2023-05-01T05:30+02:00,0.1
2023-05-01T05:45+02:00,47.7
2023-05-01T06:00+02:00,306.4
2023-05-01T06:15+02:00,731.9
2023-05-01T06:30+02:00,1309.1
2023-05-01T06:45+02:00,2096.8
2023-05-01T07:00+02:00,3094.8
2023-05-01T07:15+02:00,4319.9
2023-05-01T07:30+02:00,5653.9
2023-05-01T07:45+02:00,7024.8
2023-05-01T08:00+02:00,8431.2
2023-05-01T08:15+02:00,9883.2
2023-05-01T08:30+02:00,11347.6
2023-05-01T08:45+02:00,12797.9
2023-05-01T09:00+02:00,14258
2023-05-01T09:15+02:00,15744.9
2023-05-01T09:30+02:00,17185.4
2023-05-01T09:45+02:00,18522
2023-05-01T10:00+02:00,19760.1
2023-05-01T10:15+02:00,20892
2023-05-01T10:30+02:00,21873.5
2023-05-01T10:45+02:00,22706
2023-05-01T11:00+02:00,23451
2023-05-01T11:15+02:00,24121.9
2023-05-01T11:30+02:00,24635.8
2023-05-01T11:45+02:00,25001.9
2023-05-01T12:00+02:00,25282
2023-05-01T12:15+02:00,25493.2
2023-05-01T12:30+02:00,25551.1
2023-05-01T12:45+02:00,25437.7
2023-05-01T13:00+02:00,25240.5
2023-05-01T13:15+02:00,24950.4
2023-05-01T13:30+02:00,24506.2
2023-05-01T13:45+02:00,23915.9
2023-05-01T14:00+02:00,22785.2
2023-05-01T14:15+02:00,22135.2
2023-05-01T14:30+02:00,21380.2
2023-05-01T14:45+02:00,20537.3
2023-05-01T15:00+02:00,19646.7
2023-05-01T15:15+02:00,18720.9
2023-05-01T15:30+02:00,17720.9
2023-05-01T15:45+02:00,16657.1
2023-05-01T16:00+02:00,15584.6
2023-05-01T16:15+02:00,14481
2023-05-01T16:30+02:00,13318.8
2023-05-01T16:45+02:00,12111.9
2023-05-01T17:00+02:00,10785.5
2023-05-01T17:15+02:00,9711.5
2023-05-01T17:30+02:00,8608
2023-05-01T17:45+02:00,7506.5
2023-05-01T18:00+02:00,6447.2
2023-05-01T18:15+02:00,5419.5
2023-05-01T18:30+02:00,4453.1
2023-05-01T18:45+02:00,3558.3
2023-05-01T19:00+02:00,2755.2
2023-05-01T19:15+02:00,2040.3
2023-05-01T19:30+02:00,1427.7
2023-05-01T19:45+02:00,929.2
2023-05-01T20:00+02:00,564.9
2023-05-01T20:15+02:00,289.8
2023-05-01T20:30+02:00,140.8
2023-05-01T20:45+02:00,85.6
2023-05-01T21:00+02:00,3.7
2023-05-01T21:15+02:00,0
2023-05-01T21:30+02:00,0
2023-05-01T21:45+02:00,0
2023-05-01T22:00+02:00,0
2023-05-01T22:15+02:00,0
2023-05-01T22:30+02:00,0
2023-05-01T22:45+02:00,0
2023-05-01T23:00+02:00,0
2023-05-01T23:15+02:00,0
2023-05-01T23:30+02:00,0
2023-05-01T23:45+02:00,0
2023-05-02T00:00+02:00,0
2023-05-02T00:15+02:00,0
2023-05-02T00:30+02:00,0
2023-05-02T00:45+02:00,0
2023-05-02T01:00+02:00,0
2023-05-02T01:15+02:00,0
2023-05-02T01:30+02:00,0
2023-05-02T01:45+02:00,0
2023-05-02T02:00+02:00,0
2023-05-02T02:15+02:00,0
2023-05-02T02:30+02:00,0
2023-05-02T02:45+02:00,0
2023-05-02T03:00+02:00,0
2023-05-02T03:15+02:00,0
2023-05-02T03:30+02:00,0
2023-05-02T03:45+02:00,0
2023-05-02T04:00+02:00,0
2023-05-02T04:15+02:00,0
2023-05-02T04:30+02:00,0
2023-05-02T04:45+02:00,0
2023-05-02T05:00+02:00,0
2023-05-02T05:15+02:00,0
2023-05-02T05:30+02:00,1.7
2023-05-02T05:45+02:00,47.9
2023-05-02T06:00+02:00,212.8
2023-05-02T06:15+02:00,515.7
2023-05-02T06:30+02:00,939.3
2023-05-02T06:45+02:00,1493.5
2023-05-02T07:00+02:00,2181.4
2023-05-02T07:15+02:00,2999.6
2023-05-02T07:30+02:00,3919.1
2023-05-02T07:45+02:00,4867.8
2023-05-02T08:00+02:00,5813
2023-05-02T08:15+02:00,6852.6
2023-05-02T08:30+02:00,7912.1
2023-05-02T08:45+02:00,8949.1
2023-05-02T09:00+02:00,9977.9
2023-05-02T09:15+02:00,10986
2023-05-02T09:30+02:00,11960.8
2023-05-02T09:45+02:00,12897
2023-05-02T10:00+02:00,13832.8
2023-05-02T10:15+02:00,14739.8
2023-05-02T10:30+02:00,15590.8
2023-05-02T10:45+02:00,16398.2
2023-05-02T11:00+02:00,17013
2023-05-02T11:15+02:00,17949.1
2023-05-02T11:30+02:00,18806.3
2023-05-02T11:45+02:00,19556.1
2023-05-02T12:00+02:00,20263.1
2023-05-02T12:15+02:00,20908.1
2023-05-02T12:30+02:00,21439.9
2023-05-02T12:45+02:00,21875.1
2023-05-02T13:00+02:00,22288.8
2023-05-02T13:15+02:00,22652.3
2023-05-02T13:30+02:00,22887.5
2023-05-02T13:45+02:00,22985.2
2023-05-02T14:00+02:00,23198.1
2023-05-02T14:15+02:00,23258.7
2023-05-02T14:30+02:00,23139.3
2023-05-02T14:45+02:00,22847.9
2023-05-02T15:00+02:00,22454.2
2023-05-02T15:15+02:00,21961.1
2023-05-02T15:30+02:00,21338
2023-05-02T15:45+02:00,20576.5
2023-05-02T16:00+02:00,19715.2
2023-05-02T16:15+02:00,18725.5
2023-05-02T16:30+02:00,17615.3
2023-05-02T16:45+02:00,16390.1
2023-05-02T17:00+02:00,15308.6
2023-05-02T17:15+02:00,13956.9
2023-05-02T17:30+02:00,12522.4
2023-05-02T17:45+02:00,11023
2023-05-02T18:00+02:00,9446.6
2023-05-02T18:15+02:00,7857.2
2023-05-02T18:30+02:00,6324
2023-05-02T18:45+02:00,4872.7
2023-05-02T19:00+02:00,3590.7
2023-05-02T19:15+02:00,2510.7
2023-05-02T19:30+02:00,1685.9
2023-05-02T19:45+02:00,1048.8
2023-05-02T20:00+02:00,596.9
2023-05-02T20:15+02:00,266.6
2023-05-02T20:30+02:00,91.6
2023-05-02T20:45+02:00,32.7
2023-05-02T21:00+02:00,21.4
2023-05-02T21:15+02:00,0
2023-05-02T21:30+02:00,0
2023-05-02T21:45+02:00,0
2023-05-02T22:00+02:00,0
2023-05-02T22:15+02:00,0
2023-05-02T22:30+02:00,0
2023-05-02T22:45+02:00,0
2023-05-02T23:00+02:00,0
2023-05-02T23:15+02:00,0
2023-05-02T23:30+02:00,0
2023-05-02T23:45+02:00,0
2023-05-03T00:00+02:00,0
2023-05-03T00:15+02:00,0
2023-05-03T00:30+02:00,0
2023-05-03T00:45+02:00,0
2023-05-03T01:00+02:00,0
2023-05-03T01:15+02:00,0
2023-05-03T01:30+02:00,0
2023-05-03T01:45+02:00,0
2023-05-03T02:00+02:00,0
2023-05-03T02:15+02:00,0
2023-05-03T02:30+02:00,0
2023-05-03T02:45+02:00,0
2023-05-03T03:00+02:00,0
2023-05-03T03:15+02:00,0
2023-05-03T03:30+02:00,0
2023-05-03T03:45+02:00,0
2023-05-03T04:00+02:00,0
2023-05-03T04:15+02:00,0
2023-05-03T04:30+02:00,0
2023-05-03T04:45+02:00,0
2023-05-03T05:00+02:00,0
2023-05-03T05:15+02:00,0
2023-05-03T05:30+02:00,1
2023-05-03T05:45+02:00,45.8
2023-05-03T06:00+02:00,280.5
2023-05-03T06:15+02:00,780.8
2023-05-03T06:30+02:00,1449.4
2023-05-03T06:45+02:00,2330.2
2023-05-03T07:00+02:00,3481.9
2023-05-03T07:15+02:00,4917.5
2023-05-03T07:30+02:00,6579.8
2023-05-03T07:45+02:00,8375.1
2023-05-03T08:00+02:00,10256.7
2023-05-03T08:15+02:00,12202.2
2023-05-03T08:30+02:00,14221.4
2023-05-03T08:45+02:00,16242.8
2023-05-03T09:00+02:00,18193.2
2023-05-03T09:15+02:00,19985.1
2023-05-03T09:30+02:00,21670.6
2023-05-03T09:45+02:00,23254.6
2023-05-03T10:00+02:00,24763.4
2023-05-03T10:15+02:00,26010.7
2023-05-03T10:30+02:00,27082.5
2023-05-03T10:45+02:00,27938.3
2023-05-03T11:00+02:00,28620.4
2023-05-03T11:15+02:00,29723.2
2023-05-03T11:30+02:00,30525.3
2023-05-03T11:45+02:00,31190.7
2023-05-03T12:00+02:00,31799.9
2023-05-03T12:15+02:00,32376.5
2023-05-03T12:30+02:00,32893.3
2023-05-03T12:45+02:00,33343.7
2023-05-03T13:00+02:00,33750
2023-05-03T13:15+02:00,34069.4
2023-05-03T13:30+02:00,34285.5
2023-05-03T13:45+02:00,34369.2
2023-05-03T14:00+02:00,34451.9
2023-05-03T14:15+02:00,34512.9
2023-05-03T14:30+02:00,34390.7
2023-05-03T14:45+02:00,34102.1
2023-05-03T15:00+02:00,33643.7
2023-05-03T15:15+02:00,32849.1
2023-05-03T15:30+02:00,31864.5
2023-05-03T15:45+02:00,30716
2023-05-03T16:00+02:00,29401.9
2023-05-03T16:15+02:00,27872.9
2023-05-03T16:30+02:00,26147.3
2023-05-03T16:45+02:00,24241.2
2023-05-03T17:00+02:00,22201.1
2023-05-03T17:15+02:00,19982.7
2023-05-03T17:30+02:00,17678.2
2023-05-03T17:45+02:00,15299.4
2023-05-03T18:00+02:00,12922.9
2023-05-03T18:15+02:00,10561.6
2023-05-03T18:30+02:00,8264.7
2023-05-03T18:45+02:00,6199.9
2023-05-03T19:00+02:00,4420.1
2023-05-03T19:15+02:00,3047.8
2023-05-03T19:30+02:00,2067
2023-05-03T19:45+02:00,1359.6
2023-05-03T20:00+02:00,813.1
2023-05-03T20:15+02:00,375.4
2023-05-03T20:30+02:00,129.6
2023-05-03T20:45+02:00,52.9
2023-05-03T21:00+02:00,36.9
2023-05-03T21:15+02:00,0
2023-05-03T21:30+02:00,0
2023-05-03T21:45+02:00,0
2023-05-03T22:00+02:00,0
2023-05-03T22:15+02:00,0
2023-05-03T22:30+02:00,0
2023-05-03T22:45+02:00,0
2023-05-03T23:00+02:00,0
2023-05-03T23:15+02:00,0
2023-05-03T23:30+02:00,0
2023-05-03T23:45+02:00,0
2023-05-04T00:00+02:00,0
2023-05-04T00:15+02:00,0
2023-05-04T00:30+02:00,0
2023-05-04T00:45+02:00,0
2023-05-04T01:00+02:00,0
2023-05-04T01:15+02:00,0
2023-05-04T01:30+02:00,0
2023-05-04T01:45+02:00,0
2023-05-04T02:00+02:00,0
2023-05-04T02:15+02:00,0
2023-05-04T02:30+02:00,0
2023-05-04T02:45+02:00,0
2023-05-04T03:00+02:00,0
2023-05-04T03:15+02:00,0
2023-05-04T03:30+02:00,0
2023-05-04T03:45+02:00,0
2023-05-04T04:00+02:00,0
2023-05-04T04:15+02:00,0
2023-05-04T04:30+02:00,0
2023-05-04T04:45+02:00,0
2023-05-04T05:00+02:00,0
2023-05-04T05:15+02:00,0
2023-05-04T05:30+02:00,16
2023-05-04T05:45+02:00,100.4
2023-05-04T06:00+02:00,438.3
2023-05-04T06:15+02:00,993.4
2023-05-04T06:30+02:00,1751.2
2023-05-04T06:45+02:00,2769.2
2023-05-04T07:00+02:00,4094.6
2023-05-04T07:15+02:00,5757.4
2023-05-04T07:30+02:00,7649.4
2023-05-04T07:45+02:00,9647.6
2023-05-04T08:00+02:00,11754.4
2023-05-04T08:15+02:00,13950.9
2023-05-04T08:30+02:00,16089.5
2023-05-04T08:45+02:00,18272
2023-05-04T09:00+02:00,20494.2
2023-05-04T09:15+02:00,22683.7
2023-05-04T09:30+02:00,24791.4
2023-05-04T09:45+02:00,26772.5
2023-05-04T10:00+02:00,28558.2
2023-05-04T10:15+02:00,30129.4
2023-05-04T10:30+02:00,31479.8
2023-05-04T10:45+02:00,32643.5
2023-05-04T11:00+02:00,33666.7
2023-05-04T11:15+02:00,34617.8
2023-05-04T11:30+02:00,35411.9
2023-05-04T11:45+02:00,36046.8
2023-05-04T12:00+02:00,36549
2023-05-04T12:15+02:00,36923.6
2023-05-04T12:30+02:00,37180.2
2023-05-04T12:45+02:00,37289.3
2023-05-04T13:00+02:00,37273
2023-05-04T13:15+02:00,37140.7
2023-05-04T13:30+02:00,36874.7
2023-05-04T13:45+02:00,36475.5
2023-05-04T14:00+02:00,35907
2023-05-04T14:15+02:00,35282.8
2023-05-04T14:30+02:00,34541.3
2023-05-04T14:45+02:00,33681.9
2023-05-04T15:00+02:00,32684.7
2023-05-04T15:15+02:00,31553.6
2023-05-04T15:30+02:00,30270.7
2023-05-04T15:45+02:00,28825
2023-05-04T16:00+02:00,27232
2023-05-04T16:15+02:00,25477.3
2023-05-04T16:30+02:00,23606
2023-05-04T16:45+02:00,21613.2
2023-05-04T17:00+02:00,19512
2023-05-04T17:15+02:00,17314
2023-05-04T17:30+02:00,15075
2023-05-04T17:45+02:00,12893.5
2023-05-04T18:00+02:00,10809.9
2023-05-04T18:15+02:00,8863
2023-05-04T18:30+02:00,7090.1
2023-05-04T18:45+02:00,5476.9
2023-05-04T19:00+02:00,4069.3
2023-05-04T19:15+02:00,2939.6
2023-05-04T19:30+02:00,2057.3
2023-05-04T19:45+02:00,1376.5
2023-05-04T20:00+02:00,840.1
2023-05-04T20:15+02:00,403.3
2023-05-04T20:30+02:00,178.8
2023-05-04T20:45+02:00,84.4
2023-05-04T21:00+02:00,63.4
2023-05-04T21:15+02:00,0
2023-05-04T21:30+02:00,0
2023-05-04T21:45+02:00,0
2023-05-04T22:00+02:00,0
2023-05-04T22:15+02:00,0
2023-05-04T22:30+02:00,0
2023-05-04T22:45+02:00,0
2023-05-04T23:00+02:00,0
2023-05-04T23:15+02:00,0
2023-05-04T23:30+02:00,0
2023-05-04T23:45+02:00,0
2023-05-05T00:00+02:00,0
2023-05-05T00:15+02:00,0
2023-05-05T00:30+02:00,0
2023-05-05T00:45+02:00,0
2023-05-05T01:00+02:00,0
2023-05-05T01:15+02:00,0
2023-05-05T01:30+02:00,0
2023-05-05T01:45+02:00,0
2023-05-05T02:00+02:00,0
2023-05-05T02:15+02:00,0
2023-05-05T02:30+02:00,0
2023-05-05T02:45+02:00,0
2023-05-05T03:00+02:00,0
2023-05-05T03:15+02:00,0
2023-05-05T03:30+02:00,0
2023-05-05T03:45+02:00,0
2023-05-05T04:00+02:00,0
2023-05-05T04:15+02:00,0
2023-05-05T04:30+02:00,0
2023-05-05T04:45+02:00,0
2023-05-05T05:00+02:00,0
2023-05-05T05:15+02:00,0
2023-05-05T05:30+02:00,4.8
2023-05-05T05:45+02:00,76
2023-05-05T06:00+02:00,352.4
2023-05-05T06:15+02:00,827.7
2023-05-05T06:30+02:00,1446.6
2023-05-05T06:45+02:00,2296.5
2023-05-05T07:00+02:00,3461.1
2023-05-05T07:15+02:00,4877.7
2023-05-05T07:30+02:00,6461.2
2023-05-05T07:45+02:00,8107.1
2023-05-05T08:00+02:00,9667.1
2023-05-05T08:15+02:00,11464.2
2023-05-05T08:30+02:00,13255.6
2023-05-05T08:45+02:00,15006.6
2023-05-05T09:00+02:00,16681.6
2023-05-05T09:15+02:00,18334.5
2023-05-05T09:30+02:00,19941.8
2023-05-05T09:45+02:00,21406.5
2023-05-05T10:00+02:00,22743.4
2023-05-05T10:15+02:00,23993.6
2023-05-05T10:30+02:00,25098
2023-05-05T10:45+02:00,26032.8
2023-05-05T11:00+02:00,26917
2023-05-05T11:15+02:00,27578.2
2023-05-05T11:30+02:00,28052.6
2023-05-05T11:45+02:00,28329.6
2023-05-05T12:00+02:00,28468.6
2023-05-05T12:15+02:00,28498.1
2023-05-05T12:30+02:00,28366.5
2023-05-05T12:45+02:00,28080.8
2023-05-05T13:00+02:00,27702.3
2023-05-05T13:15+02:00,27218
2023-05-05T13:30+02:00,26578.6
2023-05-05T13:45+02:00,25780.3
2023-05-05T14:00+02:00,24213.6
2023-05-05T14:15+02:00,23642.1
2023-05-05T14:30+02:00,22872
2023-05-05T14:45+02:00,21949.3
2023-05-05T15:00+02:00,20962.4
2023-05-05T15:15+02:00,19939.3
2023-05-05T15:30+02:00,18821.2
2023-05-05T15:45+02:00,17607
2023-05-05T16:00+02:00,16332.7
2023-05-05T16:15+02:00,14986.2
2023-05-05T16:30+02:00,13588.9
2023-05-05T16:45+02:00,12190.1
2023-05-05T17:00+02:00,10905.6
2023-05-05T17:15+02:00,9745.1
2023-05-05T17:30+02:00,8586.6
2023-05-05T17:45+02:00,7463.5
2023-05-05T18:00+02:00,6378.6
2023-05-05T18:15+02:00,5346.9
2023-05-05T18:30+02:00,4400.8
2023-05-05T18:45+02:00,3539.1
2023-05-05T19:00+02:00,2733.8
2023-05-05T19:15+02:00,1980.9
2023-05-05T19:30+02:00,1367.7
2023-05-05T19:45+02:00,878.5
2023-05-05T20:00+02:00,556.7
2023-05-05T20:15+02:00,278.1
2023-05-05T20:30+02:00,130.6
2023-05-05T20:45+02:00,70.6
2023-05-05T21:00+02:00,52.9
2023-05-05T21:15+02:00,0
2023-05-05T21:30+02:00,0
2023-05-05T21:45+02:00,0
2023-05-05T22:00+02:00,0
2023-05-05T22:15+02:00,0
2023-05-05T22:30+02:00,0
2023-05-05T22:45+02:00,0
2023-05-05T23:00+02:00,0
2023-05-05T23:15+02:00,0
2023-05-05T23:30+02:00,0
2023-05-05T23:45+02:00,0
2023-05-06T00:00+02:00,0
2023-05-06T00:15+02:00,0
2023-05-06T00:30+02:00,0
2023-05-06T00:45+02:00,0
2023-05-06T01:00+02:00,0
2023-05-06T01:15+02:00,0
2023-05-06T01:30+02:00,0
2023-05-06T01:45+02:00,0
2023-05-06T02:00+02:00,0
2023-05-06T02:15+02:00,0
2023-05-06T02:30+02:00,0
2023-05-06T02:45+02:00,0
2023-05-06T03:00+02:00,0
2023-05-06T03:15+02:00,0
2023-05-06T03:30+02:00,0
2023-05-06T03:45+02:00,0
2023-05-06T04:00+02:00,0
2023-05-06T04:15+02:00,0
2023-05-06T04:30+02:00,0
2023-05-06T04:45+02:00,0
2023-05-06T05:00+02:00,0.7
2023-05-06T05:15+02:00,0
2023-05-06T05:30+02:00,24.6
2023-05-06T05:45+02:00,63.9
2023-05-06T06:00+02:00,254.2
2023-05-06T06:15+02:00,567.4
2023-05-06T06:30+02:00,975.5
2023-05-06T06:45+02:00,1520.4
2023-05-06T07:00+02:00,2304.2
2023-05-06T07:15+02:00,3278.6
2023-05-06T07:30+02:00,4418.3
2023-05-06T07:45+02:00,5564.7
2023-05-06T08:00+02:00,6919
2023-05-06T08:15+02:00,8245.9
2023-05-06T08:30+02:00,9619.7
2023-05-06T08:45+02:00,11015.5
2023-05-06T09:00+02:00,12401.8
2023-05-06T09:15+02:00,13798.8
2023-05-06T09:30+02:00,15181.4
2023-05-06T09:45+02:00,16491.6
2023-05-06T10:00+02:00,17725.5
2023-05-06T10:15+02:00,18916.8
2023-05-06T10:30+02:00,20052.3
2023-05-06T10:45+02:00,21074.5
2023-05-06T11:00+02:00,21787.9
2023-05-06T11:15+02:00,22744.3
2023-05-06T11:30+02:00,23592.7
2023-05-06T11:45+02:00,24344.7
2023-05-06T12:00+02:00,24969.8
2023-05-06T12:15+02:00,25494.1
2023-05-06T12:30+02:00,25895
2023-05-06T12:45+02:00,26165
2023-05-06T13:00+02:00,26350.2
2023-05-06T13:15+02:00,26437.8
2023-05-06T13:30+02:00,26407.2
2023-05-06T13:45+02:00,26235.4
2023-05-06T14:00+02:00,25942.9
2023-05-06T14:15+02:00,25610.8
2023-05-06T14:30+02:00,25140.5
2023-05-06T14:45+02:00,24543.1
2023-05-06T15:00+02:00,23847.6
2023-05-06T15:15+02:00,23060.5
2023-05-06T15:30+02:00,22164.9
2023-05-06T15:45+02:00,21159.9
2023-05-06T16:00+02:00,20060.8
2023-05-06T16:15+02:00,18875.3
2023-05-06T16:30+02:00,17627.3
2023-05-06T16:45+02:00,16248.1
2023-05-06T17:00+02:00,15044.6
2023-05-06T17:15+02:00,13624.8
2023-05-06T17:30+02:00,12173.4
2023-05-06T17:45+02:00,10703.8
2023-05-06T18:00+02:00,9230.2
2023-05-06T18:15+02:00,7741
2023-05-06T18:30+02:00,6292.5
2023-05-06T18:45+02:00,4966.6
2023-05-06T19:00+02:00,3800.1
2023-05-06T19:15+02:00,2779.1
2023-05-06T19:30+02:00,1910.1
2023-05-06T19:45+02:00,1188.2
2023-05-06T20:00+02:00,680
2023-05-06T20:15+02:00,349.4
2023-05-06T20:30+02:00,162.8
2023-05-06T20:45+02:00,79.5
2023-05-06T21:00+02:00,51.1
2023-05-06T21:15+02:00,0
2023-05-06T21:30+02:00,0
2023-05-06T21:45+02:00,0
2023-05-06T22:00+02:00,0
2023-05-06T22:15+02:00,0
2023-05-06T22:30+02:00,0
2023-05-06T22:45+02:00,0
2023-05-06T23:00+02:00,0
2023-05-06T23:15+02:00,0
2023-05-06T23:30+02:00,0
2023-05-06T23:45+02:00,0
2023-05-07T00:00+02:00,0
2023-05-07T00:15+02:00,0
2023-05-07T00:30+02:00,0
2023-05-07T00:45+02:00,0
2023-05-07T01:00+02:00,0
2023-05-07T01:15+02:00,0
2023-05-07T01:30+02:00,0
2023-05-07T01:45+02:00,0
2023-05-07T02:00+02:00,0
2023-05-07T02:15+02:00,0
2023-05-07T02:30+02:00,0
2023-05-07T02:45+02:00,0
2023-05-07T03:00+02:00,0
2023-05-07T03:15+02:00,0
2023-05-07T03:30+02:00,0
2023-05-07T03:45+02:00,0
2023-05-07T04:00+02:00,0
2023-05-07T04:15+02:00,0
2023-05-07T04:30+02:00,0
2023-05-07T04:45+02:00,0
2023-05-07T05:00+02:00,0
2023-05-07T05:15+02:00,0
2023-05-07T05:30+02:00,21.5
2023-05-07T05:45+02:00,108.1
2023-05-07T06:00+02:00,425.1
2023-05-07T06:15+02:00,914.2
2023-05-07T06:30+02:00,1529.1
2023-05-07T06:45+02:00,2264.8
2023-05-07T07:00+02:00,3214.8
2023-05-07T07:15+02:00,4357.8
2023-05-07T07:30+02:00,5630.8
2023-05-07T07:45+02:00,7009.2
2023-05-07T08:00+02:00,8448.2
2023-05-07T08:15+02:00,10032.1
2023-05-07T08:30+02:00,11672.9
2023-05-07T08:45+02:00,13326.4
2023-05-07T09:00+02:00,14958.2
2023-05-07T09:15+02:00,16591.4
2023-05-07T09:30+02:00,18191.4
2023-05-07T09:45+02:00,19731
2023-05-07T10:00+02:00,21192.4
2023-05-07T10:15+02:00,22561
2023-05-07T10:30+02:00,23780.6
2023-05-07T10:45+02:00,24829.2
2023-05-07T11:00+02:00,25835.5
2023-05-07T11:15+02:00,26721
2023-05-07T11:30+02:00,27440.8
2023-05-07T11:45+02:00,27970.5
2023-05-07T12:00+02:00,28372.1
2023-05-07T12:15+02:00,28657.7
2023-05-07T12:30+02:00,28753.1
2023-05-07T12:45+02:00,28641.8
2023-05-07T13:00+02:00,28440.4
2023-05-07T13:15+02:00,28141.4
2023-05-07T13:30+02:00,27733.2
2023-05-07T13:45+02:00,27204
2023-05-07T14:00+02:00,26582.6
2023-05-07T14:15+02:00,26021.1
2023-05-07T14:30+02:00,25354.9
2023-05-07T14:45+02:00,24582
2023-05-07T15:00+02:00,23726.6
2023-05-07T15:15+02:00,22803.6
2023-05-07T15:30+02:00,21772.1
2023-05-07T15:45+02:00,20624.4
2023-05-07T16:00+02:00,19424.9
2023-05-07T16:15+02:00,18170.8
2023-05-07T16:30+02:00,16848.8
2023-05-07T16:45+02:00,15488.9
2023-05-07T17:00+02:00,14066.9
2023-05-07T17:15+02:00,12713
2023-05-07T17:30+02:00,11325.1
2023-05-07T17:45+02:00,9930.7
2023-05-07T18:00+02:00,8549.4
2023-05-07T18:15+02:00,7212
2023-05-07T18:30+02:00,5927.1
2023-05-07T18:45+02:00,4739.8
2023-05-07T19:00+02:00,3672.3
2023-05-07T19:15+02:00,2718.8
2023-05-07T19:30+02:00,1892.7
2023-05-07T19:45+02:00,1214.8
2023-05-07T20:00+02:00,720.4
2023-05-07T20:15+02:00,377.8
2023-05-07T20:30+02:00,163.4
2023-05-07T20:45+02:00,63
2023-05-07T21:00+02:00,30.5
2023-05-07T21:15+02:00,0
2023-05-07T21:30+02:00,0
2023-05-07T21:45+02:00,0
2023-05-07T22:00+02:00,0
2023-05-07T22:15+02:00,0
2023-05-07T22:30+02:00,0
2023-05-07T22:45+02:00,0
2023-05-07T23:00+02:00,0
2023-05-07T23:15+02:00,0
2023-05-07T23:30+02:00,0
2023-05-07T23:45+02:00,0
2023-05-08T00:00+02:00,0
2023-05-08T00:15+02:00,0
2023-05-08T00:30+02:00,0
2023-05-08T00:45+02:00,0
2023-05-08T01:00+02:00,0
2023-05-08T01:15+02:00,0
2023-05-08T01:30+02:00,0
2023-05-08T01:45+02:00,0
2023-05-08T02:00+02:00,0
2023-05-08T02:15+02:00,0
2023-05-08T02:30+02:00,0
2023-05-08T02:45+02:00,0
2023-05-08T03:00+02:00,0
2023-05-08T03:15+02:00,0
2023-05-08T03:30+02:00,0
2023-05-08T03:45+02:00,0
2023-05-08T04:00+02:00,0
2023-05-08T04:15+02:00,0
2023-05-08T04:30+02:00,0
2023-05-08T04:45+02:00,0
2023-05-08T05:00+02:00,0
2023-05-08T05:15+02:00,0
2023-05-08T05:30+02:00,30.1
2023-05-08T05:45+02:00,152.4
2023-05-08T06:00+02:00,511.8
2023-05-08T06:15+02:00,1023.9
2023-05-08T06:30+02:00,1673.3
2023-05-08T06:45+02:00,2522.8
2023-05-08T07:00+02:00,3590
2023-05-08T07:15+02:00,4870.3
2023-05-08T07:30+02:00,6283.4
2023-05-08T07:45+02:00,7802.1
2023-05-08T08:00+02:00,9423
2023-05-08T08:15+02:00,10993.6
2023-05-08T08:30+02:00,12560.6
2023-05-08T08:45+02:00,14120.3
2023-05-08T09:00+02:00,15657.1
2023-05-08T09:15+02:00,17169.3
2023-05-08T09:30+02:00,18649.9
2023-05-08T09:45+02:00,20088.8
2023-05-08T10:00+02:00,21446.6
2023-05-08T10:15+02:00,22703.1
2023-05-08T10:30+02:00,23848.6
2023-05-08T10:45+02:00,24890.7
2023-05-08T11:00+02:00,25909.7
2023-05-08T11:15+02:00,26840.1
2023-05-08T11:30+02:00,27647.3
2023-05-08T11:45+02:00,28306.5
2023-05-08T12:00+02:00,28856.4
2023-05-08T12:15+02:00,29300.3
2023-05-08T12:30+02:00,29599.8
2023-05-08T12:45+02:00,29783.5
2023-05-08T13:00+02:00,29897.3
2023-05-08T13:15+02:00,29920.9
2023-05-08T13:30+02:00,29829
2023-05-08T13:45+02:00,29631.8
2023-05-08T14:00+02:00,29368
2023-05-08T14:15+02:00,29059.8
2023-05-08T14:30+02:00,28588.9
2023-05-08T14:45+02:00,27945.1
2023-05-08T15:00+02:00,27196.1
2023-05-08T15:15+02:00,26344.7
2023-05-08T15:30+02:00,25371.5
2023-05-08T15:45+02:00,24299.5
2023-05-08T16:00+02:00,23144.3
2023-05-08T16:15+02:00,21896.2
2023-05-08T16:30+02:00,20544.7
2023-05-08T16:45+02:00,19108
2023-05-08T17:00+02:00,17620
2023-05-08T17:15+02:00,16037.5
2023-05-08T17:30+02:00,14393.9
2023-05-08T17:45+02:00,12727
2023-05-08T18:00+02:00,11024.3
2023-05-08T18:15+02:00,9329.3
2023-05-08T18:30+02:00,7644.4
2023-05-08T18:45+02:00,6063.5
2023-05-08T19:00+02:00,4627
2023-05-08T19:15+02:00,3366.6
2023-05-08T19:30+02:00,2357.5
2023-05-08T19:45+02:00,1585.8
2023-05-08T20:00+02:00,977.7
2023-05-08T20:15+02:00,549.8
2023-05-08T20:30+02:00,262.7
2023-05-08T20:45+02:00,95.2
2023-05-08T21:00+02:00,44.6
2023-05-08T21:15+02:00,0
2023-05-08T21:30+02:00,0
2023-05-08T21:45+02:00,0
2023-05-08T22:00+02:00,0
2023-05-08T22:15+02:00,0
2023-05-08T22:30+02:00,0
2023-05-08T22:45+02:00,0
2023-05-08T23:00+02:00,0
2023-05-08T23:15+02:00,0
2023-05-08T23:30+02:00,0
2023-05-08T23:45+02:00,0
2023-05-09T00:00+02:00,0
2023-05-09T00:15+02:00,0
2023-05-09T00:30+02:00,0
2023-05-09T00:45+02:00,0
2023-05-09T01:00+02:00,0
2023-05-09T01:15+02:00,0
2023-05-09T01:30+02:00,0
2023-05-09T01:45+02:00,0
2023-05-09T02:00+02:00,0
2023-05-09T02:15+02:00,0
2023-05-09T02:30+02:00,0
2023-05-09T02:45+02:00,0
2023-05-09T03:00+02:00,0
2023-05-09T03:15+02:00,0
2023-05-09T03:30+02:00,0
2023-05-09T03:45+02:00,0
2023-05-09T04:00+02:00,0
2023-05-09T04:15+02:00,0
2023-05-09T04:30+02:00,0
2023-05-09T04:45+02:00,0
2023-05-09T05:00+02:00,0
2023-05-09T05:15+02:00,0.1
2023-05-09T05:30+02:00,13.3
2023-05-09T05:45+02:00,170.5
2023-05-09T06:00+02:00,600.8
2023-05-09T06:15+02:00,1204
2023-05-09T06:30+02:00,1959.1
2023-05-09T06:45+02:00,2994.5
2023-05-09T07:00+02:00,4325.7
2023-05-09T07:15+02:00,5919.5
2023-05-09T07:30+02:00,7706.1
2023-05-09T07:45+02:00,9595.8
2023-05-09T08:00+02:00,11426
2023-05-09T08:15+02:00,13288.9
2023-05-09T08:30+02:00,15128
2023-05-09T08:45+02:00,16884.3
2023-05-09T09:00+02:00,18609.5
2023-05-09T09:15+02:00,20267.9
2023-05-09T09:30+02:00,21817.2
2023-05-09T09:45+02:00,23263
2023-05-09T10:00+02:00,24582.1
2023-05-09T10:15+02:00,25773.8
2023-05-09T10:30+02:00,26812.3
2023-05-09T10:45+02:00,27702.3
2023-05-09T11:00+02:00,28498
2023-05-09T11:15+02:00,29192.1
2023-05-09T11:30+02:00,29740.7
2023-05-09T11:45+02:00,30156.7
2023-05-09T12:00+02:00,30451.7
2023-05-09T12:15+02:00,30626
2023-05-09T12:30+02:00,30691.8
2023-05-09T12:45+02:00,30663
2023-05-09T13:00+02:00,30528.1
2023-05-09T13:15+02:00,30280.2
2023-05-09T13:30+02:00,29895.4
2023-05-09T13:45+02:00,29376.9
2023-05-09T14:00+02:00,28750.1
2023-05-09T14:15+02:00,28052.3
2023-05-09T14:30+02:00,27236.2
2023-05-09T14:45+02:00,26300.4
2023-05-09T15:00+02:00,25289.3
2023-05-09T15:15+02:00,24205.1
2023-05-09T15:30+02:00,22995.4
2023-05-09T15:45+02:00,21653.1
2023-05-09T16:00+02:00,20230.2
2023-05-09T16:15+02:00,18742.2
2023-05-09T16:30+02:00,17207.3
2023-05-09T16:45+02:00,15649.4
2023-05-09T17:00+02:00,13948.6
2023-05-09T17:15+02:00,12395.9
2023-05-09T17:30+02:00,10844.9
2023-05-09T17:45+02:00,9334.3
2023-05-09T18:00+02:00,7882.5
2023-05-09T18:15+02:00,6477.5
2023-05-09T18:30+02:00,5193.8
2023-05-09T18:45+02:00,4044.2
2023-05-09T19:00+02:00,3062.3
2023-05-09T19:15+02:00,2243.3
2023-05-09T19:30+02:00,1575.1
2023-05-09T19:45+02:00,1021.1
2023-05-09T20:00+02:00,594.8
2023-05-09T20:15+02:00,328.1
2023-05-09T20:30+02:00,170.8
2023-05-09T20:45+02:00,80
2023-05-09T21:00+02:00,50.6
2023-05-09T21:15+02:00,14.8
2023-05-09T21:30+02:00,0
2023-05-09T21:45+02:00,0
2023-05-09T22:00+02:00,0
2023-05-09T22:15+02:00,0
2023-05-09T22:30+02:00,0
2023-05-09T22:45+02:00,0
2023-05-09T23:00+02:00,0
2023-05-09T23:15+02:00,0
2023-05-09T23:30+02:00,0
2023-05-09T23:45+02:00,0
2023-05-10T00:00+02:00,0
2023-05-10T00:15+02:00,0
2023-05-10T00:30+02:00,0
2023-05-10T00:45+02:00,0
2023-05-10T01:00+02:00,0
2023-05-10T01:15+02:00,0
2023-05-10T01:30+02:00,0
2023-05-10T01:45+02:00,0
2023-05-10T02:00+02:00,0
2023-05-10T02:15+02:00,0
2023-05-10T02:30+02:00,0
2023-05-10T02:45+02:00,0
2023-05-10T03:00+02:00,0
2023-05-10T03:15+02:00,0
2023-05-10T03:30+02:00,0
2023-05-10T03:45+02:00,0
2023-05-10T04:00+02:00,0
2023-05-10T04:15+02:00,0
2023-05-10T04:30+02:00,0
2023-05-10T04:45+02:00,0
2023-05-10T05:00+02:00,0.3
2023-05-10T05:15+02:00,0.9
2023-05-10T05:30+02:00,40.7
2023-05-10T05:45+02:00,177
2023-05-10T06:00+02:00,431.2
2023-05-10T06:15+02:00,789.2
2023-05-10T06:30+02:00,1232
2023-05-10T06:45+02:00,1818.8
2023-05-10T07:00+02:00,2550.5
2023-05-10T07:15+02:00,3381.5
2023-05-10T07:30+02:00,4266.4
2023-05-10T07:45+02:00,5167.8
2023-05-10T08:00+02:00,6061.4
2023-05-10T08:15+02:00,6979.6
2023-05-10T08:30+02:00,7911.2
2023-05-10T08:45+02:00,8808.2
2023-05-10T09:00+02:00,9688.7
2023-05-10T09:15+02:00,10557.2
2023-05-10T09:30+02:00,11390.1
2023-05-10T09:45+02:00,12155.6
2023-05-10T10:00+02:00,12867.8
2023-05-10T10:15+02:00,13527
2023-05-10T10:30+02:00,14113.2
2023-05-10T10:45+02:00,14628.5
2023-05-10T11:00+02:00,14952.9
2023-05-10T11:15+02:00,15339.8
2023-05-10T11:30+02:00,15646
2023-05-10T11:45+02:00,15894
2023-05-10T12:00+02:00,16122.1
2023-05-10T12:15+02:00,16327.5
2023-05-10T12:30+02:00,16433.4
2023-05-10T12:45+02:00,16423.3
2023-05-10T13:00+02:00,16372.3
2023-05-10T13:15+02:00,16289.9
2023-05-10T13:30+02:00,16094.2
2023-05-10T13:45+02:00,15795.8
2023-05-10T14:00+02:00,15480.6
2023-05-10T14:15+02:00,15192.4
2023-05-10T14:30+02:00,14812.7
2023-05-10T14:45+02:00,14352.7
2023-05-10T15:00+02:00,13870.7
2023-05-10T15:15+02:00,13362
2023-05-10T15:30+02:00,12788.3
2023-05-10T15:45+02:00,12150.1
2023-05-10T16:00+02:00,11493.4
2023-05-10T16:15+02:00,10823
2023-05-10T16:30+02:00,10106.8
2023-05-10T16:45+02:00,9341.2
2023-05-10T17:00+02:00,8605.3
2023-05-10T17:15+02:00,7882.4
2023-05-10T17:30+02:00,7140.5
2023-05-10T17:45+02:00,6384.4
2023-05-10T18:00+02:00,5623.4
2023-05-10T18:15+02:00,4868.9
2023-05-10T18:30+02:00,4151.6
2023-05-10T18:45+02:00,3458.5
2023-05-10T19:00+02:00,2800
2023-05-10T19:15+02:00,2175.3
2023-05-10T19:30+02:00,1625.7
2023-05-10T19:45+02:00,1155
2023-05-10T20:00+02:00,776.7
2023-05-10T20:15+02:00,463.2
2023-05-10T20:30+02:00,250.9
2023-05-10T20:45+02:00,126.5
2023-05-10T21:00+02:00,78.8
2023-05-10T21:15+02:00,10.7
2023-05-10T21:30+02:00,0
2023-05-10T21:45+02:00,0
2023-05-10T22:00+02:00,0
2023-05-10T22:15+02:00,0
2023-05-10T22:30+02:00,0
2023-05-10T22:45+02:00,0
2023-05-10T23:00+02:00,0
2023-05-10T23:15+02:00,0
2023-05-10T23:30+02:00,0
2023-05-10T23:45+02:00,0
2023-05-11T00:00+02:00,0
2023-05-11T00:15+02:00,0
2023-05-11T00:30+02:00,0
2023-05-11T00:45+02:00,0
2023-05-11T01:00+02:00,0
2023-05-11T01:15+02:00,0
2023-05-11T01:30+02:00,0
2023-05-11T01:45+02:00,0
2023-05-11T02:00+02:00,0
2023-05-11T02:15+02:00,0
2023-05-11T02:30+02:00,0
2023-05-11T02:45+02:00,0
2023-05-11T03:00+02:00,0
2023-05-11T03:15+02:00,0
2023-05-11T03:30+02:00,0
2023-05-11T03:45+02:00,0
2023-05-11T04:00+02:00,0
2023-05-11T04:15+02:00,0
2023-05-11T04:30+02:00,0
2023-05-11T04:45+02:00,0
2023-05-11T05:00+02:00,2.2
2023-05-11T05:15+02:00,14.3
2023-05-11T05:30+02:00,66.4
2023-05-11T05:45+02:00,168.9
2023-05-11T06:00+02:00,361.4
2023-05-11T06:15+02:00,635.9
2023-05-11T06:30+02:00,980.7
2023-05-11T06:45+02:00,1440.2
2023-05-11T07:00+02:00,1981.3
2023-05-11T07:15+02:00,2586.9
2023-05-11T07:30+02:00,3231.3
2023-05-11T07:45+02:00,3918.6
2023-05-11T08:00+02:00,4632.5
2023-05-11T08:15+02:00,5367.2
2023-05-11T08:30+02:00,6125.4
2023-05-11T08:45+02:00,6887.5
2023-05-11T09:00+02:00,7640.4
2023-05-11T09:15+02:00,8391.2
2023-05-11T09:30+02:00,9124.2
2023-05-11T09:45+02:00,9819.3
2023-05-11T10:00+02:00,10495.5
2023-05-11T10:15+02:00,11145.8
2023-05-11T10:30+02:00,11745.4
2023-05-11T10:45+02:00,12289.6
2023-05-11T11:00+02:00,12855
2023-05-11T11:15+02:00,13384.1
2023-05-11T11:30+02:00,13830.4
2023-05-11T11:45+02:00,14184.3
2023-05-11T12:00+02:00,14479.9
2023-05-11T12:15+02:00,14731.5
2023-05-11T12:30+02:00,14876.3
2023-05-11T12:45+02:00,14925.8
2023-05-11T13:00+02:00,14937.4
2023-05-11T13:15+02:00,14892.9
2023-05-11T13:30+02:00,14780
2023-05-11T13:45+02:00,14584.4
2023-05-11T14:00+02:00,14280.1
2023-05-11T14:15+02:00,14063.3
2023-05-11T14:30+02:00,13774.3
2023-05-11T14:45+02:00,13426.8
2023-05-11T15:00+02:00,13045.9
2023-05-11T15:15+02:00,12619.2
2023-05-11T15:30+02:00,12120.5
2023-05-11T15:45+02:00,11553.7
2023-05-11T16:00+02:00,10950.4
2023-05-11T16:15+02:00,10340.5
2023-05-11T16:30+02:00,9693
2023-05-11T16:45+02:00,9006.3
2023-05-11T17:00+02:00,8278.6
2023-05-11T17:15+02:00,7550.9
2023-05-11T17:30+02:00,6792.7
2023-05-11T17:45+02:00,6032.1
2023-05-11T18:00+02:00,5273.4
2023-05-11T18:15+02:00,4515.6
2023-05-11T18:30+02:00,3804.8
2023-05-11T18:45+02:00,3147
2023-05-11T19:00+02:00,2505.9
2023-05-11T19:15+02:00,1904.9
2023-05-11T19:30+02:00,1376.5
2023-05-11T19:45+02:00,920.4
2023-05-11T20:00+02:00,600.1
2023-05-11T20:15+02:00,355
2023-05-11T20:30+02:00,169.8
2023-05-11T20:45+02:00,64.1
2023-05-11T21:00+02:00,22.4
2023-05-11T21:15+02:00,15.4
2023-05-11T21:30+02:00,0
2023-05-11T21:45+02:00,0
2023-05-11T22:00+02:00,0
2023-05-11T22:15+02:00,0
2023-05-11T22:30+02:00,0
2023-05-11T22:45+02:00,0
2023-05-11T23:00+02:00,0
2023-05-11T23:15+02:00,0
2023-05-11T23:30+02:00,0
2023-05-11T23:45+02:00,0
2023-05-12T00:00+02:00,0
2023-05-12T00:15+02:00,0
2023-05-12T00:30+02:00,0
2023-05-12T00:45+02:00,0
2023-05-12T01:00+02:00,0
2023-05-12T01:15+02:00,0
2023-05-12T01:30+02:00,0
2023-05-12T01:45+02:00,0
2023-05-12T02:00+02:00,0
2023-05-12T02:15+02:00,0
2023-05-12T02:30+02:00,0
2023-05-12T02:45+02:00,0
2023-05-12T03:00+02:00,0
2023-05-12T03:15+02:00,0
2023-05-12T03:30+02:00,0
2023-05-12T03:45+02:00,0
2023-05-12T04:00+02:00,0
2023-05-12T04:15+02:00,0
2023-05-12T04:30+02:00,0
2023-05-12T04:45+02:00,0
2023-05-12T05:00+02:00,0
2023-05-12T05:15+02:00,20.7
2023-05-12T05:30+02:00,45.6
2023-05-12T05:45+02:00,200.3
2023-05-12T06:00+02:00,518.6
2023-05-12T06:15+02:00,966.2
2023-05-12T06:30+02:00,1559
2023-05-12T06:45+02:00,2291
2023-05-12T07:00+02:00,3228.4
2023-05-12T07:15+02:00,4307.3
2023-05-12T07:30+02:00,5466.3
2023-05-12T07:45+02:00,6712.1
2023-05-12T08:00+02:00,8002.9
2023-05-12T08:15+02:00,9368.9
2023-05-12T08:30+02:00,10774.5
2023-05-12T08:45+02:00,12167
2023-05-12T09:00+02:00,13570.1
2023-05-12T09:15+02:00,14972.1
2023-05-12T09:30+02:00,16333.6
2023-05-12T09:45+02:00,17639.1
2023-05-12T10:00+02:00,18908
2023-05-12T10:15+02:00,20137.3
2023-05-12T10:30+02:00,21263
2023-05-12T10:45+02:00,22269.5
2023-05-12T11:00+02:00,23171.9
2023-05-12T11:15+02:00,23970.2
2023-05-12T11:30+02:00,24611.8
2023-05-12T11:45+02:00,25104.2
2023-05-12T12:00+02:00,25501.5
2023-05-12T12:15+02:00,25803.2
2023-05-12T12:30+02:00,26013.7
2023-05-12T12:45+02:00,26120.2
2023-05-12T13:00+02:00,26139.8
2023-05-12T13:15+02:00,26061.1
2023-05-12T13:30+02:00,25859.9
2023-05-12T13:45+02:00,25542.8
2023-05-12T14:00+02:00,25192.2
2023-05-12T14:15+02:00,24773
2023-05-12T14:30+02:00,24224.9
2023-05-12T14:45+02:00,23536.5
2023-05-12T15:00+02:00,22795
2023-05-12T15:15+02:00,21999.6
2023-05-12T15:30+02:00,21110.5
2023-05-12T15:45+02:00,20147.6
2023-05-12T16:00+02:00,19127.7
2023-05-12T16:15+02:00,18048.3
2023-05-12T16:30+02:00,16913.6
2023-05-12T16:45+02:00,15709.6
2023-05-12T17:00+02:00,14515
2023-05-12T17:15+02:00,13287.2
2023-05-12T17:30+02:00,12018.4
2023-05-12T17:45+02:00,10734.8
2023-05-12T18:00+02:00,9451.6
2023-05-12T18:15+02:00,8166.5
2023-05-12T18:30+02:00,6920
2023-05-12T18:45+02:00,5721.9
2023-05-12T19:00+02:00,4569.7
2023-05-12T19:15+02:00,3449.6
2023-05-12T19:30+02:00,2438.7
2023-05-12T19:45+02:00,1622.3
2023-05-12T20:00+02:00,1018.1
2023-05-12T20:15+02:00,618.9
2023-05-12T20:30+02:00,340.5
2023-05-12T20:45+02:00,144.6
2023-05-12T21:00+02:00,50.9
2023-05-12T21:15+02:00,22.1
2023-05-12T21:30+02:00,0
2023-05-12T21:45+02:00,0
2023-05-12T22:00+02:00,0
2023-05-12T22:15+02:00,0
2023-05-12T22:30+02:00,0
2023-05-12T22:45+02:00,0
2023-05-12T23:00+02:00,0
2023-05-12T23:15+02:00,0
2023-05-12T23:30+02:00,0
2023-05-12T23:45+02:00,0
2023-05-13T00:00+02:00,0
2023-05-13T00:15+02:00,0
2023-05-13T00:30+02:00,0
2023-05-13T00:45+02:00,0
2023-05-13T01:00+02:00,0
2023-05-13T01:15+02:00,0
2023-05-13T01:30+02:00,0
2023-05-13T01:45+02:00,0
2023-05-13T02:00+02:00,0
2023-05-13T02:15+02:00,0
2023-05-13T02:30+02:00,0
2023-05-13T02:45+02:00,0
2023-05-13T03:00+02:00,0
2023-05-13T03:15+02:00,0
2023-05-13T03:30+02:00,0
2023-05-13T03:45+02:00,0
2023-05-13T04:00+02:00,0
2023-05-13T04:15+02:00,0
2023-05-13T04:30+02:00,0
2023-05-13T04:45+02:00,0
2023-05-13T05:00+02:00,0
2023-05-13T05:15+02:00,2.1
2023-05-13T05:30+02:00,35
2023-05-13T05:45+02:00,245.7
2023-05-13T06:00+02:00,643.5
2023-05-13T06:15+02:00,1182.1
2023-05-13T06:30+02:00,1853.8
2023-05-13T06:45+02:00,2738.7
2023-05-13T07:00+02:00,3878.7
2023-05-13T07:15+02:00,5190.8
2023-05-13T07:30+02:00,6641.5
2023-05-13T07:45+02:00,8191
2023-05-13T08:00+02:00,9815.4
2023-05-13T08:15+02:00,11518.3
2023-05-13T08:30+02:00,13216.9
2023-05-13T08:45+02:00,14903.8
2023-05-13T09:00+02:00,16575.8
2023-05-13T09:15+02:00,18202.8
2023-05-13T09:30+02:00,19759.7
2023-05-13T09:45+02:00,21230.2
2023-05-13T10:00+02:00,22569
2023-05-13T10:15+02:00,23796.2
2023-05-13T10:30+02:00,24878.4
2023-05-13T10:45+02:00,25796.6
2023-05-13T11:00+02:00,26513.3
2023-05-13T11:15+02:00,27124.1
2023-05-13T11:30+02:00,27582.5
2023-05-13T11:45+02:00,27916.6
2023-05-13T12:00+02:00,28114.4
2023-05-13T12:15+02:00,28149.1
2023-05-13T12:30+02:00,28074.2
2023-05-13T12:45+02:00,27891.9
2023-05-13T13:00+02:00,27672.5
2023-05-13T13:15+02:00,27419.5
2023-05-13T13:30+02:00,27131.4
2023-05-13T13:45+02:00,26774.8
2023-05-13T14:00+02:00,26299.2
2023-05-13T14:15+02:00,25944.4
2023-05-13T14:30+02:00,25490
2023-05-13T14:45+02:00,24966.7
2023-05-13T15:00+02:00,24345.8
2023-05-13T15:15+02:00,23601
2023-05-13T15:30+02:00,22732.2
2023-05-13T15:45+02:00,21757.1
2023-05-13T16:00+02:00,20729.5
2023-05-13T16:15+02:00,19631.2
2023-05-13T16:30+02:00,18458
2023-05-13T16:45+02:00,17202.7
2023-05-13T17:00+02:00,15913.6
2023-05-13T17:15+02:00,14510.7
2023-05-13T17:30+02:00,13093.3
2023-05-13T17:45+02:00,11675.7
2023-05-13T18:00+02:00,10235
2023-05-13T18:15+02:00,8791.8
2023-05-13T18:30+02:00,7347
2023-05-13T18:45+02:00,5994.7
2023-05-13T19:00+02:00,4688.9
2023-05-13T19:15+02:00,3471.9
2023-05-13T19:30+02:00,2441.3
2023-05-13T19:45+02:00,1632.4
2023-05-13T20:00+02:00,1071.6
2023-05-13T20:15+02:00,665.1
2023-05-13T20:30+02:00,375.8
2023-05-13T20:45+02:00,165.2
2023-05-13T21:00+02:00,55.2
2023-05-13T21:15+02:00,26.1
2023-05-13T21:30+02:00,0
2023-05-13T21:45+02:00,0
2023-05-13T22:00+02:00,0
2023-05-13T22:15+02:00,0
2023-05-13T22:30+02:00,0
2023-05-13T22:45+02:00,0
2023-05-13T23:00+02:00,0
2023-05-13T23:15+02:00,0
2023-05-13T23:30+02:00,0
2023-05-13T23:45+02:00,0
2023-05-14T00:00+02:00,0
2023-05-14T00:15+02:00,0
2023-05-14T00:30+02:00,0
2023-05-14T00:45+02:00,0
2023-05-14T01:00+02:00,0
2023-05-14T01:15+02:00,0
2023-05-14T01:30+02:00,0
2023-05-14T01:45+02:00,0
2023-05-14T02:00+02:00,0
2023-05-14T02:15+02:00,0
2023-05-14T02:30+02:00,0
2023-05-14T02:45+02:00,0
2023-05-14T03:00+02:00,0
2023-05-14T03:15+02:00,0
2023-05-14T03:30+02:00,0
2023-05-14T03:45+02:00,0
2023-05-14T04:00+02:00,0
2023-05-14T04:15+02:00,0
2023-05-14T04:30+02:00,0
2023-05-14T04:45+02:00,0
2023-05-14T05:00+02:00,0
2023-05-14T05:15+02:00,4.3
2023-05-14T05:30+02:00,40.5
2023-05-14T05:45+02:00,283.9
2023-05-14T06:00+02:00,751
2023-05-14T06:15+02:00,1359.6
2023-05-14T06:30+02:00,2135.2
2023-05-14T06:45+02:00,3142.4
2023-05-14T07:00+02:00,4409.1
2023-05-14T07:15+02:00,5903.1
2023-05-14T07:30+02:00,7573.9
2023-05-14T07:45+02:00,9341.6
2023-05-14T08:00+02:00,11109.9
2023-05-14T08:15+02:00,12956.2
2023-05-14T08:30+02:00,14844.2
2023-05-14T08:45+02:00,16697.6
2023-05-14T09:00+02:00,18487.1
2023-05-14T09:15+02:00,20216.9
2023-05-14T09:30+02:00,21825.2
2023-05-14T09:45+02:00,23209.8
2023-05-14T10:00+02:00,24416
2023-05-14T10:15+02:00,25459.6
2023-05-14T10:30+02:00,26331.5
2023-05-14T10:45+02:00,27027.8
2023-05-14T11:00+02:00,27350.2
2023-05-14T11:15+02:00,27780.1
2023-05-14T11:30+02:00,28045.7
2023-05-14T11:45+02:00,28139.6
2023-05-14T12:00+02:00,28081.6
2023-05-14T12:15+02:00,27931.5
2023-05-14T12:30+02:00,27723.2
2023-05-14T12:45+02:00,27496.7
2023-05-14T13:00+02:00,27222.7
2023-05-14T13:15+02:00,26860.4
2023-05-14T13:30+02:00,26409.9
2023-05-14T13:45+02:00,25866.9
2023-05-14T14:00+02:00,25238.4
2023-05-14T14:15+02:00,24735.5
2023-05-14T14:30+02:00,24143.3
2023-05-14T14:45+02:00,23487
2023-05-14T15:00+02:00,22776.9
2023-05-14T15:15+02:00,22014.8
2023-05-14T15:30+02:00,21154.7
2023-05-14T15:45+02:00,20204.4
2023-05-14T16:00+02:00,19195.7
2023-05-14T16:15+02:00,18135.6
2023-05-14T16:30+02:00,16990.9
2023-05-14T16:45+02:00,15777
2023-05-14T17:00+02:00,14584.3
2023-05-14T17:15+02:00,13334.2
2023-05-14T17:30+02:00,12020
2023-05-14T17:45+02:00,10689.2
2023-05-14T18:00+02:00,9357
2023-05-14T18:15+02:00,8038.7
2023-05-14T18:30+02:00,6756.1
2023-05-14T18:45+02:00,5571.2
2023-05-14T19:00+02:00,4446.7
2023-05-14T19:15+02:00,3381.9
2023-05-14T19:30+02:00,2438.9
2023-05-14T19:45+02:00,1681.4
2023-05-14T20:00+02:00,1091.1
2023-05-14T20:15+02:00,651.9
2023-05-14T20:30+02:00,345.7
2023-05-14T20:45+02:00,140.9
2023-05-14T21:00+02:00,31.8
2023-05-14T21:15+02:00,13.2
2023-05-14T21:30+02:00,0
2023-05-14T21:45+02:00,0
2023-05-14T22:00+02:00,0
2023-05-14T22:15+02:00,0
2023-05-14T22:30+02:00,0
2023-05-14T22:45+02:00,0
2023-05-14T23:00+02:00,0
2023-05-14T23:15+02:00,0
2023-05-14T23:30+02:00,0
2023-05-14T23:45+02:00,0
2023-05-15T00:00+02:00,0
2023-05-15T00:15+02:00,0
2023-05-15T00:30+02:00,0
2023-05-15T00:45+02:00,0
2023-05-15T01:00+02:00,0
2023-05-15T01:15+02:00,0
2023-05-15T01:30+02:00,0
2023-05-15T01:45+02:00,0
2023-05-15T02:00+02:00,0
2023-05-15T02:15+02:00,0
2023-05-15T02:30+02:00,0
2023-05-15T02:45+02:00,0
2023-05-15T03:00+02:00,0
2023-05-15T03:15+02:00,0
2023-05-15T03:30+02:00,0
2023-05-15T03:45+02:00,0
2023-05-15T04:00+02:00,0
2023-05-15T04:15+02:00,0
2023-05-15T04:30+02:00,0
2023-05-15T04:45+02:00,0
2023-05-15T05:00+02:00,0
2023-05-15T05:15+02:00,5.7
2023-05-15T05:30+02:00,50.2
2023-05-15T05:45+02:00,232.5
2023-05-15T06:00+02:00,643.7
2023-05-15T06:15+02:00,1229.2
2023-05-15T06:30+02:00,1952.9
2023-05-15T06:45+02:00,2870.4
2023-05-15T07:00+02:00,3994.6
2023-05-15T07:15+02:00,5307.7
2023-05-15T07:30+02:00,6751.1
2023-05-15T07:45+02:00,8291.9
2023-05-15T08:00+02:00,9869.1
2023-05-15T08:15+02:00,11511.6
2023-05-15T08:30+02:00,13157.6
2023-05-15T08:45+02:00,14817.7
2023-05-15T09:00+02:00,16457.9
2023-05-15T09:15+02:00,18076.6
2023-05-15T09:30+02:00,19598.2
2023-05-15T09:45+02:00,21001.9
2023-05-15T10:00+02:00,22246.5
2023-05-15T10:15+02:00,23360
2023-05-15T10:30+02:00,24322.5
2023-05-15T10:45+02:00,25136
2023-05-15T11:00+02:00,25791.5
2023-05-15T11:15+02:00,26382.3
2023-05-15T11:30+02:00,26842.4
2023-05-15T11:45+02:00,27158.5
2023-05-15T12:00+02:00,27342.3
2023-05-15T12:15+02:00,27430.7
2023-05-15T12:30+02:00,27377
2023-05-15T12:45+02:00,27205.3
2023-05-15T13:00+02:00,27007.7
2023-05-15T13:15+02:00,26767.6
2023-05-15T13:30+02:00,26463
2023-05-15T13:45+02:00,26099.3
2023-05-15T14:00+02:00,25440.5
2023-05-15T14:15+02:00,25182
2023-05-15T14:30+02:00,24858.8
2023-05-15T14:45+02:00,24462.7
2023-05-15T15:00+02:00,23965.2
2023-05-15T15:15+02:00,23354.3
2023-05-15T15:30+02:00,22597.6
2023-05-15T15:45+02:00,21713.6
2023-05-15T16:00+02:00,20772.5
2023-05-15T16:15+02:00,19754.9
2023-05-15T16:30+02:00,18641.9
2023-05-15T16:45+02:00,17432.6
2023-05-15T17:00+02:00,16316.2
2023-05-15T17:15+02:00,14933.8
2023-05-15T17:30+02:00,13447.7
2023-05-15T17:45+02:00,11954.3
2023-05-15T18:00+02:00,10465.7
2023-05-15T18:15+02:00,8984.1
2023-05-15T18:30+02:00,7524.2
2023-05-15T18:45+02:00,6149.9
2023-05-15T19:00+02:00,4873.1
2023-05-15T19:15+02:00,3684.2
2023-05-15T19:30+02:00,2650.3
2023-05-15T19:45+02:00,1807.9
2023-05-15T20:00+02:00,1155.9
2023-05-15T20:15+02:00,693.3
2023-05-15T20:30+02:00,374.3
2023-05-15T20:45+02:00,157.9
2023-05-15T21:00+02:00,40.8
2023-05-15T21:15+02:00,18.4
2023-05-15T21:30+02:00,0
2023-05-15T21:45+02:00,0
2023-05-15T22:00+02:00,0
2023-05-15T22:15+02:00,0
2023-05-15T22:30+02:00,0
2023-05-15T22:45+02:00,0
2023-05-15T23:00+02:00,0
2023-05-15T23:15+02:00,0
2023-05-15T23:30+02:00,0
2023-05-15T23:45+02:00,0
2023-05-16T00:00+02:00,0
2023-05-16T00:15+02:00,0
2023-05-16T00:30+02:00,0
2023-05-16T00:45+02:00,0
2023-05-16T01:00+02:00,0
2023-05-16T01:15+02:00,0
2023-05-16T01:30+02:00,0
2023-05-16T01:45+02:00,0
2023-05-16T02:00+02:00,0
2023-05-16T02:15+02:00,0
2023-05-16T02:30+02:00,0
2023-05-16T02:45+02:00,0
2023-05-16T03:00+02:00,0
2023-05-16T03:15+02:00,0
2023-05-16T03:30+02:00,0
2023-05-16T03:45+02:00,0
2023-05-16T04:00+02:00,0
2023-05-16T04:15+02:00,0
2023-05-16T04:30+02:00,0
2023-05-16T04:45+02:00,0
2023-05-16T05:00+02:00,1.9
2023-05-16T05:15+02:00,20.6
2023-05-16T05:30+02:00,99.3
2023-05-16T05:45+02:00,312.2
2023-05-16T06:00+02:00,680.9
2023-05-16T06:15+02:00,1190.4
2023-05-16T06:30+02:00,1804.2
2023-05-16T06:45+02:00,2588.9
2023-05-16T07:00+02:00,3496.7
2023-05-16T07:15+02:00,4489.6
2023-05-16T07:30+02:00,5556
2023-05-16T07:45+02:00,6664.4
2023-05-16T08:00+02:00,7779.8
2023-05-16T08:15+02:00,8975.4
2023-05-16T08:30+02:00,10162.5
2023-05-16T08:45+02:00,11351.1
2023-05-16T09:00+02:00,12536.4
2023-05-16T09:15+02:00,13703
2023-05-16T09:30+02:00,14814.1
2023-05-16T09:45+02:00,15836.1
2023-05-16T10:00+02:00,16801.2
2023-05-16T10:15+02:00,17709.8
2023-05-16T10:30+02:00,18546.1
2023-05-16T10:45+02:00,19303.2
2023-05-16T11:00+02:00,19852.2
2023-05-16T11:15+02:00,20518.8
2023-05-16T11:30+02:00,21066
2023-05-16T11:45+02:00,21490.7
2023-05-16T12:00+02:00,21857.2
2023-05-16T12:15+02:00,22152.2
2023-05-16T12:30+02:00,22338.6
2023-05-16T12:45+02:00,22418.2
2023-05-16T13:00+02:00,22429.2
2023-05-16T13:15+02:00,22380.2
2023-05-16T13:30+02:00,22266.3
2023-05-16T13:45+02:00,22058.6
2023-05-16T14:00+02:00,21722.6
2023-05-16T14:15+02:00,21480.7
2023-05-16T14:30+02:00,21124
2023-05-16T14:45+02:00,20628.1
2023-05-16T15:00+02:00,20048.7
2023-05-16T15:15+02:00,19384.6
2023-05-16T15:30+02:00,18615.8
2023-05-16T15:45+02:00,17765.3
2023-05-16T16:00+02:00,16893.8
2023-05-16T16:15+02:00,15989.8
2023-05-16T16:30+02:00,15015.9
2023-05-16T16:45+02:00,13972.6
2023-05-16T17:00+02:00,12928
2023-05-16T17:15+02:00,11855.3
2023-05-16T17:30+02:00,10716.9
2023-05-16T17:45+02:00,9555.8
2023-05-16T18:00+02:00,8393.1
2023-05-16T18:15+02:00,7241.7
2023-05-16T18:30+02:00,6142
2023-05-16T18:45+02:00,5129.6
2023-05-16T19:00+02:00,4161.7
2023-05-16T19:15+02:00,3224.7
2023-05-16T19:30+02:00,2371.8
2023-05-16T19:45+02:00,1644.1
2023-05-16T20:00+02:00,1079
2023-05-16T20:15+02:00,650.6
2023-05-16T20:30+02:00,347.7
2023-05-16T20:45+02:00,149.6
2023-05-16T21:00+02:00,40.2
2023-05-16T21:15+02:00,13.7
2023-05-16T21:30+02:00,0
2023-05-16T21:45+02:00,0
2023-05-16T22:00+02:00,0
2023-05-16T22:15+02:00,0
2023-05-16T22:30+02:00,0
2023-05-16T22:45+02:00,0
2023-05-16T23:00+02:00,0
2023-05-16T23:15+02:00,0
2023-05-16T23:30+02:00,0
2023-05-16T23:45+02:00,0
2023-05-17T00:00+02:00,0
2023-05-17T00:15+02:00,0
2023-05-17T00:30+02:00,0
2023-05-17T00:45+02:00,0
2023-05-17T01:00+02:00,0
2023-05-17T01:15+02:00,0
2023-05-17T01:30+02:00,0
2023-05-17T01:45+02:00,0
2023-05-17T02:00+02:00,0
2023-05-17T02:15+02:00,0
2023-05-17T02:30+02:00,0
2023-05-17T02:45+02:00,0
2023-05-17T03:00+02:00,0
2023-05-17T03:15+02:00,0
2023-05-17T03:30+02:00,0
2023-05-17T03:45+02:00,0
2023-05-17T04:00+02:00,0
2023-05-17T04:15+02:00,0
2023-05-17T04:30+02:00,0
2023-05-17T04:45+02:00,0
2023-05-17T05:00+02:00,5.3
2023-05-17T05:15+02:00,40.3
2023-05-17T05:30+02:00,142
2023-05-17T05:45+02:00,392.3
2023-05-17T06:00+02:00,816.7
2023-05-17T06:15+02:00,1437.4
2023-05-17T06:30+02:00,2232.5
2023-05-17T06:45+02:00,3206.1
2023-05-17T07:00+02:00,4292.8
2023-05-17T07:15+02:00,5535
2023-05-17T07:30+02:00,6909.5
2023-05-17T07:45+02:00,8353.2
2023-05-17T08:00+02:00,9851.4
2023-05-17T08:15+02:00,11459
2023-05-17T08:30+02:00,13055.3
2023-05-17T08:45+02:00,14617.8
2023-05-17T09:00+02:00,16144.7
2023-05-17T09:15+02:00,17590.3
2023-05-17T09:30+02:00,18957.6
2023-05-17T09:45+02:00,20244.1
2023-05-17T10:00+02:00,21457
2023-05-17T10:15+02:00,22610.2
2023-05-17T10:30+02:00,23643.3
2023-05-17T10:45+02:00,24559.2
2023-05-17T11:00+02:00,25397.6
2023-05-17T11:15+02:00,26203.3
2023-05-17T11:30+02:00,26956.8
2023-05-17T11:45+02:00,27648.9
2023-05-17T12:00+02:00,28265.9
2023-05-17T12:15+02:00,28787
2023-05-17T12:30+02:00,29182.7
2023-05-17T12:45+02:00,29479.4
2023-05-17T13:00+02:00,29692.3
2023-05-17T13:15+02:00,29831.1
2023-05-17T13:30+02:00,29881
2023-05-17T13:45+02:00,29828.7
2023-05-17T14:00+02:00,29689
2023-05-17T14:15+02:00,29446.1
2023-05-17T14:30+02:00,29063
2023-05-17T14:45+02:00,28521.6
2023-05-17T15:00+02:00,27853.6
2023-05-17T15:15+02:00,27056.4
2023-05-17T15:30+02:00,26142.2
2023-05-17T15:45+02:00,25129
2023-05-17T16:00+02:00,24019.3
2023-05-17T16:15+02:00,22801.2
2023-05-17T16:30+02:00,21500.6
2023-05-17T16:45+02:00,20101.2
2023-05-17T17:00+02:00,18639.5
2023-05-17T17:15+02:00,17043.3
2023-05-17T17:30+02:00,15356.8
2023-05-17T17:45+02:00,13598.5
2023-05-17T18:00+02:00,11831.3
2023-05-17T18:15+02:00,10043.8
2023-05-17T18:30+02:00,8329.7
2023-05-17T18:45+02:00,6712.4
2023-05-17T19:00+02:00,5217.3
2023-05-17T19:15+02:00,3868.2
2023-05-17T19:30+02:00,2737
2023-05-17T19:45+02:00,1854.7
2023-05-17T20:00+02:00,1208.3
2023-05-17T20:15+02:00,763.4
2023-05-17T20:30+02:00,431
2023-05-17T20:45+02:00,199.2
2023-05-17T21:00+02:00,64.4
2023-05-17T21:15+02:00,25.5
2023-05-17T21:30+02:00,24.1
2023-05-17T21:45+02:00,0
2023-05-17T22:00+02:00,0
2023-05-17T22:15+02:00,0
2023-05-17T22:30+02:00,0
2023-05-17T22:45+02:00,0
2023-05-17T23:00+02:00,0
2023-05-17T23:15+02:00,0
2023-05-17T23:30+02:00,0
2023-05-17T23:45+02:00,0
2023-05-18T00:00+02:00,0
2023-05-18T00:15+02:00,0
2023-05-18T00:30+02:00,0
2023-05-18T00:45+02:00,0
2023-05-18T01:00+02:00,0
2023-05-18T01:15+02:00,0
2023-05-18T01:30+02:00,0
2023-05-18T01:45+02:00,0
2023-05-18T02:00+02:00,0
2023-05-18T02:15+02:00,0
2023-05-18T02:30+02:00,0
2023-05-18T02:45+02:00,0
2023-05-18T03:00+02:00,0
2023-05-18T03:15+02:00,0
2023-05-18T03:30+02:00,0
2023-05-18T03:45+02:00,0
2023-05-18T04:00+02:00,0
2023-05-18T04:15+02:00,0
2023-05-18T04:30+02:00,0
2023-05-18T04:45+02:00,0
2023-05-18T05:00+02:00,5.6
2023-05-18T05:15+02:00,27
2023-05-18T05:30+02:00,130.4
2023-05-18T05:45+02:00,470
2023-05-18T06:00+02:00,1018.9
2023-05-18T06:15+02:00,1728.3
2023-05-18T06:30+02:00,2651.2
2023-05-18T06:45+02:00,3805.6
2023-05-18T07:00+02:00,5222.6
2023-05-18T07:15+02:00,6908.6
2023-05-18T07:30+02:00,8799.2
2023-05-18T07:45+02:00,10817.9
2023-05-18T08:00+02:00,12893.4
2023-05-18T08:15+02:00,14943.8
2023-05-18T08:30+02:00,16954.7
2023-05-18T08:45+02:00,18957.8
2023-05-18T09:00+02:00,20877.2
2023-05-18T09:15+02:00,22717.7
2023-05-18T09:30+02:00,24422.4
2023-05-18T09:45+02:00,25956.9
2023-05-18T10:00+02:00,27321.2
2023-05-18T10:15+02:00,28506.7
2023-05-18T10:30+02:00,29504.2
2023-05-18T10:45+02:00,30265.1
2023-05-18T11:00+02:00,30867
2023-05-18T11:15+02:00,31485.9
2023-05-18T11:30+02:00,31996.6
2023-05-18T11:45+02:00,32409.3
2023-05-18T12:00+02:00,32700.3
2023-05-18T12:15+02:00,32845.1
2023-05-18T12:30+02:00,32934.5
2023-05-18T12:45+02:00,32965
2023-05-18T13:00+02:00,32892.5
2023-05-18T13:15+02:00,32689.4
2023-05-18T13:30+02:00,32397.2
2023-05-18T13:45+02:00,32017.3
2023-05-18T14:00+02:00,31530.3
2023-05-18T14:15+02:00,30946.3
2023-05-18T14:30+02:00,30228.8
2023-05-18T14:45+02:00,29376
2023-05-18T15:00+02:00,28407.4
2023-05-18T15:15+02:00,27341.6
2023-05-18T15:30+02:00,26202
2023-05-18T15:45+02:00,24987.2
2023-05-18T16:00+02:00,23660.5
2023-05-18T16:15+02:00,22231.8
2023-05-18T16:30+02:00,20716.8
2023-05-18T16:45+02:00,19128
2023-05-18T17:00+02:00,17482
2023-05-18T17:15+02:00,15867.4
2023-05-18T17:30+02:00,14218.9
2023-05-18T17:45+02:00,12586.1
2023-05-18T18:00+02:00,10978
2023-05-18T18:15+02:00,9383.2
2023-05-18T18:30+02:00,7837.5
2023-05-18T18:45+02:00,6405.9
2023-05-18T19:00+02:00,5080.9
2023-05-18T19:15+02:00,3861.1
2023-05-18T19:30+02:00,2818.3
2023-05-18T19:45+02:00,1984.8
2023-05-18T20:00+02:00,1356
2023-05-18T20:15+02:00,881
2023-05-18T20:30+02:00,512.1
2023-05-18T20:45+02:00,233.6
2023-05-18T21:00+02:00,74.5
2023-05-18T21:15+02:00,29.6
2023-05-18T21:30+02:00,18.7
2023-05-18T21:45+02:00,0
2023-05-18T22:00+02:00,0
2023-05-18T22:15+02:00,0
2023-05-18T22:30+02:00,0
2023-05-18T22:45+02:00,0
2023-05-18T23:00+02:00,0
2023-05-18T23:15+02:00,0
2023-05-18T23:30+02:00,0
2023-05-18T23:45+02:00,0
2023-05-19T00:00+02:00,0
2023-05-19T00:15+02:00,0
2023-05-19T00:30+02:00,0
2023-05-19T00:45+02:00,0
2023-05-19T01:00+02:00,0
2023-05-19T01:15+02:00,0
2023-05-19T01:30+02:00,0
2023-05-19T01:45+02:00,0
2023-05-19T02:00+02:00,0
2023-05-19T02:15+02:00,0
2023-05-19T02:30+02:00,0
2023-05-19T02:45+02:00,0
2023-05-19T03:00+02:00,0
2023-05-19T03:15+02:00,0
2023-05-19T03:30+02:00,0
2023-05-19T03:45+02:00,0
2023-05-19T04:00+02:00,0
2023-05-19T04:15+02:00,0
2023-05-19T04:30+02:00,0
2023-05-19T04:45+02:00,0
2023-05-19T05:00+02:00,5.5
2023-05-19T05:15+02:00,37
2023-05-19T05:30+02:00,159
2023-05-19T05:45+02:00,504.5
2023-05-19T06:00+02:00,1005
2023-05-19T06:15+02:00,1665.3
2023-05-19T06:30+02:00,2535.2
2023-05-19T06:45+02:00,3631.6
2023-05-19T07:00+02:00,4954.4
2023-05-19T07:15+02:00,6506.6
2023-05-19T07:30+02:00,8223.8
2023-05-19T07:45+02:00,10061.6
2023-05-19T08:00+02:00,12015
2023-05-19T08:15+02:00,14053.7
2023-05-19T08:30+02:00,16100.2
2023-05-19T08:45+02:00,18153
2023-05-19T09:00+02:00,20148.6
2023-05-19T09:15+02:00,22080.3
2023-05-19T09:30+02:00,23904.4
2023-05-19T09:45+02:00,25589.5
2023-05-19T10:00+02:00,27129.3
2023-05-19T10:15+02:00,28533.4
2023-05-19T10:30+02:00,29722
2023-05-19T10:45+02:00,30640.2
2023-05-19T11:00+02:00,31334.8
2023-05-19T11:15+02:00,31859.1
2023-05-19T11:30+02:00,32121
2023-05-19T11:45+02:00,32115.4
2023-05-19T12:00+02:00,31938.3
2023-05-19T12:15+02:00,31597.9
2023-05-19T12:30+02:00,31088.4
2023-05-19T12:45+02:00,30446.5
2023-05-19T13:00+02:00,29715.1
2023-05-19T13:15+02:00,28882.2
2023-05-19T13:30+02:00,27987.5
2023-05-19T13:45+02:00,27005.1
2023-05-19T14:00+02:00,26006.2
2023-05-19T14:15+02:00,25339
2023-05-19T14:30+02:00,24566.1
2023-05-19T14:45+02:00,23697.2
2023-05-19T15:00+02:00,22748.6
2023-05-19T15:15+02:00,21732.4
2023-05-19T15:30+02:00,20660.6
2023-05-19T15:45+02:00,19556.9
2023-05-19T16:00+02:00,18431.3
2023-05-19T16:15+02:00,17289.2
2023-05-19T16:30+02:00,16112.6
2023-05-19T16:45+02:00,14915.8
2023-05-19T17:00+02:00,13731.6
2023-05-19T17:15+02:00,12615.9
2023-05-19T17:30+02:00,11462.4
2023-05-19T17:45+02:00,10310.1
2023-05-19T18:00+02:00,9150.7
2023-05-19T18:15+02:00,7982.3
2023-05-19T18:30+02:00,6845.1
2023-05-19T18:45+02:00,5764.2
2023-05-19T19:00+02:00,4711.8
2023-05-19T19:15+02:00,3681.8
2023-05-19T19:30+02:00,2770.6
2023-05-19T19:45+02:00,2023.9
2023-05-19T20:00+02:00,1415.8
2023-05-19T20:15+02:00,900.9
2023-05-19T20:30+02:00,511.3
2023-05-19T20:45+02:00,241.5
2023-05-19T21:00+02:00,83
2023-05-19T21:15+02:00,32.4
2023-05-19T21:30+02:00,25.3
2023-05-19T21:45+02:00,0
2023-05-19T22:00+02:00,0
2023-05-19T22:15+02:00,0
2023-05-19T22:30+02:00,0
2023-05-19T22:45+02:00,0
2023-05-19T23:00+02:00,0
2023-05-19T23:15+02:00,0
2023-05-19T23:30+02:00,0
2023-05-19T23:45+02:00,0
2023-05-20T00:00+02:00,0
2023-05-20T00:15+02:00,0
2023-05-20T00:30+02:00,0
2023-05-20T00:45+02:00,0
2023-05-20T01:00+02:00,0
2023-05-20T01:15+02:00,0
2023-05-20T01:30+02:00,0
2023-05-20T01:45+02:00,0
2023-05-20T02:00+02:00,0
2023-05-20T02:15+02:00,0
2023-05-20T02:30+02:00,0
2023-05-20T02:45+02:00,0
2023-05-20T03:00+02:00,0
2023-05-20T03:15+02:00,0
2023-05-20T03:30+02:00,0
2023-05-20T03:45+02:00,0
2023-05-20T04:00+02:00,0
2023-05-20T04:15+02:00,0
2023-05-20T04:30+02:00,0
2023-05-20T04:45+02:00,0
2023-05-20T05:00+02:00,6.1
2023-05-20T05:15+02:00,52.2
2023-05-20T05:30+02:00,161
2023-05-20T05:45+02:00,444.9
2023-05-20T06:00+02:00,897
2023-05-20T06:15+02:00,1474.7
2023-05-20T06:30+02:00,2206.9
2023-05-20T06:45+02:00,3124.3
2023-05-20T07:00+02:00,4205.9
2023-05-20T07:15+02:00,5463.8
2023-05-20T07:30+02:00,6874.6
2023-05-20T07:45+02:00,8368.9
2023-05-20T08:00+02:00,9911.3
2023-05-20T08:15+02:00,11506.9
2023-05-20T08:30+02:00,13139.1
2023-05-20T08:45+02:00,14750.8
2023-05-20T09:00+02:00,16335.4
2023-05-20T09:15+02:00,17906.6
2023-05-20T09:30+02:00,19417.2
2023-05-20T09:45+02:00,20795
2023-05-20T10:00+02:00,22044.8
2023-05-20T10:15+02:00,23188.8
2023-05-20T10:30+02:00,24195.8
2023-05-20T10:45+02:00,25059.7
2023-05-20T11:00+02:00,25722.5
2023-05-20T11:15+02:00,26536.8
2023-05-20T11:30+02:00,27246.8
2023-05-20T11:45+02:00,27827.1
2023-05-20T12:00+02:00,28275.9
2023-05-20T12:15+02:00,28611.3
2023-05-20T12:30+02:00,28796.7
2023-05-20T12:45+02:00,28834.5
2023-05-20T13:00+02:00,28779
2023-05-20T13:15+02:00,28620.1
2023-05-20T13:30+02:00,28366.8
2023-05-20T13:45+02:00,28022.5
2023-05-20T14:00+02:00,27505.8
2023-05-20T14:15+02:00,27204.7
2023-05-20T14:30+02:00,26764.6
2023-05-20T14:45+02:00,26180.8
2023-05-20T15:00+02:00,25492.1
2023-05-20T15:15+02:00,24704.3
2023-05-20T15:30+02:00,23826
2023-05-20T15:45+02:00,22851.9
2023-05-20T16:00+02:00,21764
2023-05-20T16:15+02:00,20573.9
2023-05-20T16:30+02:00,19302.6
2023-05-20T16:45+02:00,17928.2
2023-05-20T17:00+02:00,16591.4
2023-05-20T17:15+02:00,15187.1
2023-05-20T17:30+02:00,13724.3
2023-05-20T17:45+02:00,12235.8
2023-05-20T18:00+02:00,10747.1
2023-05-20T18:15+02:00,9257.4
2023-05-20T18:30+02:00,7792.5
2023-05-20T18:45+02:00,6401.3
2023-05-20T19:00+02:00,5111.2
2023-05-20T19:15+02:00,3946.4
2023-05-20T19:30+02:00,2972.2
2023-05-20T19:45+02:00,2184
2023-05-20T20:00+02:00,1515.5
2023-05-20T20:15+02:00,959.5
2023-05-20T20:30+02:00,530
2023-05-20T20:45+02:00,234.1
2023-05-20T21:00+02:00,78.9
2023-05-20T21:15+02:00,34.7
2023-05-20T21:30+02:00,29.4
2023-05-20T21:45+02:00,0
2023-05-20T22:00+02:00,0
2023-05-20T22:15+02:00,0
2023-05-20T22:30+02:00,0
2023-05-20T22:45+02:00,0
2023-05-20T23:00+02:00,0
2023-05-20T23:15+02:00,0
2023-05-20T23:30+02:00,0
2023-05-20T23:45+02:00,0
2023-05-21T00:00+02:00,0
2023-05-21T00:15+02:00,0
2023-05-21T00:30+02:00,0
2023-05-21T00:45+02:00,0
2023-05-21T01:00+02:00,0
2023-05-21T01:15+02:00,0
2023-05-21T01:30+02:00,0
2023-05-21T01:45+02:00,0
2023-05-21T02:00+02:00,0
2023-05-21T02:15+02:00,0
2023-05-21T02:30+02:00,0
2023-05-21T02:45+02:00,0
2023-05-21T03:00+02:00,0
2023-05-21T03:15+02:00,0
2023-05-21T03:30+02:00,0
2023-05-21T03:45+02:00,0
2023-05-21T04:00+02:00,0
2023-05-21T04:15+02:00,0
2023-05-21T04:30+02:00,0
2023-05-21T04:45+02:00,0
2023-05-21T05:00+02:00,8.8
2023-05-21T05:15+02:00,63.4
2023-05-21T05:30+02:00,223.8
2023-05-21T05:45+02:00,593.8
2023-05-21T06:00+02:00,1130.6
2023-05-21T06:15+02:00,1846.4
2023-05-21T06:30+02:00,2756
2023-05-21T06:45+02:00,3898
2023-05-21T07:00+02:00,5252.5
2023-05-21T07:15+02:00,6835.3
2023-05-21T07:30+02:00,8565.8
2023-05-21T07:45+02:00,10405.1
2023-05-21T08:00+02:00,12315.9
2023-05-21T08:15+02:00,14264.9
2023-05-21T08:30+02:00,16239.6
2023-05-21T08:45+02:00,18248.4
2023-05-21T09:00+02:00,20248.2
2023-05-21T09:15+02:00,22230
2023-05-21T09:30+02:00,24158.4
2023-05-21T09:45+02:00,25989.3
2023-05-21T10:00+02:00,27687
2023-05-21T10:15+02:00,29245.3
2023-05-21T10:30+02:00,30640.8
2023-05-21T10:45+02:00,31875.9
2023-05-21T11:00+02:00,32946.6
2023-05-21T11:15+02:00,33976.5
2023-05-21T11:30+02:00,34840.5
2023-05-21T11:45+02:00,35482.4
2023-05-21T12:00+02:00,35827.4
2023-05-21T12:15+02:00,36078.4
2023-05-21T12:30+02:00,36236.2
2023-05-21T12:45+02:00,36306.5
2023-05-21T13:00+02:00,36259.2
2023-05-21T13:15+02:00,36101.7
2023-05-21T13:30+02:00,35824.6
2023-05-21T13:45+02:00,35407.1
2023-05-21T14:00+02:00,34729
2023-05-21T14:15+02:00,33995.1
2023-05-21T14:30+02:00,33157.8
2023-05-21T14:45+02:00,32240.7
2023-05-21T15:00+02:00,31235.8
2023-05-21T15:15+02:00,30135.9
2023-05-21T15:30+02:00,28940.1
2023-05-21T15:45+02:00,27646.1
2023-05-21T16:00+02:00,26232.6
2023-05-21T16:15+02:00,24809.4
2023-05-21T16:30+02:00,23247.7
2023-05-21T16:45+02:00,21552.1
2023-05-21T17:00+02:00,19699.7
2023-05-21T17:15+02:00,17875.8
2023-05-21T17:30+02:00,15986.4
2023-05-21T17:45+02:00,14069.2
2023-05-21T18:00+02:00,12196.1
2023-05-21T18:15+02:00,10353.1
2023-05-21T18:30+02:00,8586.1
2023-05-21T18:45+02:00,6897.1
2023-05-21T19:00+02:00,5378.1
2023-05-21T19:15+02:00,4079.7
2023-05-21T19:30+02:00,3051.8
2023-05-21T19:45+02:00,2269.9
2023-05-21T20:00+02:00,1625.8
2023-05-21T20:15+02:00,1071.9
2023-05-21T20:30+02:00,633
2023-05-21T20:45+02:00,322.3
2023-05-21T21:00+02:00,137.6
2023-05-21T21:15+02:00,76.1
2023-05-21T21:30+02:00,27.7
2023-05-21T21:45+02:00,0
2023-05-21T22:00+02:00,0
2023-05-21T22:15+02:00,0
2023-05-21T22:30+02:00,0
2023-05-21T22:45+02:00,0
2023-05-21T23:00+02:00,0
2023-05-21T23:15+02:00,0
2023-05-21T23:30+02:00,0
2023-05-21T23:45+02:00,0
2023-05-22T00:00+02:00,0
2023-05-22T00:15+02:00,0
2023-05-22T00:30+02:00,0
2023-05-22T00:45+02:00,0
2023-05-22T01:00+02:00,0
2023-05-22T01:15+02:00,0
2023-05-22T01:30+02:00,0
2023-05-22T01:45+02:00,0
2023-05-22T02:00+02:00,0
2023-05-22T02:15+02:00,0
2023-05-22T02:30+02:00,0
2023-05-22T02:45+02:00,0
2023-05-22T03:00+02:00,0
2023-05-22T03:15+02:00,0
2023-05-22T03:30+02:00,0
2023-05-22T03:45+02:00,0
2023-05-22T04:00+02:00,0
2023-05-22T04:15+02:00,0
2023-05-22T04:30+02:00,0
2023-05-22T04:45+02:00,0
2023-05-22T05:00+02:00,14.8
2023-05-22T05:15+02:00,47.7
2023-05-22T05:30+02:00,217.6
2023-05-22T05:45+02:00,575
2023-05-22T06:00+02:00,1096.7
2023-05-22T06:15+02:00,1796
2023-05-22T06:30+02:00,2699.8
2023-05-22T06:45+02:00,3883.7
2023-05-22T07:00+02:00,5356.3
2023-05-22T07:15+02:00,7106
2023-05-22T07:30+02:00,9039.6
2023-05-22T07:45+02:00,11100.1
2023-05-22T08:00+02:00,13190.4
2023-05-22T08:15+02:00,15270.1
2023-05-22T08:30+02:00,17375.1
2023-05-22T08:45+02:00,19468.8
2023-05-22T09:00+02:00,21542.6
2023-05-22T09:15+02:00,23579.8
2023-05-22T09:30+02:00,25543.4
2023-05-22T09:45+02:00,27370.4
2023-05-22T10:00+02:00,29030
2023-05-22T10:15+02:00,30528.4
2023-05-22T10:30+02:00,31873.5
2023-05-22T10:45+02:00,33065.2
2023-05-22T11:00+02:00,34105.4
2023-05-22T11:15+02:00,35015.7
2023-05-22T11:30+02:00,35760.7
2023-05-22T11:45+02:00,36341.7
2023-05-22T12:00+02:00,36777.1
2023-05-22T12:15+02:00,37061.2
2023-05-22T12:30+02:00,37203.8
2023-05-22T12:45+02:00,37211.8
2023-05-22T13:00+02:00,37090.5
2023-05-22T13:15+02:00,36818.4
2023-05-22T13:30+02:00,36388.2
2023-05-22T13:45+02:00,35806.5
2023-05-22T14:00+02:00,34938.5
2023-05-22T14:15+02:00,34109.7
2023-05-22T14:30+02:00,33219.3
2023-05-22T14:45+02:00,32235.8
2023-05-22T15:00+02:00,31134.6
2023-05-22T15:15+02:00,29926.2
2023-05-22T15:30+02:00,28581.1
2023-05-22T15:45+02:00,27122.1
2023-05-22T16:00+02:00,25577.2
2023-05-22T16:15+02:00,23961.6
2023-05-22T16:30+02:00,22250.5
2023-05-22T16:45+02:00,20469.2
2023-05-22T17:00+02:00,18552
2023-05-22T17:15+02:00,16704.7
2023-05-22T17:30+02:00,14853.4
2023-05-22T17:45+02:00,13059.2
2023-05-22T18:00+02:00,11318.9
2023-05-22T18:15+02:00,9633.2
2023-05-22T18:30+02:00,7998.7
2023-05-22T18:45+02:00,6483.7
2023-05-22T19:00+02:00,5129.3
2023-05-22T19:15+02:00,3943.3
2023-05-22T19:30+02:00,2991.7
2023-05-22T19:45+02:00,2212.8
2023-05-22T20:00+02:00,1550.9
2023-05-22T20:15+02:00,1017.7
2023-05-22T20:30+02:00,569.2
2023-05-22T20:45+02:00,250.7
2023-05-22T21:00+02:00,80.5
2023-05-22T21:15+02:00,32.2
2023-05-22T21:30+02:00,22.9
2023-05-22T21:45+02:00,0
2023-05-22T22:00+02:00,0
2023-05-22T22:15+02:00,0
2023-05-22T22:30+02:00,0
2023-05-22T22:45+02:00,0
2023-05-22T23:00+02:00,0
2023-05-22T23:15+02:00,0
2023-05-22T23:30+02:00,0
2023-05-22T23:45+02:00,0
2023-05-23T00:00+02:00,0
2023-05-23T00:15+02:00,0
2023-05-23T00:30+02:00,0
2023-05-23T00:45+02:00,0
2023-05-23T01:00+02:00,0
2023-05-23T01:15+02:00,0
2023-05-23T01:30+02:00,0
2023-05-23T01:45+02:00,0
2023-05-23T02:00+02:00,0
2023-05-23T02:15+02:00,0
2023-05-23T02:30+02:00,0
2023-05-23T02:45+02:00,0
2023-05-23T03:00+02:00,0
2023-05-23T03:15+02:00,0
2023-05-23T03:30+02:00,0
2023-05-23T03:45+02:00,0
2023-05-23T04:00+02:00,0
2023-05-23T04:15+02:00,0
2023-05-23T04:30+02:00,0
2023-05-23T04:45+02:00,0
2023-05-23T05:00+02:00,19.7
2023-05-23T05:15+02:00,41
2023-05-23T05:30+02:00,124.6
2023-05-23T05:45+02:00,307.7
2023-05-23T06:00+02:00,594.2
2023-05-23T06:15+02:00,1009.8
2023-05-23T06:30+02:00,1535.9
2023-05-23T06:45+02:00,2164.9
2023-05-23T07:00+02:00,2896.4
2023-05-23T07:15+02:00,3721.1
2023-05-23T07:30+02:00,4572.7
2023-05-23T07:45+02:00,5422.5
2023-05-23T08:00+02:00,6452.3
2023-05-23T08:15+02:00,7295.2
2023-05-23T08:30+02:00,8125.8
2023-05-23T08:45+02:00,8930
2023-05-23T09:00+02:00,9706.5
2023-05-23T09:15+02:00,10449
2023-05-23T09:30+02:00,11176.5
2023-05-23T09:45+02:00,11910.4
2023-05-23T10:00+02:00,12649.5
2023-05-23T10:15+02:00,13389.4
2023-05-23T10:30+02:00,14090.6
2023-05-23T10:45+02:00,14759.8
2023-05-23T11:00+02:00,15357.8
2023-05-23T11:15+02:00,16146
2023-05-23T11:30+02:00,16877.3
2023-05-23T11:45+02:00,17523.5
2023-05-23T12:00+02:00,18130.6
2023-05-23T12:15+02:00,18701.5
2023-05-23T12:30+02:00,19223.1
2023-05-23T12:45+02:00,19717.7
2023-05-23T13:00+02:00,20177.6
2023-05-23T13:15+02:00,20587.7
2023-05-23T13:30+02:00,20909.2
2023-05-23T13:45+02:00,21151.9
2023-05-23T14:00+02:00,21290.1
2023-05-23T14:15+02:00,21428.2
2023-05-23T14:30+02:00,21457
2023-05-23T14:45+02:00,21342.1
2023-05-23T15:00+02:00,21120.8
2023-05-23T15:15+02:00,20781.3
2023-05-23T15:30+02:00,20271.3
2023-05-23T15:45+02:00,19600.7
2023-05-23T16:00+02:00,18846.3
2023-05-23T16:15+02:00,17995.8
2023-05-23T16:30+02:00,17049.3
2023-05-23T16:45+02:00,16004.3
2023-05-23T17:00+02:00,15015.6
2023-05-23T17:15+02:00,13883.7
2023-05-23T17:30+02:00,12662.2
2023-05-23T17:45+02:00,11381
2023-05-23T18:00+02:00,10079.4
2023-05-23T18:15+02:00,8755.5
2023-05-23T18:30+02:00,7412.9
2023-05-23T18:45+02:00,6110.2
2023-05-23T19:00+02:00,4879.9
2023-05-23T19:15+02:00,3749.9
2023-05-23T19:30+02:00,2765.1
2023-05-23T19:45+02:00,1985.3
2023-05-23T20:00+02:00,1394.9
2023-05-23T20:15+02:00,904.6
2023-05-23T20:30+02:00,542
2023-05-23T20:45+02:00,271.2
2023-05-23T21:00+02:00,105.5
2023-05-23T21:15+02:00,32.5
2023-05-23T21:30+02:00,16.8
2023-05-23T21:45+02:00,0
2023-05-23T22:00+02:00,0
2023-05-23T22:15+02:00,0
2023-05-23T22:30+02:00,0
2023-05-23T22:45+02:00,0
2023-05-23T23:00+02:00,0
2023-05-23T23:15+02:00,0
2023-05-23T23:30+02:00,0
2023-05-23T23:45+02:00,0
2023-05-24T00:00+02:00,0
2023-05-24T00:15+02:00,0
2023-05-24T00:30+02:00,0
2023-05-24T00:45+02:00,0
2023-05-24T01:00+02:00,0
2023-05-24T01:15+02:00,0
2023-05-24T01:30+02:00,0
2023-05-24T01:45+02:00,0
2023-05-24T02:00+02:00,0
2023-05-24T02:15+02:00,0
2023-05-24T02:30+02:00,0
2023-05-24T02:45+02:00,0
2023-05-24T03:00+02:00,0
2023-05-24T03:15+02:00,0
2023-05-24T03:30+02:00,0
2023-05-24T03:45+02:00,0
2023-05-24T04:00+02:00,0
2023-05-24T04:15+02:00,0
2023-05-24T04:30+02:00,0
2023-05-24T04:45+02:00,0
2023-05-24T05:00+02:00,21.5
2023-05-24T05:15+02:00,57.4
2023-05-24T05:30+02:00,194.7
2023-05-24T05:45+02:00,511.7
2023-05-24T06:00+02:00,1004.6
2023-05-24T06:15+02:00,1666.4
2023-05-24T06:30+02:00,2461.8
2023-05-24T06:45+02:00,3393.6
2023-05-24T07:00+02:00,4433.5
2023-05-24T07:15+02:00,5630.3
2023-05-24T07:30+02:00,6912.3
2023-05-24T07:45+02:00,8242.5
2023-05-24T08:00+02:00,9584.2
2023-05-24T08:15+02:00,10950.6
2023-05-24T08:30+02:00,12276.7
2023-05-24T08:45+02:00,13498.4
2023-05-24T09:00+02:00,14726
2023-05-24T09:15+02:00,15861.3
2023-05-24T09:30+02:00,16959.4
2023-05-24T09:45+02:00,17965
2023-05-24T10:00+02:00,18874.6
2023-05-24T10:15+02:00,19705.8
2023-05-24T10:30+02:00,20457
2023-05-24T10:45+02:00,21125.1
2023-05-24T11:00+02:00,21735.5
2023-05-24T11:15+02:00,22362.4
2023-05-24T11:30+02:00,22891.9
2023-05-24T11:45+02:00,23338.7
2023-05-24T12:00+02:00,23707.8
2023-05-24T12:15+02:00,24025.4
2023-05-24T12:30+02:00,24249.6
2023-05-24T12:45+02:00,24375
2023-05-24T13:00+02:00,24431.5
2023-05-24T13:15+02:00,24409.9
2023-05-24T13:30+02:00,24310.7
2023-05-24T13:45+02:00,24137.6
2023-05-24T14:00+02:00,23944.7
2023-05-24T14:15+02:00,23753.8
2023-05-24T14:30+02:00,23429.9
2023-05-24T14:45+02:00,22979.5
2023-05-24T15:00+02:00,22457.9
2023-05-24T15:15+02:00,21885.3
2023-05-24T15:30+02:00,21217
2023-05-24T15:45+02:00,20460.3
2023-05-24T16:00+02:00,19611.4
2023-05-24T16:15+02:00,18723.9
2023-05-24T16:30+02:00,17677.3
2023-05-24T16:45+02:00,16563.8
2023-05-24T17:00+02:00,15459.9
2023-05-24T17:15+02:00,14289.9
2023-05-24T17:30+02:00,13086
2023-05-24T17:45+02:00,11850.7
2023-05-24T18:00+02:00,10550.9
2023-05-24T18:15+02:00,9227.8
2023-05-24T18:30+02:00,7925.1
2023-05-24T18:45+02:00,6659.3
2023-05-24T19:00+02:00,5432.8
2023-05-24T19:15+02:00,4273.2
2023-05-24T19:30+02:00,3249.5
2023-05-24T19:45+02:00,2389
2023-05-24T20:00+02:00,1699.5
2023-05-24T20:15+02:00,1134.8
2023-05-24T20:30+02:00,694.2
2023-05-24T20:45+02:00,334.7
2023-05-24T21:00+02:00,122
2023-05-24T21:15+02:00,42.8
2023-05-24T21:30+02:00,27.1
2023-05-24T21:45+02:00,0
2023-05-24T22:00+02:00,0
2023-05-24T22:15+02:00,0
2023-05-24T22:30+02:00,0
2023-05-24T22:45+02:00,0
2023-05-24T23:00+02:00,0
2023-05-24T23:15+02:00,0
2023-05-24T23:30+02:00,0
2023-05-24T23:45+02:00,0
2023-05-25T00:00+02:00,0
2023-05-25T00:15+02:00,0
2023-05-25T00:30+02:00,0
2023-05-25T00:45+02:00,0
2023-05-25T01:00+02:00,0
2023-05-25T01:15+02:00,0
2023-05-25T01:30+02:00,0
2023-05-25T01:45+02:00,0
2023-05-25T02:00+02:00,0
2023-05-25T02:15+02:00,0
2023-05-25T02:30+02:00,0
2023-05-25T02:45+02:00,0
2023-05-25T03:00+02:00,0
2023-05-25T03:15+02:00,0
2023-05-25T03:30+02:00,0
2023-05-25T03:45+02:00,0
2023-05-25T04:00+02:00,0
2023-05-25T04:15+02:00,0
2023-05-25T04:30+02:00,0
2023-05-25T04:45+02:00,0
2023-05-25T05:00+02:00,31.2
2023-05-25T05:15+02:00,91.4
2023-05-25T05:30+02:00,317.8
2023-05-25T05:45+02:00,754
2023-05-25T06:00+02:00,1359.6
2023-05-25T06:15+02:00,2085.1
2023-05-25T06:30+02:00,2978.7
2023-05-25T06:45+02:00,4107.9
2023-05-25T07:00+02:00,5496.3
2023-05-25T07:15+02:00,7100.7
2023-05-25T07:30+02:00,8851.9
2023-05-25T07:45+02:00,10700.1
2023-05-25T08:00+02:00,12572.3
2023-05-25T08:15+02:00,14481.3
2023-05-25T08:30+02:00,16389.4
2023-05-25T08:45+02:00,18249.4
2023-05-25T09:00+02:00,20076.1
2023-05-25T09:15+02:00,21806.6
2023-05-25T09:30+02:00,23463.1
2023-05-25T09:45+02:00,25035
2023-05-25T10:00+02:00,26503
2023-05-25T10:15+02:00,27855.3
2023-05-25T10:30+02:00,29086.3
2023-05-25T10:45+02:00,30171.5
2023-05-25T11:00+02:00,31126.9
2023-05-25T11:15+02:00,32005.4
2023-05-25T11:30+02:00,32772.2
2023-05-25T11:45+02:00,33455.9
2023-05-25T12:00+02:00,34057.6
2023-05-25T12:15+02:00,34558.3
2023-05-25T12:30+02:00,34915.7
2023-05-25T12:45+02:00,35119.4
2023-05-25T13:00+02:00,35208.9
2023-05-25T13:15+02:00,35185.8
2023-05-25T13:30+02:00,35064.5
2023-05-25T13:45+02:00,34833.4
2023-05-25T14:00+02:00,34494.6
2023-05-25T14:15+02:00,34112.8
2023-05-25T14:30+02:00,33597.3
2023-05-25T14:45+02:00,32955.5
2023-05-25T15:00+02:00,32186.8
2023-05-25T15:15+02:00,31301
2023-05-25T15:30+02:00,30312.1
2023-05-25T15:45+02:00,29220.2
2023-05-25T16:00+02:00,28002.4
2023-05-25T16:15+02:00,26651.6
2023-05-25T16:30+02:00,25168.3
2023-05-25T16:45+02:00,23544.7
2023-05-25T17:00+02:00,21786.4
2023-05-25T17:15+02:00,19865
2023-05-25T17:30+02:00,17849.8
2023-05-25T17:45+02:00,15794.1
2023-05-25T18:00+02:00,13716
2023-05-25T18:15+02:00,11694.7
2023-05-25T18:30+02:00,9732.5
2023-05-25T18:45+02:00,7892.2
2023-05-25T19:00+02:00,6156.2
2023-05-25T19:15+02:00,4608.4
2023-05-25T19:30+02:00,3382.8
2023-05-25T19:45+02:00,2509.5
2023-05-25T20:00+02:00,1835.2
2023-05-25T20:15+02:00,1271
2023-05-25T20:30+02:00,803
2023-05-25T20:45+02:00,413.5
2023-05-25T21:00+02:00,164.8
2023-05-25T21:15+02:00,60.3
2023-05-25T21:30+02:00,34
2023-05-25T21:45+02:00,0
2023-05-25T22:00+02:00,0
2023-05-25T22:15+02:00,0
2023-05-25T22:30+02:00,0
2023-05-25T22:45+02:00,0
2023-05-25T23:00+02:00,0
2023-05-25T23:15+02:00,0
2023-05-25T23:30+02:00,0
2023-05-25T23:45+02:00,0
2023-05-26T00:00+02:00,0
2023-05-26T00:15+02:00,0
2023-05-26T00:30+02:00,0
2023-05-26T00:45+02:00,0
2023-05-26T01:00+02:00,0
2023-05-26T01:15+02:00,0
2023-05-26T01:30+02:00,0
2023-05-26T01:45+02:00,0
2023-05-26T02:00+02:00,0
2023-05-26T02:15+02:00,0
2023-05-26T02:30+02:00,0
2023-05-26T02:45+02:00,0
2023-05-26T03:00+02:00,0
2023-05-26T03:15+02:00,0
2023-05-26T03:30+02:00,0
2023-05-26T03:45+02:00,0
2023-05-26T04:00+02:00,0
2023-05-26T04:15+02:00,0
2023-05-26T04:30+02:00,0
2023-05-26T04:45+02:00,0
2023-05-26T05:00+02:00,21.6
2023-05-26T05:15+02:00,86.8
2023-05-26T05:30+02:00,337.3
2023-05-26T05:45+02:00,807.9
2023-05-26T06:00+02:00,1429.8
2023-05-26T06:15+02:00,2180.2
2023-05-26T06:30+02:00,3076.3
2023-05-26T06:45+02:00,4275.9
2023-05-26T07:00+02:00,5790.6
2023-05-26T07:15+02:00,7539.8
2023-05-26T07:30+02:00,9443.5
2023-05-26T07:45+02:00,11475.7
2023-05-26T08:00+02:00,13597.6
2023-05-26T08:15+02:00,15756.1
2023-05-26T08:30+02:00,17897.7
2023-05-26T08:45+02:00,19949.4
2023-05-26T09:00+02:00,22070.3
2023-05-26T09:15+02:00,24101.6
2023-05-26T09:30+02:00,26055
2023-05-26T09:45+02:00,27880.9
2023-05-26T10:00+02:00,29539.8
2023-05-26T10:15+02:00,31035.8
2023-05-26T10:30+02:00,32371.6
2023-05-26T10:45+02:00,33545.7
2023-05-26T11:00+02:00,34581.2
2023-05-26T11:15+02:00,35423.4
2023-05-26T11:30+02:00,36099.7
2023-05-26T11:45+02:00,36598.6
2023-05-26T12:00+02:00,36945.3
2023-05-26T12:15+02:00,37154.7
2023-05-26T12:30+02:00,37291
2023-05-26T12:45+02:00,37332.9
2023-05-26T13:00+02:00,37249.8
2023-05-26T13:15+02:00,37069.3
2023-05-26T13:30+02:00,36839.2
2023-05-26T13:45+02:00,36548.7
2023-05-26T14:00+02:00,36144.3
2023-05-26T14:15+02:00,35613.4
2023-05-26T14:30+02:00,35018.2
2023-05-26T14:45+02:00,34350.2
2023-05-26T15:00+02:00,33569.6
2023-05-26T15:15+02:00,32675.6
2023-05-26T15:30+02:00,31651.6
2023-05-26T15:45+02:00,30507.8
2023-05-26T16:00+02:00,29217.9
2023-05-26T16:15+02:00,27779.4
2023-05-26T16:30+02:00,26228
2023-05-26T16:45+02:00,24548.5
2023-05-26T17:00+02:00,22734.8
2023-05-26T17:15+02:00,20736.6
2023-05-26T17:30+02:00,18687.7
2023-05-26T17:45+02:00,16593.5
2023-05-26T18:00+02:00,14419.7
2023-05-26T18:15+02:00,12283.1
2023-05-26T18:30+02:00,10223.2
2023-05-26T18:45+02:00,8258.2
2023-05-26T19:00+02:00,6440.4
2023-05-26T19:15+02:00,4800.7
2023-05-26T19:30+02:00,3508.3
2023-05-26T19:45+02:00,2603.8
2023-05-26T20:00+02:00,1919.6
2023-05-26T20:15+02:00,1361
2023-05-26T20:30+02:00,880.3
2023-05-26T20:45+02:00,460.6
2023-05-26T21:00+02:00,188.8
2023-05-26T21:15+02:00,71.7
2023-05-26T21:30+02:00,39.6
2023-05-26T21:45+02:00,38.5
2023-05-26T22:00+02:00,0
2023-05-26T22:15+02:00,0
2023-05-26T22:30+02:00,0
2023-05-26T22:45+02:00,0
2023-05-26T23:00+02:00,0
2023-05-26T23:15+02:00,0
2023-05-26T23:30+02:00,0
2023-05-26T23:45+02:00,0
2023-05-27T00:00+02:00,0
2023-05-27T00:15+02:00,0
2023-05-27T00:30+02:00,0
2023-05-27T00:45+02:00,0
2023-05-27T01:00+02:00,0
2023-05-27T01:15+02:00,0
2023-05-27T01:30+02:00,0
2023-05-27T01:45+02:00,0
2023-05-27T02:00+02:00,0
2023-05-27T02:15+02:00,0
2023-05-27T02:30+02:00,0
2023-05-27T02:45+02:00,0
2023-05-27T03:00+02:00,0
2023-05-27T03:15+02:00,0
2023-05-27T03:30+02:00,0
2023-05-27T03:45+02:00,0
2023-05-27T04:00+02:00,0
2023-05-27T04:15+02:00,0
2023-05-27T04:30+02:00,0
2023-05-27T04:45+02:00,0
2023-05-27T05:00+02:00,30.1
2023-05-27T05:15+02:00,105.4
2023-05-27T05:30+02:00,387.4
2023-05-27T05:45+02:00,884.8
2023-05-27T06:00+02:00,1509
2023-05-27T06:15+02:00,2243.4
2023-05-27T06:30+02:00,3166.5
2023-05-27T06:45+02:00,4424.6
2023-05-27T07:00+02:00,6017
2023-05-27T07:15+02:00,7905.6
2023-05-27T07:30+02:00,10005.7
2023-05-27T07:45+02:00,12252.2
2023-05-27T08:00+02:00,14554.4
2023-05-27T08:15+02:00,16828.5
2023-05-27T08:30+02:00,19108.6
2023-05-27T08:45+02:00,21360
2023-05-27T09:00+02:00,23513.4
2023-05-27T09:15+02:00,25549.1
2023-05-27T09:30+02:00,27449
2023-05-27T09:45+02:00,29178.6
2023-05-27T10:00+02:00,30728.8
2023-05-27T10:15+02:00,32103.7
2023-05-27T10:30+02:00,33304.7
2023-05-27T10:45+02:00,34350.6
2023-05-27T11:00+02:00,35261.5
2023-05-27T11:15+02:00,36189.8
2023-05-27T11:30+02:00,37022
2023-05-27T11:45+02:00,37650.2
2023-05-27T12:00+02:00,38112.5
2023-05-27T12:15+02:00,38484
2023-05-27T12:30+02:00,38776.7
2023-05-27T12:45+02:00,38994.9
2023-05-27T13:00+02:00,39117.3
2023-05-27T13:15+02:00,39141.7
2023-05-27T13:30+02:00,39083.2
2023-05-27T13:45+02:00,38884
2023-05-27T14:00+02:00,38529.4
2023-05-27T14:15+02:00,38104.7
2023-05-27T14:30+02:00,37511.5
2023-05-27T14:45+02:00,36776.2
2023-05-27T15:00+02:00,35886.5
2023-05-27T15:15+02:00,34865.2
2023-05-27T15:30+02:00,33742.8
2023-05-27T15:45+02:00,32524.4
2023-05-27T16:00+02:00,31164.5
2023-05-27T16:15+02:00,29658.5
2023-05-27T16:30+02:00,28016.5
2023-05-27T16:45+02:00,26235.3
2023-05-27T17:00+02:00,24272.7
2023-05-27T17:15+02:00,22133.5
2023-05-27T17:30+02:00,19870.3
2023-05-27T17:45+02:00,17545.9
2023-05-27T18:00+02:00,15176
2023-05-27T18:15+02:00,12838.8
2023-05-27T18:30+02:00,10586.7
2023-05-27T18:45+02:00,8486.3
2023-05-27T19:00+02:00,6550.5
2023-05-27T19:15+02:00,4857.5
2023-05-27T19:30+02:00,3537.4
2023-05-27T19:45+02:00,2627.6
2023-05-27T20:00+02:00,1951.8
2023-05-27T20:15+02:00,1385.4
2023-05-27T20:30+02:00,903.5
2023-05-27T20:45+02:00,489.8
2023-05-27T21:00+02:00,209.4
2023-05-27T21:15+02:00,83.3
2023-05-27T21:30+02:00,45.5
2023-05-27T21:45+02:00,44.6
2023-05-27T22:00+02:00,0
2023-05-27T22:15+02:00,0
2023-05-27T22:30+02:00,0
2023-05-27T22:45+02:00,0
2023-05-27T23:00+02:00,0
2023-05-27T23:15+02:00,0
2023-05-27T23:30+02:00,0
2023-05-27T23:45+02:00,0
2023-05-28T00:00+02:00,0
2023-05-28T00:15+02:00,0
2023-05-28T00:30+02:00,0
2023-05-28T00:45+02:00,0
2023-05-28T01:00+02:00,0
2023-05-28T01:15+02:00,0
2023-05-28T01:30+02:00,0
2023-05-28T01:45+02:00,0
2023-05-28T02:00+02:00,0
2023-05-28T02:15+02:00,0
2023-05-28T02:30+02:00,0
2023-05-28T02:45+02:00,0
2023-05-28T03:00+02:00,0
2023-05-28T03:15+02:00,0
2023-05-28T03:30+02:00,0
2023-05-28T03:45+02:00,0
2023-05-28T04:00+02:00,0
2023-05-28T04:15+02:00,0
2023-05-28T04:30+02:00,0
2023-05-28T04:45+02:00,0
2023-05-28T05:00+02:00,25.5
2023-05-28T05:15+02:00,119.5
2023-05-28T05:30+02:00,410.1
2023-05-28T05:45+02:00,910.3
2023-05-28T06:00+02:00,1514.5
2023-05-28T06:15+02:00,2241.9
2023-05-28T06:30+02:00,3184.1
2023-05-28T06:45+02:00,4470.1
2023-05-28T07:00+02:00,6106.2
2023-05-28T07:15+02:00,8040.9
2023-05-28T07:30+02:00,10171.7
2023-05-28T07:45+02:00,12427.4
2023-05-28T08:00+02:00,14755.4
2023-05-28T08:15+02:00,17125
2023-05-28T08:30+02:00,19490.7
2023-05-28T08:45+02:00,21803.8
2023-05-28T09:00+02:00,23830.1
2023-05-28T09:15+02:00,25903.9
2023-05-28T09:30+02:00,27848.1
2023-05-28T09:45+02:00,29644.5
2023-05-28T10:00+02:00,31279.3
2023-05-28T10:15+02:00,32757
2023-05-28T10:30+02:00,34082.1
2023-05-28T10:45+02:00,35270.9
2023-05-28T11:00+02:00,36325.2
2023-05-28T11:15+02:00,37264.7
2023-05-28T11:30+02:00,38063.6
2023-05-28T11:45+02:00,38640.5
2023-05-28T12:00+02:00,39097.1
2023-05-28T12:15+02:00,39375.7
2023-05-28T12:30+02:00,39550.3
2023-05-28T12:45+02:00,39668.3
2023-05-28T13:00+02:00,39670.6
2023-05-28T13:15+02:00,39603
2023-05-28T13:30+02:00,39460.5
2023-05-28T13:45+02:00,39240
2023-05-28T14:00+02:00,38897.3
2023-05-28T14:15+02:00,38375.8
2023-05-28T14:30+02:00,37672.8
2023-05-28T14:45+02:00,36778.8
2023-05-28T15:00+02:00,35798.8
2023-05-28T15:15+02:00,34698.4
2023-05-28T15:30+02:00,33491.3
2023-05-28T15:45+02:00,32165.2
2023-05-28T16:00+02:00,30721.2
2023-05-28T16:15+02:00,29160.1
2023-05-28T16:30+02:00,27483.1
2023-05-28T16:45+02:00,25664.1
2023-05-28T17:00+02:00,23701.6
2023-05-28T17:15+02:00,21586.4
2023-05-28T17:30+02:00,19362.5
2023-05-28T17:45+02:00,17078.5
2023-05-28T18:00+02:00,14907.6
2023-05-28T18:15+02:00,12626.5
2023-05-28T18:30+02:00,10438.1
2023-05-28T18:45+02:00,8394.4
2023-05-28T19:00+02:00,6524.7
2023-05-28T19:15+02:00,4860
2023-05-28T19:30+02:00,3602.8
2023-05-28T19:45+02:00,2706.6
2023-05-28T20:00+02:00,2026.1
2023-05-28T20:15+02:00,1438.8
2023-05-28T20:30+02:00,936.4
2023-05-28T20:45+02:00,510.7
2023-05-28T21:00+02:00,218.4
2023-05-28T21:15+02:00,84.9
2023-05-28T21:30+02:00,43.7
2023-05-28T21:45+02:00,42.3
2023-05-28T22:00+02:00,0
2023-05-28T22:15+02:00,0
2023-05-28T22:30+02:00,0
2023-05-28T22:45+02:00,0
2023-05-28T23:00+02:00,0
2023-05-28T23:15+02:00,0
2023-05-28T23:30+02:00,0
2023-05-28T23:45+02:00,0
2023-05-29T00:00+02:00,0
2023-05-29T00:15+02:00,0
2023-05-29T00:30+02:00,0
2023-05-29T00:45+02:00,0
2023-05-29T01:00+02:00,0
2023-05-29T01:15+02:00,0
2023-05-29T01:30+02:00,0
2023-05-29T01:45+02:00,0
2023-05-29T02:00+02:00,0
2023-05-29T02:15+02:00,0
2023-05-29T02:30+02:00,0
2023-05-29T02:45+02:00,0
2023-05-29T03:00+02:00,0
2023-05-29T03:15+02:00,0
2023-05-29T03:30+02:00,0
2023-05-29T03:45+02:00,0
2023-05-29T04:00+02:00,0
2023-05-29T04:15+02:00,0
2023-05-29T04:30+02:00,0
2023-05-29T04:45+02:00,0.1
2023-05-29T05:00+02:00,21.9
2023-05-29T05:15+02:00,129.6
2023-05-29T05:30+02:00,423
2023-05-29T05:45+02:00,890.7
2023-05-29T06:00+02:00,1493.3
2023-05-29T06:15+02:00,2226.2
2023-05-29T06:30+02:00,3154.6
2023-05-29T06:45+02:00,4395
2023-05-29T07:00+02:00,5978.4
2023-05-29T07:15+02:00,7864.1
2023-05-29T07:30+02:00,9992.4
2023-05-29T07:45+02:00,12222
2023-05-29T08:00+02:00,14493.4
2023-05-29T08:15+02:00,16781.9
2023-05-29T08:30+02:00,19047.7
2023-05-29T08:45+02:00,21303.4
2023-05-29T09:00+02:00,23497.6
2023-05-29T09:15+02:00,25595.7
2023-05-29T09:30+02:00,27563.8
2023-05-29T09:45+02:00,29338.5
2023-05-29T10:00+02:00,30944.2
2023-05-29T10:15+02:00,32396
2023-05-29T10:30+02:00,33693.2
2023-05-29T10:45+02:00,34844.3
2023-05-29T11:00+02:00,35872.8
2023-05-29T11:15+02:00,36728.1
2023-05-29T11:30+02:00,37362.7
2023-05-29T11:45+02:00,37816.5
2023-05-29T12:00+02:00,38053.3
2023-05-29T12:15+02:00,38243.7
2023-05-29T12:30+02:00,38373.4
2023-05-29T12:45+02:00,38459.9
2023-05-29T13:00+02:00,38453.2
2023-05-29T13:15+02:00,38355.2
2023-05-29T13:30+02:00,38157
2023-05-29T13:45+02:00,37836.8
2023-05-29T14:00+02:00,37383.3
2023-05-29T14:15+02:00,36781.1
2023-05-29T14:30+02:00,36036.1
2023-05-29T14:45+02:00,35187
2023-05-29T15:00+02:00,34216.8
2023-05-29T15:15+02:00,33128.1
2023-05-29T15:30+02:00,31937.5
2023-05-29T15:45+02:00,30664.8
2023-05-29T16:00+02:00,29527.3
2023-05-29T16:15+02:00,28153.7
2023-05-29T16:30+02:00,26600.3
2023-05-29T16:45+02:00,24897.5
2023-05-29T17:00+02:00,23039.6
2023-05-29T17:15+02:00,21073.4
2023-05-29T17:30+02:00,18995.2
2023-05-29T17:45+02:00,16848
2023-05-29T18:00+02:00,14687.2
2023-05-29T18:15+02:00,12497.5
2023-05-29T18:30+02:00,10391.1
2023-05-29T18:45+02:00,8425.2
2023-05-29T19:00+02:00,6616.4
2023-05-29T19:15+02:00,4993
2023-05-29T19:30+02:00,3715.3
2023-05-29T19:45+02:00,2804.5
2023-05-29T20:00+02:00,2104.6
2023-05-29T20:15+02:00,1510.6
2023-05-29T20:30+02:00,989.7
2023-05-29T20:45+02:00,536.8
2023-05-29T21:00+02:00,247.6
2023-05-29T21:15+02:00,97.8
2023-05-29T21:30+02:00,51.8
2023-05-29T21:45+02:00,32.2
2023-05-29T22:00+02:00,0
2023-05-29T22:15+02:00,0
2023-05-29T22:30+02:00,0
2023-05-29T22:45+02:00,0
2023-05-29T23:00+02:00,0
2023-05-29T23:15+02:00,0
2023-05-29T23:30+02:00,0
2023-05-29T23:45+02:00,0
2023-05-30T00:00+02:00,0
2023-05-30T00:15+02:00,0
2023-05-30T00:30+02:00,0
2023-05-30T00:45+02:00,0
2023-05-30T01:00+02:00,0
2023-05-30T01:15+02:00,0
2023-05-30T01:30+02:00,0
2023-05-30T01:45+02:00,0
2023-05-30T02:00+02:00,0
2023-05-30T02:15+02:00,0
2023-05-30T02:30+02:00,0
2023-05-30T02:45+02:00,0
2023-05-30T03:00+02:00,0
2023-05-30T03:15+02:00,0
2023-05-30T03:30+02:00,0
2023-05-30T03:45+02:00,0
2023-05-30T04:00+02:00,0
2023-05-30T04:15+02:00,0
2023-05-30T04:30+02:00,0
2023-05-30T04:45+02:00,0.2
2023-05-30T05:00+02:00,36.7
2023-05-30T05:15+02:00,133.7
2023-05-30T05:30+02:00,425.4
2023-05-30T05:45+02:00,937.7
2023-05-30T06:00+02:00,1582.3
2023-05-30T06:15+02:00,2354.8
2023-05-30T06:30+02:00,3308.4
2023-05-30T06:45+02:00,4476.7
2023-05-30T07:00+02:00,5887.9
2023-05-30T07:15+02:00,7532.8
2023-05-30T07:30+02:00,9315.6
2023-05-30T07:45+02:00,11203.5
2023-05-30T08:00+02:00,13138.1
2023-05-30T08:15+02:00,15108.3
2023-05-30T08:30+02:00,17071.1
2023-05-30T08:45+02:00,19032.2
2023-05-30T09:00+02:00,20934.8
2023-05-30T09:15+02:00,22775.9
2023-05-30T09:30+02:00,24552.3
2023-05-30T09:45+02:00,26209.7
2023-05-30T10:00+02:00,27737.8
2023-05-30T10:15+02:00,29127.9
2023-05-30T10:30+02:00,30362.9
2023-05-30T10:45+02:00,31446.4
2023-05-30T11:00+02:00,32377.6
2023-05-30T11:15+02:00,33144.7
2023-05-30T11:30+02:00,33786.8
2023-05-30T11:45+02:00,34253.4
2023-05-30T12:00+02:00,34636.9
2023-05-30T12:15+02:00,34905.3
2023-05-30T12:30+02:00,35115.9
2023-05-30T12:45+02:00,35267
2023-05-30T13:00+02:00,35330.1
2023-05-30T13:15+02:00,35331.8
2023-05-30T13:30+02:00,35229.2
2023-05-30T13:45+02:00,35006.6
2023-05-30T14:00+02:00,34685.1
2023-05-30T14:15+02:00,34209.8
2023-05-30T14:30+02:00,33616.6
2023-05-30T14:45+02:00,32905.3
2023-05-30T15:00+02:00,32067.3
2023-05-30T15:15+02:00,31102.6
2023-05-30T15:30+02:00,30036.2
2023-05-30T15:45+02:00,28874
2023-05-30T16:00+02:00,27597.1
2023-05-30T16:15+02:00,26222.4
2023-05-30T16:30+02:00,24758.4
2023-05-30T16:45+02:00,23195.6
2023-05-30T17:00+02:00,21502.2
2023-05-30T17:15+02:00,19706.3
2023-05-30T17:30+02:00,17815.3
2023-05-30T17:45+02:00,15878.6
2023-05-30T18:00+02:00,13893.8
2023-05-30T18:15+02:00,11929.5
2023-05-30T18:30+02:00,10027.9
2023-05-30T18:45+02:00,8228.7
2023-05-30T19:00+02:00,6533.2
2023-05-30T19:15+02:00,4983.2
2023-05-30T19:30+02:00,3713.3
2023-05-30T19:45+02:00,2798.9
2023-05-30T20:00+02:00,2108.8
2023-05-30T20:15+02:00,1498.8
2023-05-30T20:30+02:00,980.3
2023-05-30T20:45+02:00,548.3
2023-05-30T21:00+02:00,249.7
2023-05-30T21:15+02:00,100.6
2023-05-30T21:30+02:00,54.9
2023-05-30T21:45+02:00,47.8
2023-05-30T22:00+02:00,0
2023-05-30T22:15+02:00,0
2023-05-30T22:30+02:00,0
2023-05-30T22:45+02:00,0
2023-05-30T23:00+02:00,0
2023-05-30T23:15+02:00,0
2023-05-30T23:30+02:00,0
2023-05-30T23:45+02:00,0
2023-05-31T00:00+02:00,0
2023-05-31T00:15+02:00,0
2023-05-31T00:30+02:00,0
2023-05-31T00:45+02:00,0
2023-05-31T01:00+02:00,0
2023-05-31T01:15+02:00,0
2023-05-31T01:30+02:00,0
2023-05-31T01:45+02:00,0
2023-05-31T02:00+02:00,0
2023-05-31T02:15+02:00,0
2023-05-31T02:30+02:00,0
2023-05-31T02:45+02:00,0
2023-05-31T03:00+02:00,0
2023-05-31T03:15+02:00,0
2023-05-31T03:30+02:00,0
2023-05-31T03:45+02:00,0
2023-05-31T04:00+02:00,0
2023-05-31T04:15+02:00,0
2023-05-31T04:30+02:00,0
2023-05-31T04:45+02:00,0.4
2023-05-31T05:00+02:00,39.5
2023-05-31T05:15+02:00,148.8
2023-05-31T05:30+02:00,484.4
2023-05-31T05:45+02:00,1001.3
2023-05-31T06:00+02:00,1631.1
2023-05-31T06:15+02:00,2383.8
2023-05-31T06:30+02:00,3345.3
2023-05-31T06:45+02:00,4676.6
2023-05-31T07:00+02:00,6343.8
2023-05-31T07:15+02:00,8289
2023-05-31T07:30+02:00,10459.1
2023-05-31T07:45+02:00,12759.6
2023-05-31T08:00+02:00,15145.2
2023-05-31T08:15+02:00,17547.7
2023-05-31T08:30+02:00,19980.3
2023-05-31T08:45+02:00,22382.5
2023-05-31T09:00+02:00,24705.6
2023-05-31T09:15+02:00,26883.2
2023-05-31T09:30+02:00,28914.1
2023-05-31T09:45+02:00,30792.8
2023-05-31T10:00+02:00,32458.6
2023-05-31T10:15+02:00,33959.6
2023-05-31T10:30+02:00,35325.9
2023-05-31T10:45+02:00,36545.2
2023-05-31T11:00+02:00,37582
2023-05-31T11:15+02:00,38485.5
2023-05-31T11:30+02:00,39280.4
2023-05-31T11:45+02:00,39949.6
2023-05-31T12:00+02:00,40496.5
2023-05-31T12:15+02:00,40910.6
2023-05-31T12:30+02:00,41198.6
2023-05-31T12:45+02:00,41371.1
2023-05-31T13:00+02:00,41418.8
2023-05-31T13:15+02:00,41336
2023-05-31T13:30+02:00,41134.9
2023-05-31T13:45+02:00,40806.1
2023-05-31T14:00+02:00,40338.2
2023-05-31T14:15+02:00,39708.9
2023-05-31T14:30+02:00,38976.3
2023-05-31T14:45+02:00,38129.5
2023-05-31T15:00+02:00,37167.9
2023-05-31T15:15+02:00,36081.3
2023-05-31T15:30+02:00,34886.2
2023-05-31T15:45+02:00,33575.8
2023-05-31T16:00+02:00,32138.5
2023-05-31T16:15+02:00,30527.8
2023-05-31T16:30+02:00,28756.3
2023-05-31T16:45+02:00,26842.9
2023-05-31T17:00+02:00,24783.8
2023-05-31T17:15+02:00,22567
2023-05-31T17:30+02:00,20264.3
2023-05-31T17:45+02:00,17930.6
2023-05-31T18:00+02:00,15564.9
2023-05-31T18:15+02:00,13236.7
2023-05-31T18:30+02:00,10986.6
2023-05-31T18:45+02:00,8847.9
2023-05-31T19:00+02:00,6886.8
2023-05-31T19:15+02:00,5143.8
2023-05-31T19:30+02:00,3766.9
2023-05-31T19:45+02:00,2809.1
2023-05-31T20:00+02:00,2104.8
2023-05-31T20:15+02:00,1522.1
2023-05-31T20:30+02:00,1023
2023-05-31T20:45+02:00,583.4
2023-05-31T21:00+02:00,268.3
2023-05-31T21:15+02:00,110.2
2023-05-31T21:30+02:00,55.7
2023-05-31T21:45+02:00,48.5
2023-05-31T22:00+02:00,0
2023-05-31T22:15+02:00,0
2023-05-31T22:30+02:00,0
2023-05-31T22:45+02:00,0
2023-05-31T23:00+02:00,0
2023-05-31T23:15+02:00,0
2023-05-31T23:30+02:00,0
2023-05-31T23:45+02:00,0
2023-06-01T00:00+02:00,0
2023-06-01T00:15+02:00,0
2023-06-01T00:30+02:00,0
2023-06-01T00:45+02:00,0
2023-06-01T01:00+02:00,0
2023-06-01T01:15+02:00,0
2023-06-01T01:30+02:00,0
2023-06-01T01:45+02:00,0
2023-06-01T02:00+02:00,0
2023-06-01T02:15+02:00,0
2023-06-01T02:30+02:00,0
2023-06-01T02:45+02:00,0
2023-06-01T03:00+02:00,0
2023-06-01T03:15+02:00,0
2023-06-01T03:30+02:00,0
2023-06-01T03:45+02:00,0
2023-06-01T04:00+02:00,0
2023-06-01T04:15+02:00,0
2023-06-01T04:30+02:00,0
2023-06-01T04:45+02:00,0.4
2023-06-01T05:00+02:00,43.9
2023-06-01T05:15+02:00,154.5
2023-06-01T05:30+02:00,431.4
2023-06-01T05:45+02:00,856.2
2023-06-01T06:00+02:00,1441.7
2023-06-01T06:15+02:00,2283.7
2023-06-01T06:30+02:00,3321.5
2023-06-01T06:45+02:00,4585.5
2023-06-01T07:00+02:00,6079.6
2023-06-01T07:15+02:00,7790.9
2023-06-01T07:30+02:00,9618.2
2023-06-01T07:45+02:00,11551.7
2023-06-01T08:00+02:00,13531.1
2023-06-01T08:15+02:00,15564.5
2023-06-01T08:30+02:00,17607.4
2023-06-01T08:45+02:00,19645.9
2023-06-01T09:00+02:00,21636
2023-06-01T09:15+02:00,23626.2
2023-06-01T09:30+02:00,25571
2023-06-01T09:45+02:00,27409.6
2023-06-01T10:00+02:00,29132.4
2023-06-01T10:15+02:00,30745.8
2023-06-01T10:30+02:00,32228.5
2023-06-01T10:45+02:00,33587.7
2023-06-01T11:00+02:00,34815.4
2023-06-01T11:15+02:00,35899.6
2023-06-01T11:30+02:00,36844.3
2023-06-01T11:45+02:00,37649
2023-06-01T12:00+02:00,38326.2
2023-06-01T12:15+02:00,38850.4
2023-06-01T12:30+02:00,39242.9
2023-06-01T12:45+02:00,39512.2
2023-06-01T13:00+02:00,39656.4
2023-06-01T13:15+02:00,39673.5
2023-06-01T13:30+02:00,39561.7
2023-06-01T13:45+02:00,39318.8
2023-06-01T14:00+02:00,38921.6
2023-06-01T14:15+02:00,38373.6
2023-06-01T14:30+02:00,37706.9
2023-06-01T14:45+02:00,36920.2
2023-06-01T15:00+02:00,36020.2
2023-06-01T15:15+02:00,35003.5
2023-06-01T15:30+02:00,33868.5
2023-06-01T15:45+02:00,32614.7
2023-06-01T16:00+02:00,31219.8
2023-06-01T16:15+02:00,29687
2023-06-01T16:30+02:00,28000.2
2023-06-01T16:45+02:00,26182.6
2023-06-01T17:00+02:00,24234.9
2023-06-01T17:15+02:00,22138.5
2023-06-01T17:30+02:00,19963
2023-06-01T17:45+02:00,17746.1
2023-06-01T18:00+02:00,15521.1
2023-06-01T18:15+02:00,13338.9
2023-06-01T18:30+02:00,11235.9
2023-06-01T18:45+02:00,9229.6
2023-06-01T19:00+02:00,7370.9
2023-06-01T19:15+02:00,5675.2
2023-06-01T19:30+02:00,4231.9
2023-06-01T19:45+02:00,3143.2
2023-06-01T20:00+02:00,2302.9
2023-06-01T20:15+02:00,1608.5
2023-06-01T20:30+02:00,1029.8
2023-06-01T20:45+02:00,553.8
2023-06-01T21:00+02:00,260.2
2023-06-01T21:15+02:00,107.9
2023-06-01T21:30+02:00,43.6
2023-06-01T21:45+02:00,33.3
2023-06-01T22:00+02:00,0
2023-06-01T22:15+02:00,0
2023-06-01T22:30+02:00,0
2023-06-01T22:45+02:00,0
2023-06-01T23:00+02:00,0
2023-06-01T23:15+02:00,0
2023-06-01T23:30+02:00,0
2023-06-01T23:45+02:00,0
2023-06-02T00:00+02:00,0
2023-06-02T00:15+02:00,0
2023-06-02T00:30+02:00,0
2023-06-02T00:45+02:00,0
2023-06-02T01:00+02:00,0
2023-06-02T01:15+02:00,0
2023-06-02T01:30+02:00,0
2023-06-02T01:45+02:00,0
2023-06-02T02:00+02:00,0
2023-06-02T02:15+02:00,0
2023-06-02T02:30+02:00,0
2023-06-02T02:45+02:00,0
2023-06-02T03:00+02:00,0
2023-06-02T03:15+02:00,0
2023-06-02T03:30+02:00,0
2023-06-02T03:45+02:00,0
2023-06-02T04:00+02:00,0
2023-06-02T04:15+02:00,0
2023-06-02T04:30+02:00,0
2023-06-02T04:45+02:00,0.4
2023-06-02T05:00+02:00,31.1
2023-06-02T05:15+02:00,122.8
2023-06-02T05:30+02:00,351.9
2023-06-02T05:45+02:00,753.2
2023-06-02T06:00+02:00,1372.6
2023-06-02T06:15+02:00,2261.6
2023-06-02T06:30+02:00,3362.1
2023-06-02T06:45+02:00,4692
2023-06-02T07:00+02:00,6181
2023-06-02T07:15+02:00,7833.5
2023-06-02T07:30+02:00,9603.5
2023-06-02T07:45+02:00,11462.9
2023-06-02T08:00+02:00,13362.1
2023-06-02T08:15+02:00,15313
2023-06-02T08:30+02:00,17260.3
2023-06-02T08:45+02:00,19200.2
2023-06-02T09:00+02:00,21114.4
2023-06-02T09:15+02:00,23009.2
2023-06-02T09:30+02:00,24867.1
2023-06-02T09:45+02:00,26651.7
2023-06-02T10:00+02:00,28312.1
2023-06-02T10:15+02:00,29839.6
2023-06-02T10:30+02:00,31242
2023-06-02T10:45+02:00,32506
2023-06-02T11:00+02:00,33642.6
2023-06-02T11:15+02:00,34645.3
2023-06-02T11:30+02:00,35488.8
2023-06-02T11:45+02:00,36184.2
2023-06-02T12:00+02:00,36742.8
2023-06-02T12:15+02:00,37161.7
2023-06-02T12:30+02:00,37425.2
2023-06-02T12:45+02:00,37556.7
2023-06-02T13:00+02:00,37553.8
2023-06-02T13:15+02:00,37414.3
2023-06-02T13:30+02:00,37153.5
2023-06-02T13:45+02:00,36810.8
2023-06-02T14:00+02:00,36407.7
2023-06-02T14:15+02:00,35925.7
2023-06-02T14:30+02:00,35374.6
2023-06-02T14:45+02:00,34713.2
2023-06-02T15:00+02:00,33904.2
2023-06-02T15:15+02:00,32946.1
2023-06-02T15:30+02:00,31880.8
2023-06-02T15:45+02:00,30714.8
2023-06-02T16:00+02:00,29437.6
2023-06-02T16:15+02:00,28034.5
2023-06-02T16:30+02:00,26502.9
2023-06-02T16:45+02:00,24863.7
2023-06-02T17:00+02:00,23116.8
2023-06-02T17:15+02:00,21246.9
2023-06-02T17:30+02:00,19295.2
2023-06-02T17:45+02:00,17298
2023-06-02T18:00+02:00,15273.9
2023-06-02T18:15+02:00,13229.6
2023-06-02T18:30+02:00,11218.9
2023-06-02T18:45+02:00,9295.8
2023-06-02T19:00+02:00,7496.2
2023-06-02T19:15+02:00,5800.2
2023-06-02T19:30+02:00,4355.9
2023-06-02T19:45+02:00,3214.9
2023-06-02T20:00+02:00,2324.8
2023-06-02T20:15+02:00,1597.7
2023-06-02T20:30+02:00,987.3
2023-06-02T20:45+02:00,503.2
2023-06-02T21:00+02:00,210.6
2023-06-02T21:15+02:00,73.2
2023-06-02T21:30+02:00,19.6
2023-06-02T21:45+02:00,11.3
2023-06-02T22:00+02:00,0
2023-06-02T22:15+02:00,0
2023-06-02T22:30+02:00,0
2023-06-02T22:45+02:00,0
2023-06-02T23:00+02:00,0
2023-06-02T23:15+02:00,0
2023-06-02T23:30+02:00,0
2023-06-02T23:45+02:00,0
2023-06-03T00:00+02:00,0
2023-06-03T00:15+02:00,0
2023-06-03T00:30+02:00,0
2023-06-03T00:45+02:00,0
2023-06-03T01:00+02:00,0
2023-06-03T01:15+02:00,0
2023-06-03T01:30+02:00,0
2023-06-03T01:45+02:00,0
2023-06-03T02:00+02:00,0
2023-06-03T02:15+02:00,0
2023-06-03T02:30+02:00,0
2023-06-03T02:45+02:00,0
2023-06-03T03:00+02:00,0
2023-06-03T03:15+02:00,0
2023-06-03T03:30+02:00,0
2023-06-03T03:45+02:00,0
2023-06-03T04:00+02:00,0
2023-06-03T04:15+02:00,0
2023-06-03T04:30+02:00,0
2023-06-03T04:45+02:00,0.8
2023-06-03T05:00+02:00,36.1
2023-06-03T05:15+02:00,176.3
2023-06-03T05:30+02:00,469.6
2023-06-03T05:45+02:00,924
2023-06-03T06:00+02:00,1569.9
2023-06-03T06:15+02:00,2480.8
2023-06-03T06:30+02:00,3631.8
2023-06-03T06:45+02:00,5077.4
2023-06-03T07:00+02:00,6747.2
2023-06-03T07:15+02:00,8644.9
2023-06-03T07:30+02:00,10693.9
2023-06-03T07:45+02:00,12839.2
2023-06-03T08:00+02:00,15014.1
2023-06-03T08:15+02:00,17226.9
2023-06-03T08:30+02:00,19454.8
2023-06-03T08:45+02:00,21652.7
2023-06-03T09:00+02:00,23764.4
2023-06-03T09:15+02:00,25820.4
2023-06-03T09:30+02:00,27793.6
2023-06-03T09:45+02:00,29645.5
2023-06-03T10:00+02:00,31320.2
2023-06-03T10:15+02:00,32836.5
2023-06-03T10:30+02:00,34195.3
2023-06-03T10:45+02:00,35407.9
2023-06-03T11:00+02:00,36466.1
2023-06-03T11:15+02:00,37378.8
2023-06-03T11:30+02:00,38142.8
2023-06-03T11:45+02:00,38751
2023-06-03T12:00+02:00,39203.6
2023-06-03T12:15+02:00,39505.8
2023-06-03T12:30+02:00,39686.2
2023-06-03T12:45+02:00,39742.8
2023-06-03T13:00+02:00,39677.7
2023-06-03T13:15+02:00,39469.9
2023-06-03T13:30+02:00,39161.3
2023-06-03T13:45+02:00,38751.7
2023-06-03T14:00+02:00,38216.5
2023-06-03T14:15+02:00,37555.6
2023-06-03T14:30+02:00,36788.5
2023-06-03T14:45+02:00,35921.4
2023-06-03T15:00+02:00,34956
2023-06-03T15:15+02:00,33903.9
2023-06-03T15:30+02:00,32770.6
2023-06-03T15:45+02:00,31544.9
2023-06-03T16:00+02:00,30160.8
2023-06-03T16:15+02:00,28645
2023-06-03T16:30+02:00,27025.1
2023-06-03T16:45+02:00,25297
2023-06-03T17:00+02:00,23467
2023-06-03T17:15+02:00,21508.8
2023-06-03T17:30+02:00,19475.1
2023-06-03T17:45+02:00,17401
2023-06-03T18:00+02:00,15315.3
2023-06-03T18:15+02:00,13217.1
2023-06-03T18:30+02:00,11159
2023-06-03T18:45+02:00,9182.1
2023-06-03T19:00+02:00,7357.9
2023-06-03T19:15+02:00,5700
2023-06-03T19:30+02:00,4289.3
2023-06-03T19:45+02:00,3201.2
2023-06-03T20:00+02:00,2348.9
2023-06-03T20:15+02:00,1638.9
2023-06-03T20:30+02:00,1033
2023-06-03T20:45+02:00,548.8
2023-06-03T21:00+02:00,261.4
2023-06-03T21:15+02:00,115.4
2023-06-03T21:30+02:00,40.9
2023-06-03T21:45+02:00,15.9
2023-06-03T22:00+02:00,0
2023-06-03T22:15+02:00,0
2023-06-03T22:30+02:00,0
2023-06-03T22:45+02:00,0
2023-06-03T23:00+02:00,0
2023-06-03T23:15+02:00,0
2023-06-03T23:30+02:00,0
2023-06-03T23:45+02:00,0
2023-06-04T00:00+02:00,0
2023-06-04T00:15+02:00,0
2023-06-04T00:30+02:00,0
2023-06-04T00:45+02:00,0
2023-06-04T01:00+02:00,0
2023-06-04T01:15+02:00,0
2023-06-04T01:30+02:00,0
2023-06-04T01:45+02:00,0
2023-06-04T02:00+02:00,0
2023-06-04T02:15+02:00,0
2023-06-04T02:30+02:00,0
2023-06-04T02:45+02:00,0
2023-06-04T03:00+02:00,0
2023-06-04T03:15+02:00,0
2023-06-04T03:30+02:00,0
2023-06-04T03:45+02:00,0
2023-06-04T04:00+02:00,0
2023-06-04T04:15+02:00,0
2023-06-04T04:30+02:00,0
2023-06-04T04:45+02:00,1.1
2023-06-04T05:00+02:00,38.2
2023-06-04T05:15+02:00,178.7
2023-06-04T05:30+02:00,485.6
2023-06-04T05:45+02:00,953.2
2023-06-04T06:00+02:00,1614.1
2023-06-04T06:15+02:00,2538.7
2023-06-04T06:30+02:00,3711.8
2023-06-04T06:45+02:00,5196.5
2023-06-04T07:00+02:00,6918.6
2023-06-04T07:15+02:00,8865.5
2023-06-04T07:30+02:00,10976.2
2023-06-04T07:45+02:00,13186.5
2023-06-04T08:00+02:00,15458
2023-06-04T08:15+02:00,17795.7
2023-06-04T08:30+02:00,20157.1
2023-06-04T08:45+02:00,22467.5
2023-06-04T09:00+02:00,24679
2023-06-04T09:15+02:00,26802.5
2023-06-04T09:30+02:00,28810
2023-06-04T09:45+02:00,30665
2023-06-04T10:00+02:00,32363.7
2023-06-04T10:15+02:00,33931.9
2023-06-04T10:30+02:00,35347.1
2023-06-04T10:45+02:00,36607.1
2023-06-04T11:00+02:00,37689.1
2023-06-04T11:15+02:00,38594.7
2023-06-04T11:30+02:00,39338.7
2023-06-04T11:45+02:00,39937.4
2023-06-04T12:00+02:00,40417.3
2023-06-04T12:15+02:00,40752.7
2023-06-04T12:30+02:00,40958.1
2023-06-04T12:45+02:00,41041.9
2023-06-04T13:00+02:00,41009.3
2023-06-04T13:15+02:00,40850.1
2023-06-04T13:30+02:00,40571.5
2023-06-04T13:45+02:00,40169.4
2023-06-04T14:00+02:00,39649.2
2023-06-04T14:15+02:00,39013.9
2023-06-04T14:30+02:00,38270.9
2023-06-04T14:45+02:00,37421.7
2023-06-04T15:00+02:00,36467.6
2023-06-04T15:15+02:00,35413.8
2023-06-04T15:30+02:00,34251.9
2023-06-04T15:45+02:00,32956.6
2023-06-04T16:00+02:00,31530.3
2023-06-04T16:15+02:00,29954.9
2023-06-04T16:30+02:00,28247.9
2023-06-04T16:45+02:00,26411.1
2023-06-04T17:00+02:00,24467.8
2023-06-04T17:15+02:00,22392.2
2023-06-04T17:30+02:00,20214.1
2023-06-04T17:45+02:00,18017.8
2023-06-04T18:00+02:00,15863.2
2023-06-04T18:15+02:00,13758
2023-06-04T18:30+02:00,11732.1
2023-06-04T18:45+02:00,9798.3
2023-06-04T19:00+02:00,7952.1
2023-06-04T19:15+02:00,6198.8
2023-06-04T19:30+02:00,4683.3
2023-06-04T19:45+02:00,3473.7
2023-06-04T20:00+02:00,2521.1
2023-06-04T20:15+02:00,1734.6
2023-06-04T20:30+02:00,1082.7
2023-06-04T20:45+02:00,565.3
2023-06-04T21:00+02:00,258.2
2023-06-04T21:15+02:00,110.5
2023-06-04T21:30+02:00,33.9
2023-06-04T21:45+02:00,12.8
2023-06-04T22:00+02:00,0
2023-06-04T22:15+02:00,0
2023-06-04T22:30+02:00,0
2023-06-04T22:45+02:00,0
2023-06-04T23:00+02:00,0
2023-06-04T23:15+02:00,0
2023-06-04T23:30+02:00,0
2023-06-04T23:45+02:00,0
2023-06-05T00:00+02:00,0
2023-06-05T00:15+02:00,0
2023-06-05T00:30+02:00,0
2023-06-05T00:45+02:00,0
2023-06-05T01:00+02:00,0
2023-06-05T01:15+02:00,0
2023-06-05T01:30+02:00,0
2023-06-05T01:45+02:00,0
2023-06-05T02:00+02:00,0
2023-06-05T02:15+02:00,0
2023-06-05T02:30+02:00,0
2023-06-05T02:45+02:00,0
2023-06-05T03:00+02:00,0
2023-06-05T03:15+02:00,0
2023-06-05T03:30+02:00,0
2023-06-05T03:45+02:00,0
2023-06-05T04:00+02:00,0
2023-06-05T04:15+02:00,0
2023-06-05T04:30+02:00,0
2023-06-05T04:45+02:00,1
2023-06-05T05:00+02:00,39.5
2023-06-05T05:15+02:00,164.5
2023-06-05T05:30+02:00,449.1
2023-06-05T05:45+02:00,906.6
2023-06-05T06:00+02:00,1597.8
2023-06-05T06:15+02:00,2585.6
2023-06-05T06:30+02:00,3794.9
2023-06-05T06:45+02:00,5254.9
2023-06-05T07:00+02:00,6857.2
2023-06-05T07:15+02:00,8615.8
2023-06-05T07:30+02:00,10559.4
2023-06-05T07:45+02:00,12614
2023-06-05T08:00+02:00,14684.7
2023-06-05T08:15+02:00,16797.6
2023-06-05T08:30+02:00,18930.6
2023-06-05T08:45+02:00,21010.1
2023-06-05T09:00+02:00,23025.7
2023-06-05T09:15+02:00,24983.8
2023-06-05T09:30+02:00,26838.8
2023-06-05T09:45+02:00,28591.4
2023-06-05T10:00+02:00,30202.3
2023-06-05T10:15+02:00,31665.1
2023-06-05T10:30+02:00,32949.7
2023-06-05T10:45+02:00,34061.3
2023-06-05T11:00+02:00,34959.6
2023-06-05T11:15+02:00,35790.7
2023-06-05T11:30+02:00,36476.8
2023-06-05T11:45+02:00,37023.2
2023-06-05T12:00+02:00,37422.2
2023-06-05T12:15+02:00,37670.7
2023-06-05T12:30+02:00,37800
2023-06-05T12:45+02:00,37841.5
2023-06-05T13:00+02:00,37774.1
2023-06-05T13:15+02:00,37569.6
2023-06-05T13:30+02:00,37255.5
2023-06-05T13:45+02:00,36846.3
2023-06-05T14:00+02:00,36270.2
2023-06-05T14:15+02:00,35634.8
2023-06-05T14:30+02:00,34876.9
2023-06-05T14:45+02:00,34007.8
2023-06-05T15:00+02:00,33037.7
2023-06-05T15:15+02:00,31984.7
2023-06-05T15:30+02:00,30851.7
2023-06-05T15:45+02:00,29602
2023-06-05T16:00+02:00,28223
2023-06-05T16:15+02:00,26743
2023-06-05T16:30+02:00,25136.1
2023-06-05T16:45+02:00,23465.2
2023-06-05T17:00+02:00,21805.5
2023-06-05T17:15+02:00,19982.8
2023-06-05T17:30+02:00,18157.6
2023-06-05T17:45+02:00,16297.3
2023-06-05T18:00+02:00,14458.6
2023-06-05T18:15+02:00,12661.4
2023-06-05T18:30+02:00,10879.1
2023-06-05T18:45+02:00,9179.5
2023-06-05T19:00+02:00,7583
2023-06-05T19:15+02:00,6122.9
2023-06-05T19:30+02:00,4822.9
2023-06-05T19:45+02:00,3712
2023-06-05T20:00+02:00,2731.8
2023-06-05T20:15+02:00,1863.3
2023-06-05T20:30+02:00,1132.2
2023-06-05T20:45+02:00,558
2023-06-05T21:00+02:00,242.6
2023-06-05T21:15+02:00,114.9
2023-06-05T21:30+02:00,56.9
2023-06-05T21:45+02:00,11.3
2023-06-05T22:00+02:00,0
2023-06-05T22:15+02:00,0
2023-06-05T22:30+02:00,0
2023-06-05T22:45+02:00,0
2023-06-05T23:00+02:00,0
2023-06-05T23:15+02:00,0
2023-06-05T23:30+02:00,0
2023-06-05T23:45+02:00,0
2023-06-06T00:00+02:00,0
2023-06-06T00:15+02:00,0
2023-06-06T00:30+02:00,0
2023-06-06T00:45+02:00,0
2023-06-06T01:00+02:00,0
2023-06-06T01:15+02:00,0
2023-06-06T01:30+02:00,0
2023-06-06T01:45+02:00,0
2023-06-06T02:00+02:00,0
2023-06-06T02:15+02:00,0
2023-06-06T02:30+02:00,0
2023-06-06T02:45+02:00,0
2023-06-06T03:00+02:00,0
2023-06-06T03:15+02:00,0
2023-06-06T03:30+02:00,0
2023-06-06T03:45+02:00,0
2023-06-06T04:00+02:00,0
2023-06-06T04:15+02:00,0
2023-06-06T04:30+02:00,0
2023-06-06T04:45+02:00,1.2
2023-06-06T05:00+02:00,32.3
2023-06-06T05:15+02:00,164.9
2023-06-06T05:30+02:00,399.3
2023-06-06T05:45+02:00,742.8
2023-06-06T06:00+02:00,1271.9
2023-06-06T06:15+02:00,2019.4
2023-06-06T06:30+02:00,2952.7
2023-06-06T06:45+02:00,4070.9
2023-06-06T07:00+02:00,5340.6
2023-06-06T07:15+02:00,6741.8
2023-06-06T07:30+02:00,8264.1
2023-06-06T07:45+02:00,9857.2
2023-06-06T08:00+02:00,11417.5
2023-06-06T08:15+02:00,13079.6
2023-06-06T08:30+02:00,14749.6
2023-06-06T08:45+02:00,16395.2
2023-06-06T09:00+02:00,17996.8
2023-06-06T09:15+02:00,19536
2023-06-06T09:30+02:00,20996.3
2023-06-06T09:45+02:00,22338.9
2023-06-06T10:00+02:00,23564.8
2023-06-06T10:15+02:00,24685.3
2023-06-06T10:30+02:00,25694.8
2023-06-06T10:45+02:00,26601
2023-06-06T11:00+02:00,27473.8
2023-06-06T11:15+02:00,28213.4
2023-06-06T11:30+02:00,28836
2023-06-06T11:45+02:00,29330.7
2023-06-06T12:00+02:00,29697.6
2023-06-06T12:15+02:00,29899.3
2023-06-06T12:30+02:00,30044.3
2023-06-06T12:45+02:00,30112.3
2023-06-06T13:00+02:00,30069.9
2023-06-06T13:15+02:00,29861.8
2023-06-06T13:30+02:00,29567.6
2023-06-06T13:45+02:00,29212.7
2023-06-06T14:00+02:00,28872.4
2023-06-06T14:15+02:00,28397.9
2023-06-06T14:30+02:00,27899.7
2023-06-06T14:45+02:00,27305.6
2023-06-06T15:00+02:00,26595.5
2023-06-06T15:15+02:00,25794.8
2023-06-06T15:30+02:00,24924.2
2023-06-06T15:45+02:00,23972
2023-06-06T16:00+02:00,22945.6
2023-06-06T16:15+02:00,21850.7
2023-06-06T16:30+02:00,20700.1
2023-06-06T16:45+02:00,19471.9
2023-06-06T17:00+02:00,18180
2023-06-06T17:15+02:00,16788.8
2023-06-06T17:30+02:00,15317.8
2023-06-06T17:45+02:00,13809.4
2023-06-06T18:00+02:00,12283.9
2023-06-06T18:15+02:00,10742.5
2023-06-06T18:30+02:00,9223.5
2023-06-06T18:45+02:00,7772.9
2023-06-06T19:00+02:00,6397
2023-06-06T19:15+02:00,5133.9
2023-06-06T19:30+02:00,4029.1
2023-06-06T19:45+02:00,3126.4
2023-06-06T20:00+02:00,2387.8
2023-06-06T20:15+02:00,1733
2023-06-06T20:30+02:00,1115.3
2023-06-06T20:45+02:00,586.6
2023-06-06T21:00+02:00,292.7
2023-06-06T21:15+02:00,143.2
2023-06-06T21:30+02:00,62
2023-06-06T21:45+02:00,39.8
2023-06-06T22:00+02:00,0
2023-06-06T22:15+02:00,0
2023-06-06T22:30+02:00,0
2023-06-06T22:45+02:00,0
2023-06-06T23:00+02:00,0
2023-06-06T23:15+02:00,0
2023-06-06T23:30+02:00,0
2023-06-06T23:45+02:00,0
2023-06-07T00:00+02:00,0
2023-06-07T00:15+02:00,0
2023-06-07T00:30+02:00,0
2023-06-07T00:45+02:00,0
2023-06-07T01:00+02:00,0
2023-06-07T01:15+02:00,0
2023-06-07T01:30+02:00,0
2023-06-07T01:45+02:00,0
2023-06-07T02:00+02:00,0
2023-06-07T02:15+02:00,0
2023-06-07T02:30+02:00,0
2023-06-07T02:45+02:00,0
2023-06-07T03:00+02:00,0
2023-06-07T03:15+02:00,0
2023-06-07T03:30+02:00,0
2023-06-07T03:45+02:00,0
2023-06-07T04:00+02:00,0
2023-06-07T04:15+02:00,0
2023-06-07T04:30+02:00,0
2023-06-07T04:45+02:00,1.6
2023-06-07T05:00+02:00,28.2
2023-06-07T05:15+02:00,141.3
2023-06-07T05:30+02:00,381.9
2023-06-07T05:45+02:00,736.8
2023-06-07T06:00+02:00,1296.5
2023-06-07T06:15+02:00,2099.4
2023-06-07T06:30+02:00,3063.7
2023-06-07T06:45+02:00,4150.8
2023-06-07T07:00+02:00,5330.2
2023-06-07T07:15+02:00,6611.9
2023-06-07T07:30+02:00,7989.5
2023-06-07T07:45+02:00,9440.1
2023-06-07T08:00+02:00,10975.6
2023-06-07T08:15+02:00,12568
2023-06-07T08:30+02:00,14186.2
2023-06-07T08:45+02:00,15776
2023-06-07T09:00+02:00,17311.1
2023-06-07T09:15+02:00,18800.3
2023-06-07T09:30+02:00,20223.2
2023-06-07T09:45+02:00,21582.4
2023-06-07T10:00+02:00,22874.2
2023-06-07T10:15+02:00,24103.7
2023-06-07T10:30+02:00,25252.5
2023-06-07T10:45+02:00,26359.9
2023-06-07T11:00+02:00,27509.4
2023-06-07T11:15+02:00,28378.9
2023-06-07T11:30+02:00,29155.2
2023-06-07T11:45+02:00,29782.8
2023-06-07T12:00+02:00,30253.9
2023-06-07T12:15+02:00,30625.6
2023-06-07T12:30+02:00,30876.2
2023-06-07T12:45+02:00,31090.3
2023-06-07T13:00+02:00,31242.9
2023-06-07T13:15+02:00,31324.6
2023-06-07T13:30+02:00,31314.4
2023-06-07T13:45+02:00,31188.9
2023-06-07T14:00+02:00,31010.4
2023-06-07T14:15+02:00,30651.6
2023-06-07T14:30+02:00,30172.7
2023-06-07T14:45+02:00,29595.4
2023-06-07T15:00+02:00,28946.7
2023-06-07T15:15+02:00,28200.8
2023-06-07T15:30+02:00,27354.2
2023-06-07T15:45+02:00,26406.7
2023-06-07T16:00+02:00,25359.7
2023-06-07T16:15+02:00,24230.4
2023-06-07T16:30+02:00,22975.5
2023-06-07T16:45+02:00,21617.6
2023-06-07T17:00+02:00,20197.5
2023-06-07T17:15+02:00,18633.4
2023-06-07T17:30+02:00,16980.5
2023-06-07T17:45+02:00,15268.5
2023-06-07T18:00+02:00,13527.6
2023-06-07T18:15+02:00,11789.2
2023-06-07T18:30+02:00,10076.9
2023-06-07T18:45+02:00,8449.6
2023-06-07T19:00+02:00,6949.4
2023-06-07T19:15+02:00,5601.1
2023-06-07T19:30+02:00,4442.9
2023-06-07T19:45+02:00,3488.4
2023-06-07T20:00+02:00,2663
2023-06-07T20:15+02:00,1891.8
2023-06-07T20:30+02:00,1183.9
2023-06-07T20:45+02:00,604.7
2023-06-07T21:00+02:00,276.1
2023-06-07T21:15+02:00,131.6
2023-06-07T21:30+02:00,51.2
2023-06-07T21:45+02:00,31.9
2023-06-07T22:00+02:00,13.4
2023-06-07T22:15+02:00,0
2023-06-07T22:30+02:00,0
2023-06-07T22:45+02:00,0
2023-06-07T23:00+02:00,0
2023-06-07T23:15+02:00,0
2023-06-07T23:30+02:00,0
2023-06-07T23:45+02:00,0
2023-06-08T00:00+02:00,0
2023-06-08T00:15+02:00,0
2023-06-08T00:30+02:00,0
2023-06-08T00:45+02:00,0
2023-06-08T01:00+02:00,0
2023-06-08T01:15+02:00,0
2023-06-08T01:30+02:00,0
2023-06-08T01:45+02:00,0
2023-06-08T02:00+02:00,0
2023-06-08T02:15+02:00,0
2023-06-08T02:30+02:00,0
2023-06-08T02:45+02:00,0
2023-06-08T03:00+02:00,0
2023-06-08T03:15+02:00,0
2023-06-08T03:30+02:00,0
2023-06-08T03:45+02:00,0
2023-06-08T04:00+02:00,0
2023-06-08T04:15+02:00,0
2023-06-08T04:30+02:00,0
2023-06-08T04:45+02:00,2.7
2023-06-08T05:00+02:00,33.7
2023-06-08T05:15+02:00,174
2023-06-08T05:30+02:00,474.7
2023-06-08T05:45+02:00,896
2023-06-08T06:00+02:00,1504.7
2023-06-08T06:15+02:00,2320.2
2023-06-08T06:30+02:00,3333.1
2023-06-08T06:45+02:00,4538.9
2023-06-08T07:00+02:00,5947.5
2023-06-08T07:15+02:00,7526.4
2023-06-08T07:30+02:00,9218.5
2023-06-08T07:45+02:00,11033.3
2023-06-08T08:00+02:00,13034.1
2023-06-08T08:15+02:00,14984.1
2023-06-08T08:30+02:00,16952.3
2023-06-08T08:45+02:00,18873.7
2023-06-08T09:00+02:00,20752.4
2023-06-08T09:15+02:00,22576.4
2023-06-08T09:30+02:00,24287.2
2023-06-08T09:45+02:00,25852.8
2023-06-08T10:00+02:00,27301.5
2023-06-08T10:15+02:00,28601.9
2023-06-08T10:30+02:00,29743.9
2023-06-08T10:45+02:00,30765.6
2023-06-08T11:00+02:00,31500.1
2023-06-08T11:15+02:00,32222.2
2023-06-08T11:30+02:00,32821.8
2023-06-08T11:45+02:00,33326.1
2023-06-08T12:00+02:00,33705.5
2023-06-08T12:15+02:00,33967.9
2023-06-08T12:30+02:00,34126.7
2023-06-08T12:45+02:00,34157
2023-06-08T13:00+02:00,34046.4
2023-06-08T13:15+02:00,33809.5
2023-06-08T13:30+02:00,33471.4
2023-06-08T13:45+02:00,33017.6
2023-06-08T14:00+02:00,32249.8
2023-06-08T14:15+02:00,31562.9
2023-06-08T14:30+02:00,30769
2023-06-08T14:45+02:00,29879.1
2023-06-08T15:00+02:00,28922.8
2023-06-08T15:15+02:00,27902.8
2023-06-08T15:30+02:00,26831.5
2023-06-08T15:45+02:00,25721.4
2023-06-08T16:00+02:00,24605.1
2023-06-08T16:15+02:00,23394.8
2023-06-08T16:30+02:00,22107.5
2023-06-08T16:45+02:00,20764.6
2023-06-08T17:00+02:00,19581.5
2023-06-08T17:15+02:00,18162.9
2023-06-08T17:30+02:00,16567.5
2023-06-08T17:45+02:00,14958.4
2023-06-08T18:00+02:00,13341
2023-06-08T18:15+02:00,11709.8
2023-06-08T18:30+02:00,10124.8
2023-06-08T18:45+02:00,8591.3
2023-06-08T19:00+02:00,7102.5
2023-06-08T19:15+02:00,5724.4
2023-06-08T19:30+02:00,4519.7
2023-06-08T19:45+02:00,3525.2
2023-06-08T20:00+02:00,2694.6
2023-06-08T20:15+02:00,1918.2
2023-06-08T20:30+02:00,1225.3
2023-06-08T20:45+02:00,659.8
2023-06-08T21:00+02:00,324.5
2023-06-08T21:15+02:00,156.3
2023-06-08T21:30+02:00,63.6
2023-06-08T21:45+02:00,37.6
2023-06-08T22:00+02:00,12.2
2023-06-08T22:15+02:00,0
2023-06-08T22:30+02:00,0
2023-06-08T22:45+02:00,0
2023-06-08T23:00+02:00,0
2023-06-08T23:15+02:00,0
2023-06-08T23:30+02:00,0
2023-06-08T23:45+02:00,0
2023-06-09T00:00+02:00,0
2023-06-09T00:15+02:00,0
2023-06-09T00:30+02:00,0
2023-06-09T00:45+02:00,0
2023-06-09T01:00+02:00,0
2023-06-09T01:15+02:00,0
2023-06-09T01:30+02:00,0
2023-06-09T01:45+02:00,0
2023-06-09T02:00+02:00,0
2023-06-09T02:15+02:00,0
2023-06-09T02:30+02:00,0
2023-06-09T02:45+02:00,0
2023-06-09T03:00+02:00,0
2023-06-09T03:15+02:00,0
2023-06-09T03:30+02:00,0
2023-06-09T03:45+02:00,0
2023-06-09T04:00+02:00,0
2023-06-09T04:15+02:00,0
2023-06-09T04:30+02:00,0
2023-06-09T04:45+02:00,4.6
2023-06-09T05:00+02:00,41.8
2023-06-09T05:15+02:00,189.5
2023-06-09T05:30+02:00,516.6
2023-06-09T05:45+02:00,989.5
2023-06-09T06:00+02:00,1640.3
2023-06-09T06:15+02:00,2491.2
2023-06-09T06:30+02:00,3534.8
2023-06-09T06:45+02:00,4807.8
2023-06-09T07:00+02:00,6304.9
2023-06-09T07:15+02:00,8019.4
2023-06-09T07:30+02:00,9919.1
2023-06-09T07:45+02:00,11931
2023-06-09T08:00+02:00,14022.8
2023-06-09T08:15+02:00,16173.1
2023-06-09T08:30+02:00,18336.4
2023-06-09T08:45+02:00,20470.9
2023-06-09T09:00+02:00,22544.7
2023-06-09T09:15+02:00,24549
2023-06-09T09:30+02:00,26441.3
2023-06-09T09:45+02:00,28215.7
2023-06-09T10:00+02:00,29857.5
2023-06-09T10:15+02:00,31360.3
2023-06-09T10:30+02:00,32696.7
2023-06-09T10:45+02:00,33843.7
2023-06-09T11:00+02:00,34805.6
2023-06-09T11:15+02:00,35564.1
2023-06-09T11:30+02:00,36183.2
2023-06-09T11:45+02:00,36616
2023-06-09T12:00+02:00,36880.4
2023-06-09T12:15+02:00,37019
2023-06-09T12:30+02:00,37102.6
2023-06-09T12:45+02:00,37118.4
2023-06-09T13:00+02:00,37074.1
2023-06-09T13:15+02:00,36896.1
2023-06-09T13:30+02:00,36647.2
2023-06-09T13:45+02:00,36326
2023-06-09T14:00+02:00,35899.8
2023-06-09T14:15+02:00,35346.4
2023-06-09T14:30+02:00,34699.5
2023-06-09T14:45+02:00,33967
2023-06-09T15:00+02:00,33134.7
2023-06-09T15:15+02:00,32197.5
2023-06-09T15:30+02:00,31182.5
2023-06-09T15:45+02:00,30088.1
2023-06-09T16:00+02:00,28893.2
2023-06-09T16:15+02:00,27565.2
2023-06-09T16:30+02:00,26138.4
2023-06-09T16:45+02:00,24623.9
2023-06-09T17:00+02:00,22946.4
2023-06-09T17:15+02:00,21130.6
2023-06-09T17:30+02:00,19247.5
2023-06-09T17:45+02:00,17320.8
2023-06-09T18:00+02:00,15339.1
2023-06-09T18:15+02:00,13342.6
2023-06-09T18:30+02:00,11364.7
2023-06-09T18:45+02:00,9462.4
2023-06-09T19:00+02:00,7666.5
2023-06-09T19:15+02:00,6035.8
2023-06-09T19:30+02:00,4641.4
2023-06-09T19:45+02:00,3542.6
2023-06-09T20:00+02:00,2668.8
2023-06-09T20:15+02:00,1894.5
2023-06-09T20:30+02:00,1203.7
2023-06-09T20:45+02:00,631.2
2023-06-09T21:00+02:00,290.1
2023-06-09T21:15+02:00,125.2
2023-06-09T21:30+02:00,41
2023-06-09T21:45+02:00,15.3
2023-06-09T22:00+02:00,14.8
2023-06-09T22:15+02:00,0
2023-06-09T22:30+02:00,0
2023-06-09T22:45+02:00,0
2023-06-09T23:00+02:00,0
2023-06-09T23:15+02:00,0
2023-06-09T23:30+02:00,0
2023-06-09T23:45+02:00,0
2023-06-10T00:00+02:00,0
2023-06-10T00:15+02:00,0
2023-06-10T00:30+02:00,0
2023-06-10T00:45+02:00,0
2023-06-10T01:00+02:00,0
2023-06-10T01:15+02:00,0
2023-06-10T01:30+02:00,0
2023-06-10T01:45+02:00,0
2023-06-10T02:00+02:00,0
2023-06-10T02:15+02:00,0
2023-06-10T02:30+02:00,0
2023-06-10T02:45+02:00,0
2023-06-10T03:00+02:00,0
2023-06-10T03:15+02:00,0
2023-06-10T03:30+02:00,0
2023-06-10T03:45+02:00,0
2023-06-10T04:00+02:00,0
2023-06-10T04:15+02:00,0
2023-06-10T04:30+02:00,0
2023-06-10T04:45+02:00,6.5
2023-06-10T05:00+02:00,46.9
2023-06-10T05:15+02:00,223.3
2023-06-10T05:30+02:00,552.6
2023-06-10T05:45+02:00,1013.2
2023-06-10T06:00+02:00,1651.3
2023-06-10T06:15+02:00,2493.7
2023-06-10T06:30+02:00,3537.3
2023-06-10T06:45+02:00,4880.1
2023-06-10T07:00+02:00,6470
2023-06-10T07:15+02:00,8289.3
2023-06-10T07:30+02:00,10274.9
2023-06-10T07:45+02:00,12372.6
2023-06-10T08:00+02:00,14530.2
2023-06-10T08:15+02:00,16701.7
2023-06-10T08:30+02:00,18878.4
2023-06-10T08:45+02:00,21011.1
2023-06-10T09:00+02:00,23063.1
2023-06-10T09:15+02:00,25034.4
2023-06-10T09:30+02:00,26884.1
2023-06-10T09:45+02:00,28614.2
2023-06-10T10:00+02:00,30228.5
2023-06-10T10:15+02:00,31677.3
2023-06-10T10:30+02:00,32953.9
2023-06-10T10:45+02:00,33987
2023-06-10T11:00+02:00,34839.3
2023-06-10T11:15+02:00,35562.2
2023-06-10T11:30+02:00,36130.5
2023-06-10T11:45+02:00,36554.1
2023-06-10T12:00+02:00,36791.4
2023-06-10T12:15+02:00,36960
2023-06-10T12:30+02:00,37002.1
2023-06-10T12:45+02:00,36942.1
2023-06-10T13:00+02:00,36791.9
2023-06-10T13:15+02:00,36495.8
2023-06-10T13:30+02:00,36145.1
2023-06-10T13:45+02:00,35708.4
2023-06-10T14:00+02:00,35172.3
2023-06-10T14:15+02:00,34576
2023-06-10T14:30+02:00,33876.2
2023-06-10T14:45+02:00,33118.2
2023-06-10T15:00+02:00,32268.4
2023-06-10T15:15+02:00,31329.7
2023-06-10T15:30+02:00,30319.6
2023-06-10T15:45+02:00,29222.4
2023-06-10T16:00+02:00,28007.9
2023-06-10T16:15+02:00,26677.2
2023-06-10T16:30+02:00,25278.5
2023-06-10T16:45+02:00,23843.2
2023-06-10T17:00+02:00,22271
2023-06-10T17:15+02:00,20539.9
2023-06-10T17:30+02:00,18748.2
2023-06-10T17:45+02:00,16881.3
2023-06-10T18:00+02:00,14988.2
2023-06-10T18:15+02:00,13078.9
2023-06-10T18:30+02:00,11202
2023-06-10T18:45+02:00,9389
2023-06-10T19:00+02:00,7669.8
2023-06-10T19:15+02:00,6095.1
2023-06-10T19:30+02:00,4721.2
2023-06-10T19:45+02:00,3618.3
2023-06-10T20:00+02:00,2741.8
2023-06-10T20:15+02:00,1956.3
2023-06-10T20:30+02:00,1261
2023-06-10T20:45+02:00,695.6
2023-06-10T21:00+02:00,358.8
2023-06-10T21:15+02:00,180.4
2023-06-10T21:30+02:00,72.1
2023-06-10T21:45+02:00,39.9
2023-06-10T22:00+02:00,14.4
2023-06-10T22:15+02:00,0
2023-06-10T22:30+02:00,0
2023-06-10T22:45+02:00,0
2023-06-10T23:00+02:00,0
2023-06-10T23:15+02:00,0
2023-06-10T23:30+02:00,0
2023-06-10T23:45+02:00,0
2023-06-11T00:00+02:00,0
2023-06-11T00:15+02:00,0
2023-06-11T00:30+02:00,0
2023-06-11T00:45+02:00,0
2023-06-11T01:00+02:00,0
2023-06-11T01:15+02:00,0
2023-06-11T01:30+02:00,0
2023-06-11T01:45+02:00,0
2023-06-11T02:00+02:00,0
2023-06-11T02:15+02:00,0
2023-06-11T02:30+02:00,0
2023-06-11T02:45+02:00,0
2023-06-11T03:00+02:00,0
2023-06-11T03:15+02:00,0
2023-06-11T03:30+02:00,0
2023-06-11T03:45+02:00,0
2023-06-11T04:00+02:00,0
2023-06-11T04:15+02:00,0
2023-06-11T04:30+02:00,0
2023-06-11T04:45+02:00,6.9
2023-06-11T05:00+02:00,47.7
2023-06-11T05:15+02:00,192.3
2023-06-11T05:30+02:00,539.8
2023-06-11T05:45+02:00,1050.2
2023-06-11T06:00+02:00,1778.8
2023-06-11T06:15+02:00,2770.1
2023-06-11T06:30+02:00,3967.6
2023-06-11T06:45+02:00,5422.4
2023-06-11T07:00+02:00,6999.5
2023-06-11T07:15+02:00,8752.3
2023-06-11T07:30+02:00,10658.9
2023-06-11T07:45+02:00,12654.1
2023-06-11T08:00+02:00,14727.2
2023-06-11T08:15+02:00,16833.8
2023-06-11T08:30+02:00,19049.7
2023-06-11T08:45+02:00,21254.9
2023-06-11T09:00+02:00,23350.7
2023-06-11T09:15+02:00,25354.7
2023-06-11T09:30+02:00,27267.6
2023-06-11T09:45+02:00,29040
2023-06-11T10:00+02:00,30701.2
2023-06-11T10:15+02:00,32293
2023-06-11T10:30+02:00,33722.1
2023-06-11T10:45+02:00,34930.9
2023-06-11T11:00+02:00,35959.2
2023-06-11T11:15+02:00,36742
2023-06-11T11:30+02:00,37387.1
2023-06-11T11:45+02:00,37887.6
2023-06-11T12:00+02:00,38289.1
2023-06-11T12:15+02:00,38587.9
2023-06-11T12:30+02:00,38771.4
2023-06-11T12:45+02:00,38868.1
2023-06-11T13:00+02:00,38858.9
2023-06-11T13:15+02:00,38764.5
2023-06-11T13:30+02:00,38559.8
2023-06-11T13:45+02:00,38235.5
2023-06-11T14:00+02:00,37825.7
2023-06-11T14:15+02:00,37334.6
2023-06-11T14:30+02:00,36748.8
2023-06-11T14:45+02:00,36085.3
2023-06-11T15:00+02:00,35373.7
2023-06-11T15:15+02:00,34591.2
2023-06-11T15:30+02:00,33646.3
2023-06-11T15:45+02:00,32580.1
2023-06-11T16:00+02:00,31288.2
2023-06-11T16:15+02:00,29840.8
2023-06-11T16:30+02:00,28279.1
2023-06-11T16:45+02:00,26595.6
2023-06-11T17:00+02:00,24775.2
2023-06-11T17:15+02:00,22777.3
2023-06-11T17:30+02:00,20695.2
2023-06-11T17:45+02:00,18580.4
2023-06-11T18:00+02:00,16445.9
2023-06-11T18:15+02:00,14307.1
2023-06-11T18:30+02:00,12189.4
2023-06-11T18:45+02:00,10140.9
2023-06-11T19:00+02:00,8198
2023-06-11T19:15+02:00,6414.1
2023-06-11T19:30+02:00,4886.1
2023-06-11T19:45+02:00,3678.4
2023-06-11T20:00+02:00,2754.3
2023-06-11T20:15+02:00,1964.5
2023-06-11T20:30+02:00,1275.8
2023-06-11T20:45+02:00,712.4
2023-06-11T21:00+02:00,362.9
2023-06-11T21:15+02:00,177
2023-06-11T21:30+02:00,67.6
2023-06-11T21:45+02:00,31.8
2023-06-11T22:00+02:00,14.8
2023-06-11T22:15+02:00,0
2023-06-11T22:30+02:00,0
2023-06-11T22:45+02:00,0
2023-06-11T23:00+02:00,0
2023-06-11T23:15+02:00,0
2023-06-11T23:30+02:00,0
2023-06-11T23:45+02:00,0
2023-06-12T00:00+02:00,0
2023-06-12T00:15+02:00,0
2023-06-12T00:30+02:00,0
2023-06-12T00:45+02:00,0
2023-06-12T01:00+02:00,0
2023-06-12T01:15+02:00,0
2023-06-12T01:30+02:00,0
2023-06-12T01:45+02:00,0
2023-06-12T02:00+02:00,0
2023-06-12T02:15+02:00,0
2023-06-12T02:30+02:00,0
2023-06-12T02:45+02:00,0
2023-06-12T03:00+02:00,0
2023-06-12T03:15+02:00,0
2023-06-12T03:30+02:00,0
2023-06-12T03:45+02:00,0
2023-06-12T04:00+02:00,0
2023-06-12T04:15+02:00,0
2023-06-12T04:30+02:00,0
2023-06-12T04:45+02:00,4.5
2023-06-12T05:00+02:00,46.2
2023-06-12T05:15+02:00,173.6
2023-06-12T05:30+02:00,500.6
2023-06-12T05:45+02:00,1005.3
2023-06-12T06:00+02:00,1738.5
2023-06-12T06:15+02:00,2744.3
2023-06-12T06:30+02:00,3987.6
2023-06-12T06:45+02:00,5454.7
2023-06-12T07:00+02:00,7060.3
2023-06-12T07:15+02:00,8873.8
2023-06-12T07:30+02:00,10831.8
2023-06-12T07:45+02:00,12870.9
2023-06-12T08:00+02:00,15024.2
2023-06-12T08:15+02:00,17223.2
2023-06-12T08:30+02:00,19443
2023-06-12T08:45+02:00,21655.7
2023-06-12T09:00+02:00,23766.2
2023-06-12T09:15+02:00,25827.3
2023-06-12T09:30+02:00,27783.4
2023-06-12T09:45+02:00,29597.6
2023-06-12T10:00+02:00,31288.7
2023-06-12T10:15+02:00,32829.8
2023-06-12T10:30+02:00,34244.6
2023-06-12T10:45+02:00,35507.1
2023-06-12T11:00+02:00,36584.5
2023-06-12T11:15+02:00,37547.4
2023-06-12T11:30+02:00,38276.2
2023-06-12T11:45+02:00,38928.1
2023-06-12T12:00+02:00,39420.8
2023-06-12T12:15+02:00,39773.9
2023-06-12T12:30+02:00,39993.7
2023-06-12T12:45+02:00,40138
2023-06-12T13:00+02:00,40146.7
2023-06-12T13:15+02:00,40049.8
2023-06-12T13:30+02:00,39854.3
2023-06-12T13:45+02:00,39546
2023-06-12T14:00+02:00,39130.3
2023-06-12T14:15+02:00,38577.4
2023-06-12T14:30+02:00,37891.8
2023-06-12T14:45+02:00,37138.5
2023-06-12T15:00+02:00,36306.3
2023-06-12T15:15+02:00,35337.8
2023-06-12T15:30+02:00,34268.2
2023-06-12T15:45+02:00,33089.1
2023-06-12T16:00+02:00,31761.6
2023-06-12T16:15+02:00,30281.9
2023-06-12T16:30+02:00,28687.8
2023-06-12T16:45+02:00,27001.5
2023-06-12T17:00+02:00,25169.9
2023-06-12T17:15+02:00,23141.6
2023-06-12T17:30+02:00,21030.6
2023-06-12T17:45+02:00,18853.5
2023-06-12T18:00+02:00,16672.9
2023-06-12T18:15+02:00,14525
2023-06-12T18:30+02:00,12392.6
2023-06-12T18:45+02:00,10345.3
2023-06-12T19:00+02:00,8406.3
2023-06-12T19:15+02:00,6621
2023-06-12T19:30+02:00,5066.8
2023-06-12T19:45+02:00,3825.9
2023-06-12T20:00+02:00,2854.6
2023-06-12T20:15+02:00,2032.3
2023-06-12T20:30+02:00,1322.6
2023-06-12T20:45+02:00,727.9
2023-06-12T21:00+02:00,363.6
2023-06-12T21:15+02:00,173.7
2023-06-12T21:30+02:00,64.9
2023-06-12T21:45+02:00,31.7
2023-06-12T22:00+02:00,11.5
2023-06-12T22:15+02:00,0
2023-06-12T22:30+02:00,0
2023-06-12T22:45+02:00,0
2023-06-12T23:00+02:00,0
2023-06-12T23:15+02:00,0
2023-06-12T23:30+02:00,0
2023-06-12T23:45+02:00,0
2023-06-13T00:00+02:00,0
2023-06-13T00:15+02:00,0
2023-06-13T00:30+02:00,0
2023-06-13T00:45+02:00,0
2023-06-13T01:00+02:00,0
2023-06-13T01:15+02:00,0
2023-06-13T01:30+02:00,0
2023-06-13T01:45+02:00,0
2023-06-13T02:00+02:00,0
2023-06-13T02:15+02:00,0
2023-06-13T02:30+02:00,0
2023-06-13T02:45+02:00,0
2023-06-13T03:00+02:00,0
2023-06-13T03:15+02:00,0
2023-06-13T03:30+02:00,0
2023-06-13T03:45+02:00,0
2023-06-13T04:00+02:00,0
2023-06-13T04:15+02:00,0
2023-06-13T04:30+02:00,0
2023-06-13T04:45+02:00,5
2023-06-13T05:00+02:00,48.4
2023-06-13T05:15+02:00,188.9
2023-06-13T05:30+02:00,534.9
2023-06-13T05:45+02:00,1042.2
2023-06-13T06:00+02:00,1783.9
2023-06-13T06:15+02:00,2791.4
2023-06-13T06:30+02:00,4015.1
2023-06-13T06:45+02:00,5437.1
2023-06-13T07:00+02:00,7011.2
2023-06-13T07:15+02:00,8785.2
2023-06-13T07:30+02:00,10709.2
2023-06-13T07:45+02:00,12791.9
2023-06-13T08:00+02:00,14911.9
2023-06-13T08:15+02:00,17065.5
2023-06-13T08:30+02:00,19212.9
2023-06-13T08:45+02:00,21339.4
2023-06-13T09:00+02:00,23417.4
2023-06-13T09:15+02:00,25426.3
2023-06-13T09:30+02:00,27351.9
2023-06-13T09:45+02:00,29152.8
2023-06-13T10:00+02:00,30811.8
2023-06-13T10:15+02:00,32337.7
2023-06-13T10:30+02:00,33722.9
2023-06-13T10:45+02:00,34931.5
2023-06-13T11:00+02:00,36066.4
2023-06-13T11:15+02:00,37058.6
2023-06-13T11:30+02:00,37878.7
2023-06-13T11:45+02:00,38575.9
2023-06-13T12:00+02:00,39059.4
2023-06-13T12:15+02:00,39376.9
2023-06-13T12:30+02:00,39518.7
2023-06-13T12:45+02:00,39553.1
2023-06-13T13:00+02:00,39483.6
2023-06-13T13:15+02:00,39290.9
2023-06-13T13:30+02:00,38987.3
2023-06-13T13:45+02:00,38570.3
2023-06-13T14:00+02:00,38039.2
2023-06-13T14:15+02:00,37419.3
2023-06-13T14:30+02:00,36705.1
2023-06-13T14:45+02:00,35898.3
2023-06-13T15:00+02:00,34965.5
2023-06-13T15:15+02:00,33881.5
2023-06-13T15:30+02:00,32686.2
2023-06-13T15:45+02:00,31425.3
2023-06-13T16:00+02:00,30078.4
2023-06-13T16:15+02:00,28673.2
2023-06-13T16:30+02:00,27175.7
2023-06-13T16:45+02:00,25540.7
2023-06-13T17:00+02:00,23776.5
2023-06-13T17:15+02:00,21892.6
2023-06-13T17:30+02:00,19936.1
2023-06-13T17:45+02:00,17951.1
2023-06-13T18:00+02:00,15931.9
2023-06-13T18:15+02:00,13945.9
2023-06-13T18:30+02:00,12046.4
2023-06-13T18:45+02:00,10206.2
2023-06-13T19:00+02:00,8490.3
2023-06-13T19:15+02:00,6916.3
2023-06-13T19:30+02:00,5477.1
2023-06-13T19:45+02:00,4232.6
2023-06-13T20:00+02:00,3150.3
2023-06-13T20:15+02:00,2171.3
2023-06-13T20:30+02:00,1337.7
2023-06-13T20:45+02:00,686.9
2023-06-13T21:00+02:00,349.5
2023-06-13T21:15+02:00,187.3
2023-06-13T21:30+02:00,81.3
2023-06-13T21:45+02:00,43.1
2023-06-13T22:00+02:00,10.6
2023-06-13T22:15+02:00,0
2023-06-13T22:30+02:00,0
2023-06-13T22:45+02:00,0
2023-06-13T23:00+02:00,0
2023-06-13T23:15+02:00,0
2023-06-13T23:30+02:00,0
2023-06-13T23:45+02:00,0
2023-06-14T00:00+02:00,0
2023-06-14T00:15+02:00,0
2023-06-14T00:30+02:00,0
2023-06-14T00:45+02:00,0
2023-06-14T01:00+02:00,0
2023-06-14T01:15+02:00,0
2023-06-14T01:30+02:00,0
2023-06-14T01:45+02:00,0
2023-06-14T02:00+02:00,0
2023-06-14T02:15+02:00,0
2023-06-14T02:30+02:00,0
2023-06-14T02:45+02:00,0
2023-06-14T03:00+02:00,0
2023-06-14T03:15+02:00,0
2023-06-14T03:30+02:00,0
2023-06-14T03:45+02:00,0
2023-06-14T04:00+02:00,0
2023-06-14T04:15+02:00,0
2023-06-14T04:30+02:00,0
2023-06-14T04:45+02:00,7.4
2023-06-14T05:00+02:00,49.6
2023-06-14T05:15+02:00,201.7
2023-06-14T05:30+02:00,551
2023-06-14T05:45+02:00,1056
2023-06-14T06:00+02:00,1759.4
2023-06-14T06:15+02:00,2715.1
2023-06-14T06:30+02:00,3855
2023-06-14T06:45+02:00,5244.3
2023-06-14T07:00+02:00,6811
2023-06-14T07:15+02:00,8549.8
2023-06-14T07:30+02:00,10416.9
2023-06-14T07:45+02:00,12438.6
2023-06-14T08:00+02:00,14494.1
2023-06-14T08:15+02:00,16597.7
2023-06-14T08:30+02:00,18720.2
2023-06-14T08:45+02:00,20823.4
2023-06-14T09:00+02:00,22800.8
2023-06-14T09:15+02:00,24735.8
2023-06-14T09:30+02:00,26567.2
2023-06-14T09:45+02:00,28235.5
2023-06-14T10:00+02:00,29736.4
2023-06-14T10:15+02:00,31077.8
2023-06-14T10:30+02:00,32212.6
2023-06-14T10:45+02:00,33163.4
2023-06-14T11:00+02:00,33879.6
2023-06-14T11:15+02:00,34412
2023-06-14T11:30+02:00,34805.2
2023-06-14T11:45+02:00,35041.6
2023-06-14T12:00+02:00,35109.4
2023-06-14T12:15+02:00,35001.6
2023-06-14T12:30+02:00,34801.8
2023-06-14T12:45+02:00,34548.8
2023-06-14T13:00+02:00,34249.1
2023-06-14T13:15+02:00,33879.1
2023-06-14T13:30+02:00,33444.2
2023-06-14T13:45+02:00,32949.8
2023-06-14T14:00+02:00,32341.7
2023-06-14T14:15+02:00,31704.8
2023-06-14T14:30+02:00,31042.1
2023-06-14T14:45+02:00,30327.2
2023-06-14T15:00+02:00,29522
2023-06-14T15:15+02:00,28634.6
2023-06-14T15:30+02:00,27665.6
2023-06-14T15:45+02:00,26619.7
2023-06-14T16:00+02:00,25475.8
2023-06-14T16:15+02:00,24240.8
2023-06-14T16:30+02:00,22937.4
2023-06-14T16:45+02:00,21565.5
2023-06-14T17:00+02:00,20140.8
2023-06-14T17:15+02:00,18584.2
2023-06-14T17:30+02:00,16978.2
2023-06-14T17:45+02:00,15347.3
2023-06-14T18:00+02:00,13683.7
2023-06-14T18:15+02:00,12010.8
2023-06-14T18:30+02:00,10353
2023-06-14T18:45+02:00,8767.2
2023-06-14T19:00+02:00,7278.2
2023-06-14T19:15+02:00,5901.1
2023-06-14T19:30+02:00,4682.7
2023-06-14T19:45+02:00,3672.5
2023-06-14T20:00+02:00,2833.8
2023-06-14T20:15+02:00,2056.1
2023-06-14T20:30+02:00,1338
2023-06-14T20:45+02:00,756.8
2023-06-14T21:00+02:00,404.2
2023-06-14T21:15+02:00,203.2
2023-06-14T21:30+02:00,83.3
2023-06-14T21:45+02:00,43.3
2023-06-14T22:00+02:00,9.2
2023-06-14T22:15+02:00,0
2023-06-14T22:30+02:00,0
2023-06-14T22:45+02:00,0
2023-06-14T23:00+02:00,0
2023-06-14T23:15+02:00,0
2023-06-14T23:30+02:00,0
2023-06-14T23:45+02:00,0
2023-06-15T00:00+02:00,0
2023-06-15T00:15+02:00,0
2023-06-15T00:30+02:00,0
2023-06-15T00:45+02:00,0
2023-06-15T01:00+02:00,0
2023-06-15T01:15+02:00,0
2023-06-15T01:30+02:00,0
2023-06-15T01:45+02:00,0
2023-06-15T02:00+02:00,0
2023-06-15T02:15+02:00,0
2023-06-15T02:30+02:00,0
2023-06-15T02:45+02:00,0
2023-06-15T03:00+02:00,0
2023-06-15T03:15+02:00,0
2023-06-15T03:30+02:00,0
2023-06-15T03:45+02:00,0
2023-06-15T04:00+02:00,0
2023-06-15T04:15+02:00,0
2023-06-15T04:30+02:00,0
2023-06-15T04:45+02:00,5.2
2023-06-15T05:00+02:00,46.8
2023-06-15T05:15+02:00,194.3
2023-06-15T05:30+02:00,509.2
2023-06-15T05:45+02:00,930.8
2023-06-15T06:00+02:00,1557.4
2023-06-15T06:15+02:00,2422
2023-06-15T06:30+02:00,3480.3
2023-06-15T06:45+02:00,4752.7
2023-06-15T07:00+02:00,6201
2023-06-15T07:15+02:00,7831
2023-06-15T07:30+02:00,9582.3
2023-06-15T07:45+02:00,11412.9
2023-06-15T08:00+02:00,13292.2
2023-06-15T08:15+02:00,15246.9
2023-06-15T08:30+02:00,17199.8
2023-06-15T08:45+02:00,19138.1
2023-06-15T09:00+02:00,20977.5
2023-06-15T09:15+02:00,22732.5
2023-06-15T09:30+02:00,24369.9
2023-06-15T09:45+02:00,25861.6
2023-06-15T10:00+02:00,27187.1
2023-06-15T10:15+02:00,28347.1
2023-06-15T10:30+02:00,29314.7
2023-06-15T10:45+02:00,30112.9
2023-06-15T11:00+02:00,30761.7
2023-06-15T11:15+02:00,31322.7
2023-06-15T11:30+02:00,31792.7
2023-06-15T11:45+02:00,32144.1
2023-06-15T12:00+02:00,32287.4
2023-06-15T12:15+02:00,32284.3
2023-06-15T12:30+02:00,32214.2
2023-06-15T12:45+02:00,32066.4
2023-06-15T13:00+02:00,31863.6
2023-06-15T13:15+02:00,31597.1
2023-06-15T13:30+02:00,31309.3
2023-06-15T13:45+02:00,30994.8
2023-06-15T14:00+02:00,30599.8
2023-06-15T14:15+02:00,30095.6
2023-06-15T14:30+02:00,29554.8
2023-06-15T14:45+02:00,28976.5
2023-06-15T15:00+02:00,28320
2023-06-15T15:15+02:00,27576.3
2023-06-15T15:30+02:00,26748.3
2023-06-15T15:45+02:00,25849.8
2023-06-15T16:00+02:00,24861.6
2023-06-15T16:15+02:00,23774.8
2023-06-15T16:30+02:00,22594.3
2023-06-15T16:45+02:00,21320.2
2023-06-15T17:00+02:00,19947
2023-06-15T17:15+02:00,18476
2023-06-15T17:30+02:00,16936.5
2023-06-15T17:45+02:00,15337.8
2023-06-15T18:00+02:00,13685.2
2023-06-15T18:15+02:00,11983.7
2023-06-15T18:30+02:00,10312.7
2023-06-15T18:45+02:00,8701.4
2023-06-15T19:00+02:00,7202.8
2023-06-15T19:15+02:00,5842.8
2023-06-15T19:30+02:00,4647.6
2023-06-15T19:45+02:00,3653.2
2023-06-15T20:00+02:00,2831.6
2023-06-15T20:15+02:00,2049.9
2023-06-15T20:30+02:00,1312.6
2023-06-15T20:45+02:00,705.1
2023-06-15T21:00+02:00,358.3
2023-06-15T21:15+02:00,179
2023-06-15T21:30+02:00,59.4
2023-06-15T21:45+02:00,17.2
2023-06-15T22:00+02:00,7.8
2023-06-15T22:15+02:00,0
2023-06-15T22:30+02:00,0
2023-06-15T22:45+02:00,0
2023-06-15T23:00+02:00,0
2023-06-15T23:15+02:00,0
2023-06-15T23:30+02:00,0
2023-06-15T23:45+02:00,0
2023-06-16T00:00+02:00,0
2023-06-16T00:15+02:00,0
2023-06-16T00:30+02:00,0
2023-06-16T00:45+02:00,0
2023-06-16T01:00+02:00,0
2023-06-16T01:15+02:00,0
2023-06-16T01:30+02:00,0
2023-06-16T01:45+02:00,0
2023-06-16T02:00+02:00,0
2023-06-16T02:15+02:00,0
2023-06-16T02:30+02:00,0
2023-06-16T02:45+02:00,0
2023-06-16T03:00+02:00,0
2023-06-16T03:15+02:00,0
2023-06-16T03:30+02:00,0
2023-06-16T03:45+02:00,0
2023-06-16T04:00+02:00,0
2023-06-16T04:15+02:00,0
2023-06-16T04:30+02:00,0
2023-06-16T04:45+02:00,4.4
2023-06-16T05:00+02:00,34.2
2023-06-16T05:15+02:00,142.4
2023-06-16T05:30+02:00,407
2023-06-16T05:45+02:00,792
2023-06-16T06:00+02:00,1369.3
2023-06-16T06:15+02:00,2185.9
2023-06-16T06:30+02:00,3167.1
2023-06-16T06:45+02:00,4338.5
2023-06-16T07:00+02:00,5710.2
2023-06-16T07:15+02:00,7271.2
2023-06-16T07:30+02:00,8940.3
2023-06-16T07:45+02:00,10703.3
2023-06-16T08:00+02:00,12388.4
2023-06-16T08:15+02:00,14182.9
2023-06-16T08:30+02:00,16009
2023-06-16T08:45+02:00,17811.8
2023-06-16T09:00+02:00,19543.8
2023-06-16T09:15+02:00,21218.8
2023-06-16T09:30+02:00,22767.3
2023-06-16T09:45+02:00,24172
2023-06-16T10:00+02:00,25416.7
2023-06-16T10:15+02:00,26502.3
2023-06-16T10:30+02:00,27427.1
2023-06-16T10:45+02:00,28178
2023-06-16T11:00+02:00,28535
2023-06-16T11:15+02:00,28926.6
2023-06-16T11:30+02:00,29183.5
2023-06-16T11:45+02:00,29357.1
2023-06-16T12:00+02:00,29423.8
2023-06-16T12:15+02:00,29386.3
2023-06-16T12:30+02:00,29322.1
2023-06-16T12:45+02:00,29232.8
2023-06-16T13:00+02:00,29082.1
2023-06-16T13:15+02:00,28857.9
2023-06-16T13:30+02:00,28567.5
2023-06-16T13:45+02:00,28207.6
2023-06-16T14:00+02:00,27961.5
2023-06-16T14:15+02:00,27480.3
2023-06-16T14:30+02:00,26955.1
2023-06-16T14:45+02:00,26363
2023-06-16T15:00+02:00,25706.6
2023-06-16T15:15+02:00,24989.8
2023-06-16T15:30+02:00,24277.4
2023-06-16T15:45+02:00,23558.9
2023-06-16T16:00+02:00,22755
2023-06-16T16:15+02:00,21855.1
2023-06-16T16:30+02:00,20853.5
2023-06-16T16:45+02:00,19751.6
2023-06-16T17:00+02:00,18725.4
2023-06-16T17:15+02:00,17403.3
2023-06-16T17:30+02:00,16018.5
2023-06-16T17:45+02:00,14581.9
2023-06-16T18:00+02:00,13104
2023-06-16T18:15+02:00,11585.6
2023-06-16T18:30+02:00,10024.5
2023-06-16T18:45+02:00,8510
2023-06-16T19:00+02:00,7097.9
2023-06-16T19:15+02:00,5787.6
2023-06-16T19:30+02:00,4627.8
2023-06-16T19:45+02:00,3612.3
2023-06-16T20:00+02:00,2786.4
2023-06-16T20:15+02:00,1999.4
2023-06-16T20:30+02:00,1281.4
2023-06-16T20:45+02:00,720.3
2023-06-16T21:00+02:00,367.1
2023-06-16T21:15+02:00,189.6
2023-06-16T21:30+02:00,77.1
2023-06-16T21:45+02:00,35.5
2023-06-16T22:00+02:00,7.5
2023-06-16T22:15+02:00,0
2023-06-16T22:30+02:00,0
2023-06-16T22:45+02:00,0
2023-06-16T23:00+02:00,0
2023-06-16T23:15+02:00,0
2023-06-16T23:30+02:00,0
2023-06-16T23:45+02:00,0
2023-06-17T00:00+02:00,0
2023-06-17T00:15+02:00,0
2023-06-17T00:30+02:00,0
2023-06-17T00:45+02:00,0
2023-06-17T01:00+02:00,0
2023-06-17T01:15+02:00,0
2023-06-17T01:30+02:00,0
2023-06-17T01:45+02:00,0
2023-06-17T02:00+02:00,0
2023-06-17T02:15+02:00,0
2023-06-17T02:30+02:00,0
2023-06-17T02:45+02:00,0
2023-06-17T03:00+02:00,0
2023-06-17T03:15+02:00,0
2023-06-17T03:30+02:00,0
2023-06-17T03:45+02:00,0
2023-06-17T04:00+02:00,0
2023-06-17T04:15+02:00,0
2023-06-17T04:30+02:00,0
2023-06-17T04:45+02:00,4.7
2023-06-17T05:00+02:00,40.5
2023-06-17T05:15+02:00,146.2
2023-06-17T05:30+02:00,429.3
2023-06-17T05:45+02:00,869
2023-06-17T06:00+02:00,1502
2023-06-17T06:15+02:00,2352.7
2023-06-17T06:30+02:00,3372.1
2023-06-17T06:45+02:00,4561.2
2023-06-17T07:00+02:00,5922
2023-06-17T07:15+02:00,7457.9
2023-06-17T07:30+02:00,9157.9
2023-06-17T07:45+02:00,10987.9
2023-06-17T08:00+02:00,12848.4
2023-06-17T08:15+02:00,14837.8
2023-06-17T08:30+02:00,16845.2
2023-06-17T08:45+02:00,18860.3
2023-06-17T09:00+02:00,20821.1
2023-06-17T09:15+02:00,22699.3
2023-06-17T09:30+02:00,24486.5
2023-06-17T09:45+02:00,26128.6
2023-06-17T10:00+02:00,27648.5
2023-06-17T10:15+02:00,29054.8
2023-06-17T10:30+02:00,30307.9
2023-06-17T10:45+02:00,31395.1
2023-06-17T11:00+02:00,32158
2023-06-17T11:15+02:00,32872.1
2023-06-17T11:30+02:00,33457.1
2023-06-17T11:45+02:00,33923
2023-06-17T12:00+02:00,34296.1
2023-06-17T12:15+02:00,34542
2023-06-17T12:30+02:00,34704
2023-06-17T12:45+02:00,34767.8
2023-06-17T13:00+02:00,34704.7
2023-06-17T13:15+02:00,34480.1
2023-06-17T13:30+02:00,34164.1
2023-06-17T13:45+02:00,33777.3
2023-06-17T14:00+02:00,33249.7
2023-06-17T14:15+02:00,32718.5
2023-06-17T14:30+02:00,32162.4
2023-06-17T14:45+02:00,31547.8
2023-06-17T15:00+02:00,30822
2023-06-17T15:15+02:00,29977.2
2023-06-17T15:30+02:00,29035
2023-06-17T15:45+02:00,28000.3
2023-06-17T16:00+02:00,26862.9
2023-06-17T16:15+02:00,25622.5
2023-06-17T16:30+02:00,24293.4
2023-06-17T16:45+02:00,22889.5
2023-06-17T17:00+02:00,21450.5
2023-06-17T17:15+02:00,19841.8
2023-06-17T17:30+02:00,18152.1
2023-06-17T17:45+02:00,16400
2023-06-17T18:00+02:00,14593.4
2023-06-17T18:15+02:00,12763.2
2023-06-17T18:30+02:00,10966.9
2023-06-17T18:45+02:00,9236.1
2023-06-17T19:00+02:00,7598.1
2023-06-17T19:15+02:00,6109
2023-06-17T19:30+02:00,4813
2023-06-17T19:45+02:00,3744.8
2023-06-17T20:00+02:00,2907.4
2023-06-17T20:15+02:00,2107.2
2023-06-17T20:30+02:00,1369.8
2023-06-17T20:45+02:00,748.1
2023-06-17T21:00+02:00,377.1
2023-06-17T21:15+02:00,178.3
2023-06-17T21:30+02:00,54.6
2023-06-17T21:45+02:00,12.2
2023-06-17T22:00+02:00,7.3
2023-06-17T22:15+02:00,0
2023-06-17T22:30+02:00,0
2023-06-17T22:45+02:00,0
2023-06-17T23:00+02:00,0
2023-06-17T23:15+02:00,0
2023-06-17T23:30+02:00,0
2023-06-17T23:45+02:00,0
2023-06-18T00:00+02:00,0
2023-06-18T00:15+02:00,0
2023-06-18T00:30+02:00,0
2023-06-18T00:45+02:00,0
2023-06-18T01:00+02:00,0
2023-06-18T01:15+02:00,0
2023-06-18T01:30+02:00,0
2023-06-18T01:45+02:00,0
2023-06-18T02:00+02:00,0
2023-06-18T02:15+02:00,0
2023-06-18T02:30+02:00,0
2023-06-18T02:45+02:00,0
2023-06-18T03:00+02:00,0
2023-06-18T03:15+02:00,0
2023-06-18T03:30+02:00,0
2023-06-18T03:45+02:00,0
2023-06-18T04:00+02:00,0
2023-06-18T04:15+02:00,0
2023-06-18T04:30+02:00,0
2023-06-18T04:45+02:00,5.1
2023-06-18T05:00+02:00,63.1
2023-06-18T05:15+02:00,217.6
2023-06-18T05:30+02:00,541.7
2023-06-18T05:45+02:00,1020.1
2023-06-18T06:00+02:00,1704.3
2023-06-18T06:15+02:00,2608.4
2023-06-18T06:30+02:00,3679.4
2023-06-18T06:45+02:00,4962.3
2023-06-18T07:00+02:00,6429.7
2023-06-18T07:15+02:00,8079.5
2023-06-18T07:30+02:00,9905
2023-06-18T07:45+02:00,11861.5
2023-06-18T08:00+02:00,13909.9
2023-06-18T08:15+02:00,16062.6
2023-06-18T08:30+02:00,18243.1
2023-06-18T08:45+02:00,20397.3
2023-06-18T09:00+02:00,22453.2
2023-06-18T09:15+02:00,24428.5
2023-06-18T09:30+02:00,26324.3
2023-06-18T09:45+02:00,28079.9
2023-06-18T10:00+02:00,29685.4
2023-06-18T10:15+02:00,31132.2
2023-06-18T10:30+02:00,32423.5
2023-06-18T10:45+02:00,33557.2
2023-06-18T11:00+02:00,34507.6
2023-06-18T11:15+02:00,35308
2023-06-18T11:30+02:00,35967.5
2023-06-18T11:45+02:00,36502.9
2023-06-18T12:00+02:00,36926.4
2023-06-18T12:15+02:00,37235.8
2023-06-18T12:30+02:00,37414.4
2023-06-18T12:45+02:00,37464.1
2023-06-18T13:00+02:00,37406.6
2023-06-18T13:15+02:00,37219.3
2023-06-18T13:30+02:00,36900.6
2023-06-18T13:45+02:00,36453.8
2023-06-18T14:00+02:00,35768.8
2023-06-18T14:15+02:00,35090.3
2023-06-18T14:30+02:00,34308.2
2023-06-18T14:45+02:00,33435.4
2023-06-18T15:00+02:00,32468.7
2023-06-18T15:15+02:00,31419.2
2023-06-18T15:30+02:00,30270.2
2023-06-18T15:45+02:00,29011.8
2023-06-18T16:00+02:00,27643.2
2023-06-18T16:15+02:00,26167.1
2023-06-18T16:30+02:00,24597.3
2023-06-18T16:45+02:00,22982.8
2023-06-18T17:00+02:00,21434.7
2023-06-18T17:15+02:00,19684.1
2023-06-18T17:30+02:00,17877.6
2023-06-18T17:45+02:00,16033.2
2023-06-18T18:00+02:00,14178.4
2023-06-18T18:15+02:00,12317.7
2023-06-18T18:30+02:00,10524.2
2023-06-18T18:45+02:00,8838.4
2023-06-18T19:00+02:00,7299.2
2023-06-18T19:15+02:00,5937.9
2023-06-18T19:30+02:00,4716.6
2023-06-18T19:45+02:00,3652.5
2023-06-18T20:00+02:00,2761.3
2023-06-18T20:15+02:00,1945.5
2023-06-18T20:30+02:00,1230.9
2023-06-18T20:45+02:00,660.9
2023-06-18T21:00+02:00,320.5
2023-06-18T21:15+02:00,155.4
2023-06-18T21:30+02:00,54.1
2023-06-18T21:45+02:00,18.8
2023-06-18T22:00+02:00,6.9
2023-06-18T22:15+02:00,0
2023-06-18T22:30+02:00,0
2023-06-18T22:45+02:00,0
2023-06-18T23:00+02:00,0
2023-06-18T23:15+02:00,0
2023-06-18T23:30+02:00,0
2023-06-18T23:45+02:00,0
2023-06-19T00:00+02:00,0
2023-06-19T00:15+02:00,0
2023-06-19T00:30+02:00,0
2023-06-19T00:45+02:00,0
2023-06-19T01:00+02:00,0
2023-06-19T01:15+02:00,0
2023-06-19T01:30+02:00,0
2023-06-19T01:45+02:00,0
2023-06-19T02:00+02:00,0
2023-06-19T02:15+02:00,0
2023-06-19T02:30+02:00,0
2023-06-19T02:45+02:00,0
2023-06-19T03:00+02:00,0
2023-06-19T03:15+02:00,0
2023-06-19T03:30+02:00,0
2023-06-19T03:45+02:00,0
2023-06-19T04:00+02:00,0
2023-06-19T04:15+02:00,0
2023-06-19T04:30+02:00,0
2023-06-19T04:45+02:00,3.9
2023-06-19T05:00+02:00,39.5
2023-06-19T05:15+02:00,192.8
2023-06-19T05:30+02:00,471.7
2023-06-19T05:45+02:00,873.6
2023-06-19T06:00+02:00,1435
2023-06-19T06:15+02:00,2167.9
2023-06-19T06:30+02:00,3014.5
2023-06-19T06:45+02:00,3945.9
2023-06-19T07:00+02:00,4944.2
2023-06-19T07:15+02:00,5998.9
2023-06-19T07:30+02:00,7154.2
2023-06-19T07:45+02:00,8386.2
2023-06-19T08:00+02:00,9670
2023-06-19T08:15+02:00,11077
2023-06-19T08:30+02:00,12528.3
2023-06-19T08:45+02:00,13961.8
2023-06-19T09:00+02:00,15344.8
2023-06-19T09:15+02:00,16691.4
2023-06-19T09:30+02:00,17982
2023-06-19T09:45+02:00,19234.4
2023-06-19T10:00+02:00,20455.1
2023-06-19T10:15+02:00,21623.6
2023-06-19T10:30+02:00,22704.4
2023-06-19T10:45+02:00,23700.1
2023-06-19T11:00+02:00,24482.1
2023-06-19T11:15+02:00,25392.5
2023-06-19T11:30+02:00,26237.4
2023-06-19T11:45+02:00,27007.5
2023-06-19T12:00+02:00,27691.8
2023-06-19T12:15+02:00,28277.8
2023-06-19T12:30+02:00,28742.3
2023-06-19T12:45+02:00,29094.8
2023-06-19T13:00+02:00,29379.7
2023-06-19T13:15+02:00,29575.3
2023-06-19T13:30+02:00,29665.5
2023-06-19T13:45+02:00,29627.1
2023-06-19T14:00+02:00,29781.2
2023-06-19T14:15+02:00,29486.1
2023-06-19T14:30+02:00,29042.3
2023-06-19T14:45+02:00,28466.4
2023-06-19T15:00+02:00,27802
2023-06-19T15:15+02:00,27037.4
2023-06-19T15:30+02:00,26169.9
2023-06-19T15:45+02:00,25210
2023-06-19T16:00+02:00,24174.5
2023-06-19T16:15+02:00,23069.5
2023-06-19T16:30+02:00,21883.2
2023-06-19T16:45+02:00,20595.3
2023-06-19T17:00+02:00,18867.8
2023-06-19T17:15+02:00,17467.1
2023-06-19T17:30+02:00,16007.5
2023-06-19T17:45+02:00,14508.8
2023-06-19T18:00+02:00,12970.6
2023-06-19T18:15+02:00,11403.1
2023-06-19T18:30+02:00,9836
2023-06-19T18:45+02:00,8334.5
2023-06-19T19:00+02:00,6953.6
2023-06-19T19:15+02:00,5693.3
2023-06-19T19:30+02:00,4580.6
2023-06-19T19:45+02:00,3626.2
2023-06-19T20:00+02:00,2876.4
2023-06-19T20:15+02:00,2110.4
2023-06-19T20:30+02:00,1389
2023-06-19T20:45+02:00,770.5
2023-06-19T21:00+02:00,385.8
2023-06-19T21:15+02:00,191.8
2023-06-19T21:30+02:00,78.5
2023-06-19T21:45+02:00,38.4
2023-06-19T22:00+02:00,3.9
2023-06-19T22:15+02:00,0
2023-06-19T22:30+02:00,0
2023-06-19T22:45+02:00,0
2023-06-19T23:00+02:00,0
2023-06-19T23:15+02:00,0
2023-06-19T23:30+02:00,0
2023-06-19T23:45+02:00,0
2023-06-20T00:00+02:00,0
2023-06-20T00:15+02:00,0
2023-06-20T00:30+02:00,0
2023-06-20T00:45+02:00,0
2023-06-20T01:00+02:00,0
2023-06-20T01:15+02:00,0
2023-06-20T01:30+02:00,0
2023-06-20T01:45+02:00,0
2023-06-20T02:00+02:00,0
2023-06-20T02:15+02:00,0
2023-06-20T02:30+02:00,0
2023-06-20T02:45+02:00,0
2023-06-20T03:00+02:00,0
2023-06-20T03:15+02:00,0
2023-06-20T03:30+02:00,0
2023-06-20T03:45+02:00,0
2023-06-20T04:00+02:00,0
2023-06-20T04:15+02:00,0
2023-06-20T04:30+02:00,0
2023-06-20T04:45+02:00,4.8
2023-06-20T05:00+02:00,44.2
2023-06-20T05:15+02:00,212.1
2023-06-20T05:30+02:00,510.5
2023-06-20T05:45+02:00,935.9
2023-06-20T06:00+02:00,1502.7
2023-06-20T06:15+02:00,2240.4
2023-06-20T06:30+02:00,3091.5
2023-06-20T06:45+02:00,4086.6
2023-06-20T07:00+02:00,5204.8
2023-06-20T07:15+02:00,6405.7
2023-06-20T07:30+02:00,7721.1
2023-06-20T07:45+02:00,9122.7
2023-06-20T08:00+02:00,10564
2023-06-20T08:15+02:00,12144.4
2023-06-20T08:30+02:00,13783.3
2023-06-20T08:45+02:00,15424.8
2023-06-20T09:00+02:00,17074.5
2023-06-20T09:15+02:00,18728.1
2023-06-20T09:30+02:00,20330.7
2023-06-20T09:45+02:00,21892.9
2023-06-20T10:00+02:00,23389
2023-06-20T10:15+02:00,24802.6
2023-06-20T10:30+02:00,26109.5
2023-06-20T10:45+02:00,27309.3
2023-06-20T11:00+02:00,28640.8
2023-06-20T11:15+02:00,29650.1
2023-06-20T11:30+02:00,30562
2023-06-20T11:45+02:00,31361.1
2023-06-20T12:00+02:00,32038
2023-06-20T12:15+02:00,32602
2023-06-20T12:30+02:00,33026.2
2023-06-20T12:45+02:00,33274.5
2023-06-20T13:00+02:00,33381.5
2023-06-20T13:15+02:00,33360.1
2023-06-20T13:30+02:00,33201.8
2023-06-20T13:45+02:00,32893.4
2023-06-20T14:00+02:00,32566.3
2023-06-20T14:15+02:00,32033.6
2023-06-20T14:30+02:00,31424.8
2023-06-20T14:45+02:00,30697.8
2023-06-20T15:00+02:00,29865.3
2023-06-20T15:15+02:00,28949.8
2023-06-20T15:30+02:00,27916.8
2023-06-20T15:45+02:00,26759.5
2023-06-20T16:00+02:00,25520.2
2023-06-20T16:15+02:00,24159.7
2023-06-20T16:30+02:00,22718.1
2023-06-20T16:45+02:00,21229.5
2023-06-20T17:00+02:00,19651.8
2023-06-20T17:15+02:00,18025.7
2023-06-20T17:30+02:00,16301.4
2023-06-20T17:45+02:00,14602.7
2023-06-20T18:00+02:00,12938.6
2023-06-20T18:15+02:00,11297.1
2023-06-20T18:30+02:00,9708
2023-06-20T18:45+02:00,8211.1
2023-06-20T19:00+02:00,6840.7
2023-06-20T19:15+02:00,5608.2
2023-06-20T19:30+02:00,4536.5
2023-06-20T19:45+02:00,3615.3
2023-06-20T20:00+02:00,2798.6
2023-06-20T20:15+02:00,2012.4
2023-06-20T20:30+02:00,1291
2023-06-20T20:45+02:00,698.1
2023-06-20T21:00+02:00,333.3
2023-06-20T21:15+02:00,151.7
2023-06-20T21:30+02:00,52.5
2023-06-20T21:45+02:00,16.2
2023-06-20T22:00+02:00,3.3
2023-06-20T22:15+02:00,0
2023-06-20T22:30+02:00,0
2023-06-20T22:45+02:00,0
2023-06-20T23:00+02:00,0
2023-06-20T23:15+02:00,0
2023-06-20T23:30+02:00,0
2023-06-20T23:45+02:00,0
2023-06-21T00:00+02:00,0
2023-06-21T00:15+02:00,0
2023-06-21T00:30+02:00,0
2023-06-21T00:45+02:00,0
2023-06-21T01:00+02:00,0
2023-06-21T01:15+02:00,0
2023-06-21T01:30+02:00,0
2023-06-21T01:45+02:00,0
2023-06-21T02:00+02:00,0
2023-06-21T02:15+02:00,0
2023-06-21T02:30+02:00,0
2023-06-21T02:45+02:00,0
2023-06-21T03:00+02:00,0
2023-06-21T03:15+02:00,0
2023-06-21T03:30+02:00,0
2023-06-21T03:45+02:00,0
2023-06-21T04:00+02:00,0
2023-06-21T04:15+02:00,0
2023-06-21T04:30+02:00,0
2023-06-21T04:45+02:00,6.4
2023-06-21T05:00+02:00,40.4
2023-06-21T05:15+02:00,199.8
2023-06-21T05:30+02:00,487.5
2023-06-21T05:45+02:00,906.8
2023-06-21T06:00+02:00,1489.1
2023-06-21T06:15+02:00,2215.9
2023-06-21T06:30+02:00,3050.1
2023-06-21T06:45+02:00,4023.4
2023-06-21T07:00+02:00,5139.9
2023-06-21T07:15+02:00,6396.6
2023-06-21T07:30+02:00,7749.6
2023-06-21T07:45+02:00,9163.4
2023-06-21T08:00+02:00,10585.2
2023-06-21T08:15+02:00,12062.3
2023-06-21T08:30+02:00,13567.9
2023-06-21T08:45+02:00,15062.2
2023-06-21T09:00+02:00,16541.9
2023-06-21T09:15+02:00,18010
2023-06-21T09:30+02:00,19451.8
2023-06-21T09:45+02:00,20827.3
2023-06-21T10:00+02:00,22135.4
2023-06-21T10:15+02:00,23384.3
2023-06-21T10:30+02:00,24548.3
2023-06-21T10:45+02:00,25611.2
2023-06-21T11:00+02:00,26282.6
2023-06-21T11:15+02:00,27137.5
2023-06-21T11:30+02:00,27889.7
2023-06-21T11:45+02:00,28547.6
2023-06-21T12:00+02:00,29093.9
2023-06-21T12:15+02:00,29556.2
2023-06-21T12:30+02:00,29905.4
2023-06-21T12:45+02:00,30114.7
2023-06-21T13:00+02:00,30228.6
2023-06-21T13:15+02:00,30216.8
2023-06-21T13:30+02:00,30047.1
2023-06-21T13:45+02:00,29744.7
2023-06-21T14:00+02:00,28830.5
2023-06-21T14:15+02:00,28338.7
2023-06-21T14:30+02:00,27719.7
2023-06-21T14:45+02:00,26981.1
2023-06-21T15:00+02:00,26191.1
2023-06-21T15:15+02:00,25342.3
2023-06-21T15:30+02:00,24421.1
2023-06-21T15:45+02:00,23409
2023-06-21T16:00+02:00,22312.8
2023-06-21T16:15+02:00,21107.8
2023-06-21T16:30+02:00,19861.5
2023-06-21T16:45+02:00,18590.6
2023-06-21T17:00+02:00,17423.9
2023-06-21T17:15+02:00,16126.2
2023-06-21T17:30+02:00,14787.4
2023-06-21T17:45+02:00,13429.3
2023-06-21T18:00+02:00,12035.7
2023-06-21T18:15+02:00,10627.7
2023-06-21T18:30+02:00,9252.6
2023-06-21T18:45+02:00,7939.8
2023-06-21T19:00+02:00,6703.5
2023-06-21T19:15+02:00,5565.3
2023-06-21T19:30+02:00,4525
2023-06-21T19:45+02:00,3608.1
2023-06-21T20:00+02:00,2765.4
2023-06-21T20:15+02:00,2000.3
2023-06-21T20:30+02:00,1296.3
2023-06-21T20:45+02:00,716.7
2023-06-21T21:00+02:00,355.9
2023-06-21T21:15+02:00,173.9
2023-06-21T21:30+02:00,58.6
2023-06-21T21:45+02:00,11.4
2023-06-21T22:00+02:00,5.6
2023-06-21T22:15+02:00,0
2023-06-21T22:30+02:00,0
2023-06-21T22:45+02:00,0
2023-06-21T23:00+02:00,0
2023-06-21T23:15+02:00,0
2023-06-21T23:30+02:00,0
2023-06-21T23:45+02:00,0
2023-06-22T00:00+02:00,0
2023-06-22T00:15+02:00,0
2023-06-22T00:30+02:00,0
2023-06-22T00:45+02:00,0
2023-06-22T01:00+02:00,0
2023-06-22T01:15+02:00,0
2023-06-22T01:30+02:00,0
2023-06-22T01:45+02:00,0
2023-06-22T02:00+02:00,0
2023-06-22T02:15+02:00,0
2023-06-22T02:30+02:00,0
2023-06-22T02:45+02:00,0
2023-06-22T03:00+02:00,0
2023-06-22T03:15+02:00,0
2023-06-22T03:30+02:00,0
2023-06-22T03:45+02:00,0
2023-06-22T04:00+02:00,0
2023-06-22T04:15+02:00,0
2023-06-22T04:30+02:00,0
2023-06-22T04:45+02:00,3.6
2023-06-22T05:00+02:00,44.2
2023-06-22T05:15+02:00,179
2023-06-22T05:30+02:00,479
2023-06-22T05:45+02:00,932.5
2023-06-22T06:00+02:00,1555
2023-06-22T06:15+02:00,2354.4
2023-06-22T06:30+02:00,3278.7
2023-06-22T06:45+02:00,4354.6
2023-06-22T07:00+02:00,5529.8
2023-06-22T07:15+02:00,6815.9
2023-06-22T07:30+02:00,8176.8
2023-06-22T07:45+02:00,9590
2023-06-22T08:00+02:00,10973.2
2023-06-22T08:15+02:00,12479.7
2023-06-22T08:30+02:00,14028.4
2023-06-22T08:45+02:00,15567
2023-06-22T09:00+02:00,17052.6
2023-06-22T09:15+02:00,18481.8
2023-06-22T09:30+02:00,19856.2
2023-06-22T09:45+02:00,21155.9
2023-06-22T10:00+02:00,22375.1
2023-06-22T10:15+02:00,23531.8
2023-06-22T10:30+02:00,24571.4
2023-06-22T10:45+02:00,25485.7
2023-06-22T11:00+02:00,25727.9
2023-06-22T11:15+02:00,26363.8
2023-06-22T11:30+02:00,26839.5
2023-06-22T11:45+02:00,27159.5
2023-06-22T12:00+02:00,27357.3
2023-06-22T12:15+02:00,27463.4
2023-06-22T12:30+02:00,27432.1
2023-06-22T12:45+02:00,27243.8
2023-06-22T13:00+02:00,26982.5
2023-06-22T13:15+02:00,26617
2023-06-22T13:30+02:00,26142.9
2023-06-22T13:45+02:00,25576.6
2023-06-22T14:00+02:00,25014.3
2023-06-22T14:15+02:00,24383.7
2023-06-22T14:30+02:00,23697.1
2023-06-22T14:45+02:00,22940.2
2023-06-22T15:00+02:00,22118.5
2023-06-22T15:15+02:00,21219.4
2023-06-22T15:30+02:00,20258.4
2023-06-22T15:45+02:00,19266.5
2023-06-22T16:00+02:00,18233.2
2023-06-22T16:15+02:00,17153.3
2023-06-22T16:30+02:00,16018.4
2023-06-22T16:45+02:00,14845.5
2023-06-22T17:00+02:00,13833.3
2023-06-22T17:15+02:00,12591.8
2023-06-22T17:30+02:00,11323.3
2023-06-22T17:45+02:00,10053.5
2023-06-22T18:00+02:00,8828.8
2023-06-22T18:15+02:00,7636.2
2023-06-22T18:30+02:00,6523.8
2023-06-22T18:45+02:00,5497.2
2023-06-22T19:00+02:00,4547.5
2023-06-22T19:15+02:00,3684.9
2023-06-22T19:30+02:00,2926.4
2023-06-22T19:45+02:00,2278.8
2023-06-22T20:00+02:00,1616.4
2023-06-22T20:15+02:00,1141.8
2023-06-22T20:30+02:00,738.5
2023-06-22T20:45+02:00,415.1
2023-06-22T21:00+02:00,203.5
2023-06-22T21:15+02:00,86.5
2023-06-22T21:30+02:00,23.6
2023-06-22T21:45+02:00,6
2023-06-22T22:00+02:00,4.2
2023-06-22T22:15+02:00,0
2023-06-22T22:30+02:00,0
2023-06-22T22:45+02:00,0
2023-06-22T23:00+02:00,0
2023-06-22T23:15+02:00,0
2023-06-22T23:30+02:00,0
2023-06-22T23:45+02:00,0
2023-06-23T00:00+02:00,0
2023-06-23T00:15+02:00,0
2023-06-23T00:30+02:00,0
2023-06-23T00:45+02:00,0
2023-06-23T01:00+02:00,0
2023-06-23T01:15+02:00,0
2023-06-23T01:30+02:00,0
2023-06-23T01:45+02:00,0
2023-06-23T02:00+02:00,0
2023-06-23T02:15+02:00,0
2023-06-23T02:30+02:00,0
2023-06-23T02:45+02:00,0
2023-06-23T03:00+02:00,0
2023-06-23T03:15+02:00,0
2023-06-23T03:30+02:00,0
2023-06-23T03:45+02:00,0
2023-06-23T04:00+02:00,0
2023-06-23T04:15+02:00,0
2023-06-23T04:30+02:00,0
2023-06-23T04:45+02:00,13.9
2023-06-23T05:00+02:00,107.5
2023-06-23T05:15+02:00,175.9
2023-06-23T05:30+02:00,308.8
2023-06-23T05:45+02:00,501.9
2023-06-23T06:00+02:00,759.7
2023-06-23T06:15+02:00,1080
2023-06-23T06:30+02:00,1475.3
2023-06-23T06:45+02:00,1961.7
2023-06-23T07:00+02:00,2518.6
2023-06-23T07:15+02:00,3138.6
2023-06-23T07:30+02:00,3815.2
2023-06-23T07:45+02:00,4579
2023-06-23T08:00+02:00,5222.4
2023-06-23T08:15+02:00,6116.7
2023-06-23T08:30+02:00,7022.9
2023-06-23T08:45+02:00,7962.9
2023-06-23T09:00+02:00,8917.1
2023-06-23T09:15+02:00,9836.6
2023-06-23T09:30+02:00,10769.8
2023-06-23T09:45+02:00,11711.7
2023-06-23T10:00+02:00,12620.4
2023-06-23T10:15+02:00,13515.1
2023-06-23T10:30+02:00,14447.8
2023-06-23T10:45+02:00,15305.3
2023-06-23T11:00+02:00,16002.6
2023-06-23T11:15+02:00,16858.1
2023-06-23T11:30+02:00,17661.6
2023-06-23T11:45+02:00,18274.3
2023-06-23T12:00+02:00,18836.1
2023-06-23T12:15+02:00,19347.1
2023-06-23T12:30+02:00,19780.3
2023-06-23T12:45+02:00,20123.5
2023-06-23T13:00+02:00,20377
2023-06-23T13:15+02:00,20523.2
2023-06-23T13:30+02:00,20585.8
2023-06-23T13:45+02:00,20566.3
2023-06-23T14:00+02:00,20559.7
2023-06-23T14:15+02:00,20432.7
2023-06-23T14:30+02:00,20260.5
2023-06-23T14:45+02:00,20038.7
2023-06-23T15:00+02:00,19748.7
2023-06-23T15:15+02:00,19396
2023-06-23T15:30+02:00,18968.7
2023-06-23T15:45+02:00,18459.2
2023-06-23T16:00+02:00,17861.7
2023-06-23T16:15+02:00,17186
2023-06-23T16:30+02:00,16445.8
2023-06-23T16:45+02:00,15642.2
2023-06-23T17:00+02:00,15038.8
2023-06-23T17:15+02:00,14100.9
2023-06-23T17:30+02:00,13108
2023-06-23T17:45+02:00,12064.4
2023-06-23T18:00+02:00,10964.8
2023-06-23T18:15+02:00,9809.6
2023-06-23T18:30+02:00,8636
2023-06-23T18:45+02:00,7479
2023-06-23T19:00+02:00,6371.2
2023-06-23T19:15+02:00,5297
2023-06-23T19:30+02:00,4277.4
2023-06-23T19:45+02:00,3376.5
2023-06-23T20:00+02:00,2720.4
2023-06-23T20:15+02:00,1980.4
2023-06-23T20:30+02:00,1309.7
2023-06-23T20:45+02:00,751.7
2023-06-23T21:00+02:00,426.6
2023-06-23T21:15+02:00,256.6
2023-06-23T21:30+02:00,128.8
2023-06-23T21:45+02:00,72.3
2023-06-23T22:00+02:00,3.9
2023-06-23T22:15+02:00,0
2023-06-23T22:30+02:00,0
2023-06-23T22:45+02:00,0
2023-06-23T23:00+02:00,0
2023-06-23T23:15+02:00,0
2023-06-23T23:30+02:00,0
2023-06-23T23:45+02:00,0
2023-06-24T00:00+02:00,0
2023-06-24T00:15+02:00,0
2023-06-24T00:30+02:00,0
2023-06-24T00:45+02:00,0
2023-06-24T01:00+02:00,0
2023-06-24T01:15+02:00,0
2023-06-24T01:30+02:00,0
2023-06-24T01:45+02:00,0
2023-06-24T02:00+02:00,0
2023-06-24T02:15+02:00,0
2023-06-24T02:30+02:00,0
2023-06-24T02:45+02:00,0
2023-06-24T03:00+02:00,0
2023-06-24T03:15+02:00,0
2023-06-24T03:30+02:00,0
2023-06-24T03:45+02:00,0
2023-06-24T04:00+02:00,0
2023-06-24T04:15+02:00,0
2023-06-24T04:30+02:00,0
2023-06-24T04:45+02:00,2
2023-06-24T05:00+02:00,41.8
2023-06-24T05:15+02:00,190
2023-06-24T05:30+02:00,501.5
2023-06-24T05:45+02:00,935.8
2023-06-24T06:00+02:00,1578.7
2023-06-24T06:15+02:00,2417.1
2023-06-24T06:30+02:00,3426.8
2023-06-24T06:45+02:00,4633.6
2023-06-24T07:00+02:00,6036.6
2023-06-24T07:15+02:00,7612.9
2023-06-24T07:30+02:00,9331.8
2023-06-24T07:45+02:00,11159.9
2023-06-24T08:00+02:00,13068.9
2023-06-24T08:15+02:00,15065.5
2023-06-24T08:30+02:00,17116.7
2023-06-24T08:45+02:00,19156.3
2023-06-24T09:00+02:00,21148.7
2023-06-24T09:15+02:00,23091.2
2023-06-24T09:30+02:00,24940.5
2023-06-24T09:45+02:00,26670.1
2023-06-24T10:00+02:00,28269
2023-06-24T10:15+02:00,29738.1
2023-06-24T10:30+02:00,31106
2023-06-24T10:45+02:00,32358
2023-06-24T11:00+02:00,33457.1
2023-06-24T11:15+02:00,34400.8
2023-06-24T11:30+02:00,35215.4
2023-06-24T11:45+02:00,35894.8
2023-06-24T12:00+02:00,36431.1
2023-06-24T12:15+02:00,36810.9
2023-06-24T12:30+02:00,37070
2023-06-24T12:45+02:00,37244.2
2023-06-24T13:00+02:00,37304.6
2023-06-24T13:15+02:00,37238
2023-06-24T13:30+02:00,37049.8
2023-06-24T13:45+02:00,36741.1
2023-06-24T14:00+02:00,36314.8
2023-06-24T14:15+02:00,35769.8
2023-06-24T14:30+02:00,35116.6
2023-06-24T14:45+02:00,34362.2
2023-06-24T15:00+02:00,33506.4
2023-06-24T15:15+02:00,32545.5
2023-06-24T15:30+02:00,31488.9
2023-06-24T15:45+02:00,30337.4
2023-06-24T16:00+02:00,29088.4
2023-06-24T16:15+02:00,27747.2
2023-06-24T16:30+02:00,26304.3
2023-06-24T16:45+02:00,24761
2023-06-24T17:00+02:00,23097.4
2023-06-24T17:15+02:00,21304.8
2023-06-24T17:30+02:00,19428.7
2023-06-24T17:45+02:00,17502.7
2023-06-24T18:00+02:00,15558.9
2023-06-24T18:15+02:00,13596.9
2023-06-24T18:30+02:00,11653.9
2023-06-24T18:45+02:00,9788.5
2023-06-24T19:00+02:00,8043.1
2023-06-24T19:15+02:00,6436.8
2023-06-24T19:30+02:00,5015.6
2023-06-24T19:45+02:00,3833.1
2023-06-24T20:00+02:00,2888.8
2023-06-24T20:15+02:00,2063.9
2023-06-24T20:30+02:00,1335.8
2023-06-24T20:45+02:00,729.7
2023-06-24T21:00+02:00,377.4
2023-06-24T21:15+02:00,215.1
2023-06-24T21:30+02:00,95.6
2023-06-24T21:45+02:00,45.9
2023-06-24T22:00+02:00,8.3
2023-06-24T22:15+02:00,0
2023-06-24T22:30+02:00,0
2023-06-24T22:45+02:00,0
2023-06-24T23:00+02:00,0
2023-06-24T23:15+02:00,0
2023-06-24T23:30+02:00,0
2023-06-24T23:45+02:00,0
2023-06-25T00:00+02:00,0
2023-06-25T00:15+02:00,0
2023-06-25T00:30+02:00,0
2023-06-25T00:45+02:00,0
2023-06-25T01:00+02:00,0
2023-06-25T01:15+02:00,0
2023-06-25T01:30+02:00,0
2023-06-25T01:45+02:00,0
2023-06-25T02:00+02:00,0
2023-06-25T02:15+02:00,0
2023-06-25T02:30+02:00,0
2023-06-25T02:45+02:00,0
2023-06-25T03:00+02:00,0
2023-06-25T03:15+02:00,0
2023-06-25T03:30+02:00,0
2023-06-25T03:45+02:00,0
2023-06-25T04:00+02:00,0
2023-06-25T04:15+02:00,0
2023-06-25T04:30+02:00,0
2023-06-25T04:45+02:00,3.8
2023-06-25T05:00+02:00,38.8
2023-06-25T05:15+02:00,203.2
2023-06-25T05:30+02:00,511
2023-06-25T05:45+02:00,924.6
2023-06-25T06:00+02:00,1546.4
2023-06-25T06:15+02:00,2356.1
2023-06-25T06:30+02:00,3350.7
2023-06-25T06:45+02:00,4588.1
2023-06-25T07:00+02:00,6074.8
2023-06-25T07:15+02:00,7764
2023-06-25T07:30+02:00,9635.6
2023-06-25T07:45+02:00,11621.7
2023-06-25T08:00+02:00,13686.9
2023-06-25T08:15+02:00,15835.5
2023-06-25T08:30+02:00,18025.4
2023-06-25T08:45+02:00,20192.4
2023-06-25T09:00+02:00,22278.7
2023-06-25T09:15+02:00,24303.6
2023-06-25T09:30+02:00,26235.2
2023-06-25T09:45+02:00,28055.2
2023-06-25T10:00+02:00,29713.8
2023-06-25T10:15+02:00,31194.7
2023-06-25T10:30+02:00,32505.5
2023-06-25T10:45+02:00,33649.8
2023-06-25T11:00+02:00,34597.3
2023-06-25T11:15+02:00,35518
2023-06-25T11:30+02:00,36123.2
2023-06-25T11:45+02:00,36620.3
2023-06-25T12:00+02:00,36988.6
2023-06-25T12:15+02:00,37203.2
2023-06-25T12:30+02:00,37291.9
2023-06-25T12:45+02:00,37322.8
2023-06-25T13:00+02:00,37271.8
2023-06-25T13:15+02:00,37162.1
2023-06-25T13:30+02:00,36999.8
2023-06-25T13:45+02:00,36730.2
2023-06-25T14:00+02:00,36243.4
2023-06-25T14:15+02:00,35730.1
2023-06-25T14:30+02:00,35165.2
2023-06-25T14:45+02:00,34530.7
2023-06-25T15:00+02:00,33757.4
2023-06-25T15:15+02:00,32862
2023-06-25T15:30+02:00,31858.9
2023-06-25T15:45+02:00,30735.8
2023-06-25T16:00+02:00,29515
2023-06-25T16:15+02:00,28177.9
2023-06-25T16:30+02:00,26734.2
2023-06-25T16:45+02:00,25186.2
2023-06-25T17:00+02:00,23642.9
2023-06-25T17:15+02:00,21850.9
2023-06-25T17:30+02:00,19967.8
2023-06-25T17:45+02:00,18016.6
2023-06-25T18:00+02:00,16030.2
2023-06-25T18:15+02:00,14011.4
2023-06-25T18:30+02:00,12006.8
2023-06-25T18:45+02:00,10067.5
2023-06-25T19:00+02:00,8247.3
2023-06-25T19:15+02:00,6569.2
2023-06-25T19:30+02:00,5091.8
2023-06-25T19:45+02:00,3871.8
2023-06-25T20:00+02:00,2918.9
2023-06-25T20:15+02:00,2095.6
2023-06-25T20:30+02:00,1369.3
2023-06-25T20:45+02:00,770.8
2023-06-25T21:00+02:00,413.1
2023-06-25T21:15+02:00,219.2
2023-06-25T21:30+02:00,93
2023-06-25T21:45+02:00,36.4
2023-06-25T22:00+02:00,10.9
2023-06-25T22:15+02:00,0
2023-06-25T22:30+02:00,0
2023-06-25T22:45+02:00,0
2023-06-25T23:00+02:00,0
2023-06-25T23:15+02:00,0
2023-06-25T23:30+02:00,0
2023-06-25T23:45+02:00,0
2023-06-26T00:00+02:00,0
2023-06-26T00:15+02:00,0
2023-06-26T00:30+02:00,0
2023-06-26T00:45+02:00,0
2023-06-26T01:00+02:00,0
2023-06-26T01:15+02:00,0
2023-06-26T01:30+02:00,0
2023-06-26T01:45+02:00,0
2023-06-26T02:00+02:00,0
2023-06-26T02:15+02:00,0
2023-06-26T02:30+02:00,0
2023-06-26T02:45+02:00,0
2023-06-26T03:00+02:00,0
2023-06-26T03:15+02:00,0
2023-06-26T03:30+02:00,0
2023-06-26T03:45+02:00,0
2023-06-26T04:00+02:00,0
2023-06-26T04:15+02:00,0
2023-06-26T04:30+02:00,0
2023-06-26T04:45+02:00,3.4
2023-06-26T05:00+02:00,42.2
2023-06-26T05:15+02:00,192.3
2023-06-26T05:30+02:00,481.9
2023-06-26T05:45+02:00,910.8
2023-06-26T06:00+02:00,1536
2023-06-26T06:15+02:00,2325.9
2023-06-26T06:30+02:00,3332.3
2023-06-26T06:45+02:00,4562.4
2023-06-26T07:00+02:00,6041
2023-06-26T07:15+02:00,7726.8
2023-06-26T07:30+02:00,9551.9
2023-06-26T07:45+02:00,11446.8
2023-06-26T08:00+02:00,13390.8
2023-06-26T08:15+02:00,15385.1
2023-06-26T08:30+02:00,17360.8
2023-06-26T08:45+02:00,19303.7
2023-06-26T09:00+02:00,21174.3
2023-06-26T09:15+02:00,22960.8
2023-06-26T09:30+02:00,24664.9
2023-06-26T09:45+02:00,26248.5
2023-06-26T10:00+02:00,27666.2
2023-06-26T10:15+02:00,28944.8
2023-06-26T10:30+02:00,30079
2023-06-26T10:45+02:00,31066.5
2023-06-26T11:00+02:00,31718.2
2023-06-26T11:15+02:00,32402.6
2023-06-26T11:30+02:00,32925.1
2023-06-26T11:45+02:00,33304.4
2023-06-26T12:00+02:00,33549.6
2023-06-26T12:15+02:00,33678
2023-06-26T12:30+02:00,33700.5
2023-06-26T12:45+02:00,33639
2023-06-26T13:00+02:00,33504
2023-06-26T13:15+02:00,33280.9
2023-06-26T13:30+02:00,32966.5
2023-06-26T13:45+02:00,32568.1
2023-06-26T14:00+02:00,31716.2
2023-06-26T14:15+02:00,31148.4
2023-06-26T14:30+02:00,30481.2
2023-06-26T14:45+02:00,29716.1
2023-06-26T15:00+02:00,28855
2023-06-26T15:15+02:00,27911.6
2023-06-26T15:30+02:00,26905.4
2023-06-26T15:45+02:00,25831.1
2023-06-26T16:00+02:00,24677.4
2023-06-26T16:15+02:00,23440.6
2023-06-26T16:30+02:00,22144.1
2023-06-26T16:45+02:00,20784.5
2023-06-26T17:00+02:00,19393
2023-06-26T17:15+02:00,17913.9
2023-06-26T17:30+02:00,16389
2023-06-26T17:45+02:00,14857.2
2023-06-26T18:00+02:00,13310.4
2023-06-26T18:15+02:00,11748.5
2023-06-26T18:30+02:00,10219.2
2023-06-26T18:45+02:00,8744.8
2023-06-26T19:00+02:00,7333
2023-06-26T19:15+02:00,6013.4
2023-06-26T19:30+02:00,4818.6
2023-06-26T19:45+02:00,3782.8
2023-06-26T20:00+02:00,2838.3
2023-06-26T20:15+02:00,2042.8
2023-06-26T20:30+02:00,1319.5
2023-06-26T20:45+02:00,718.3
2023-06-26T21:00+02:00,362.5
2023-06-26T21:15+02:00,197.4
2023-06-26T21:30+02:00,78.2
2023-06-26T21:45+02:00,27.6
2023-06-26T22:00+02:00,6
2023-06-26T22:15+02:00,0
2023-06-26T22:30+02:00,0
2023-06-26T22:45+02:00,0
2023-06-26T23:00+02:00,0
2023-06-26T23:15+02:00,0
2023-06-26T23:30+02:00,0
2023-06-26T23:45+02:00,0
2023-06-27T00:00+02:00,0
2023-06-27T00:15+02:00,0
2023-06-27T00:30+02:00,0
2023-06-27T00:45+02:00,0
2023-06-27T01:00+02:00,0
2023-06-27T01:15+02:00,0
2023-06-27T01:30+02:00,0
2023-06-27T01:45+02:00,0
2023-06-27T02:00+02:00,0
2023-06-27T02:15+02:00,0
2023-06-27T02:30+02:00,0
2023-06-27T02:45+02:00,0
2023-06-27T03:00+02:00,0
2023-06-27T03:15+02:00,0
2023-06-27T03:30+02:00,0
2023-06-27T03:45+02:00,0
2023-06-27T04:00+02:00,0
2023-06-27T04:15+02:00,0
2023-06-27T04:30+02:00,0
2023-06-27T04:45+02:00,2.9
2023-06-27T05:00+02:00,39.6
2023-06-27T05:15+02:00,161.6
2023-06-27T05:30+02:00,445.9
2023-06-27T05:45+02:00,870.5
2023-06-27T06:00+02:00,1494.2
2023-06-27T06:15+02:00,2283.3
2023-06-27T06:30+02:00,3229.9
2023-06-27T06:45+02:00,4310.4
2023-06-27T07:00+02:00,5532.2
2023-06-27T07:15+02:00,6878.7
2023-06-27T07:30+02:00,8352.8
2023-06-27T07:45+02:00,9935.4
2023-06-27T08:00+02:00,11544.3
2023-06-27T08:15+02:00,13254
2023-06-27T08:30+02:00,14984.9
2023-06-27T08:45+02:00,16678.3
2023-06-27T09:00+02:00,18273.9
2023-06-27T09:15+02:00,19783.1
2023-06-27T09:30+02:00,21161.4
2023-06-27T09:45+02:00,22421
2023-06-27T10:00+02:00,23570
2023-06-27T10:15+02:00,24626.9
2023-06-27T10:30+02:00,25551.6
2023-06-27T10:45+02:00,26324.3
2023-06-27T11:00+02:00,26717.4
2023-06-27T11:15+02:00,27194.3
2023-06-27T11:30+02:00,27554.6
2023-06-27T11:45+02:00,27823.9
2023-06-27T12:00+02:00,28012.9
2023-06-27T12:15+02:00,28137.4
2023-06-27T12:30+02:00,28202.5
2023-06-27T12:45+02:00,28207.1
2023-06-27T13:00+02:00,28110.1
2023-06-27T13:15+02:00,27874.6
2023-06-27T13:30+02:00,27513.4
2023-06-27T13:45+02:00,27081
2023-06-27T14:00+02:00,26476.8
2023-06-27T14:15+02:00,26058.4
2023-06-27T14:30+02:00,25580.9
2023-06-27T14:45+02:00,25022.1
2023-06-27T15:00+02:00,24385
2023-06-27T15:15+02:00,23670.6
2023-06-27T15:30+02:00,22837.4
2023-06-27T15:45+02:00,21903.8
2023-06-27T16:00+02:00,20926.9
2023-06-27T16:15+02:00,19904.9
2023-06-27T16:30+02:00,18816.3
2023-06-27T16:45+02:00,17658.7
2023-06-27T17:00+02:00,16538
2023-06-27T17:15+02:00,15269.7
2023-06-27T17:30+02:00,13950.7
2023-06-27T17:45+02:00,12603.5
2023-06-27T18:00+02:00,11263.8
2023-06-27T18:15+02:00,9917.8
2023-06-27T18:30+02:00,8614.1
2023-06-27T18:45+02:00,7396.8
2023-06-27T19:00+02:00,6274.2
2023-06-27T19:15+02:00,5212
2023-06-27T19:30+02:00,4228.7
2023-06-27T19:45+02:00,3341.4
2023-06-27T20:00+02:00,2582.2
2023-06-27T20:15+02:00,1819.6
2023-06-27T20:30+02:00,1119.6
2023-06-27T20:45+02:00,569.9
2023-06-27T21:00+02:00,273.7
2023-06-27T21:15+02:00,138.8
2023-06-27T21:30+02:00,57.4
2023-06-27T21:45+02:00,26.4
2023-06-27T22:00+02:00,9
2023-06-27T22:15+02:00,0
2023-06-27T22:30+02:00,0
2023-06-27T22:45+02:00,0
2023-06-27T23:00+02:00,0
2023-06-27T23:15+02:00,0
2023-06-27T23:30+02:00,0
2023-06-27T23:45+02:00,0
2023-06-28T00:00+02:00,0
2023-06-28T00:15+02:00,0
2023-06-28T00:30+02:00,0
2023-06-28T00:45+02:00,0
2023-06-28T01:00+02:00,0
2023-06-28T01:15+02:00,0
2023-06-28T01:30+02:00,0
2023-06-28T01:45+02:00,0
2023-06-28T02:00+02:00,0
2023-06-28T02:15+02:00,0
2023-06-28T02:30+02:00,0
2023-06-28T02:45+02:00,0
2023-06-28T03:00+02:00,0
2023-06-28T03:15+02:00,0
2023-06-28T03:30+02:00,0
2023-06-28T03:45+02:00,0
2023-06-28T04:00+02:00,0
2023-06-28T04:15+02:00,0
2023-06-28T04:30+02:00,0
2023-06-28T04:45+02:00,5.8
2023-06-28T05:00+02:00,42.5
2023-06-28T05:15+02:00,161.3
2023-06-28T05:30+02:00,420.4
2023-06-28T05:45+02:00,797.3
2023-06-28T06:00+02:00,1335.8
2023-06-28T06:15+02:00,2046.1
2023-06-28T06:30+02:00,2896.4
2023-06-28T06:45+02:00,3893.4
2023-06-28T07:00+02:00,5032.2
2023-06-28T07:15+02:00,6299.4
2023-06-28T07:30+02:00,7688.1
2023-06-28T07:45+02:00,9169.2
2023-06-28T08:00+02:00,10684.6
2023-06-28T08:15+02:00,12280
2023-06-28T08:30+02:00,13875.6
2023-06-28T08:45+02:00,15431.3
2023-06-28T09:00+02:00,16887.7
2023-06-28T09:15+02:00,18260.2
2023-06-28T09:30+02:00,19545.5
2023-06-28T09:45+02:00,20742.8
2023-06-28T10:00+02:00,21848.6
2023-06-28T10:15+02:00,22854.3
2023-06-28T10:30+02:00,23738.6
2023-06-28T10:45+02:00,24524.3
2023-06-28T11:00+02:00,25295.3
2023-06-28T11:15+02:00,25954.2
2023-06-28T11:30+02:00,26503.3
2023-06-28T11:45+02:00,26938
2023-06-28T12:00+02:00,27249.2
2023-06-28T12:15+02:00,27460.4
2023-06-28T12:30+02:00,27623.7
2023-06-28T12:45+02:00,27737.6
2023-06-28T13:00+02:00,27785.9
2023-06-28T13:15+02:00,27751.8
2023-06-28T13:30+02:00,27594.9
2023-06-28T13:45+02:00,27352
2023-06-28T14:00+02:00,27084.8
2023-06-28T14:15+02:00,26756.4
2023-06-28T14:30+02:00,26360.3
2023-06-28T14:45+02:00,25902.4
2023-06-28T15:00+02:00,25383.7
2023-06-28T15:15+02:00,24785.3
2023-06-28T15:30+02:00,24108.1
2023-06-28T15:45+02:00,23355.9
2023-06-28T16:00+02:00,22522.7
2023-06-28T16:15+02:00,21600.7
2023-06-28T16:30+02:00,20575.1
2023-06-28T16:45+02:00,19469.1
2023-06-28T17:00+02:00,18316.3
2023-06-28T17:15+02:00,17110.7
2023-06-28T17:30+02:00,15866.1
2023-06-28T17:45+02:00,14566.1
2023-06-28T18:00+02:00,13167.6
2023-06-28T18:15+02:00,11664.1
2023-06-28T18:30+02:00,10130.2
2023-06-28T18:45+02:00,8628.2
2023-06-28T19:00+02:00,7210.9
2023-06-28T19:15+02:00,5905.2
2023-06-28T19:30+02:00,4727.4
2023-06-28T19:45+02:00,3701.2
2023-06-28T20:00+02:00,2825.1
2023-06-28T20:15+02:00,2018.8
2023-06-28T20:30+02:00,1282.7
2023-06-28T20:45+02:00,690.4
2023-06-28T21:00+02:00,332.4
2023-06-28T21:15+02:00,151.6
2023-06-28T21:30+02:00,51.8
2023-06-28T21:45+02:00,15.5
2023-06-28T22:00+02:00,9.3
2023-06-28T22:15+02:00,0
2023-06-28T22:30+02:00,0
2023-06-28T22:45+02:00,0
2023-06-28T23:00+02:00,0
2023-06-28T23:15+02:00,0
2023-06-28T23:30+02:00,0
2023-06-28T23:45+02:00,0
2023-06-29T00:00+02:00,0
2023-06-29T00:15+02:00,0
2023-06-29T00:30+02:00,0
2023-06-29T00:45+02:00,0
2023-06-29T01:00+02:00,0
2023-06-29T01:15+02:00,0
2023-06-29T01:30+02:00,0
2023-06-29T01:45+02:00,0
2023-06-29T02:00+02:00,0
2023-06-29T02:15+02:00,0
2023-06-29T02:30+02:00,0
2023-06-29T02:45+02:00,0
2023-06-29T03:00+02:00,0
2023-06-29T03:15+02:00,0
2023-06-29T03:30+02:00,0
2023-06-29T03:45+02:00,0
2023-06-29T04:00+02:00,0
2023-06-29T04:15+02:00,0
2023-06-29T04:30+02:00,0
2023-06-29T04:45+02:00,7.6
2023-06-29T05:00+02:00,38.7
2023-06-29T05:15+02:00,158.3
2023-06-29T05:30+02:00,422.1
2023-06-29T05:45+02:00,806.5
2023-06-29T06:00+02:00,1349.6
2023-06-29T06:15+02:00,2101.1
2023-06-29T06:30+02:00,3026
2023-06-29T06:45+02:00,4133.4
2023-06-29T07:00+02:00,5408.3
2023-06-29T07:15+02:00,6867.5
2023-06-29T07:30+02:00,8458.7
2023-06-29T07:45+02:00,10129.4
2023-06-29T08:00+02:00,11837.6
2023-06-29T08:15+02:00,13604.1
2023-06-29T08:30+02:00,15375.7
2023-06-29T08:45+02:00,17127.6
2023-06-29T09:00+02:00,18850.5
2023-06-29T09:15+02:00,20547.4
2023-06-29T09:30+02:00,22169
2023-06-29T09:45+02:00,23659.1
2023-06-29T10:00+02:00,24995.1
2023-06-29T10:15+02:00,26205
2023-06-29T10:30+02:00,27246.6
2023-06-29T10:45+02:00,28125.7
2023-06-29T11:00+02:00,28859.1
2023-06-29T11:15+02:00,29485.2
2023-06-29T11:30+02:00,29940.3
2023-06-29T11:45+02:00,30232.9
2023-06-29T12:00+02:00,30404
2023-06-29T12:15+02:00,30481.7
2023-06-29T12:30+02:00,30408
2023-06-29T12:45+02:00,30238.9
2023-06-29T13:00+02:00,29988.9
2023-06-29T13:15+02:00,29591
2023-06-29T13:30+02:00,29105.2
2023-06-29T13:45+02:00,28566.7
2023-06-29T14:00+02:00,28033.3
2023-06-29T14:15+02:00,27484
2023-06-29T14:30+02:00,26879.9
2023-06-29T14:45+02:00,26187
2023-06-29T15:00+02:00,25402.5
2023-06-29T15:15+02:00,24521.9
2023-06-29T15:30+02:00,23557.2
2023-06-29T15:45+02:00,22511.8
2023-06-29T16:00+02:00,21426.9
2023-06-29T16:15+02:00,20296.6
2023-06-29T16:30+02:00,19118.5
2023-06-29T16:45+02:00,17908.8
2023-06-29T17:00+02:00,16643.8
2023-06-29T17:15+02:00,15363
2023-06-29T17:30+02:00,14040.8
2023-06-29T17:45+02:00,12680.5
2023-06-29T18:00+02:00,11323.3
2023-06-29T18:15+02:00,9946.3
2023-06-29T18:30+02:00,8596.6
2023-06-29T18:45+02:00,7305.7
2023-06-29T19:00+02:00,6120.9
2023-06-29T19:15+02:00,5047.4
2023-06-29T19:30+02:00,4077.4
2023-06-29T19:45+02:00,3221.4
2023-06-29T20:00+02:00,2455.2
2023-06-29T20:15+02:00,1737.6
2023-06-29T20:30+02:00,1113.2
2023-06-29T20:45+02:00,607.1
2023-06-29T21:00+02:00,282
2023-06-29T21:15+02:00,121
2023-06-29T21:30+02:00,36.2
2023-06-29T21:45+02:00,11.5
2023-06-29T22:00+02:00,8.8
2023-06-29T22:15+02:00,0
2023-06-29T22:30+02:00,0
2023-06-29T22:45+02:00,0
2023-06-29T23:00+02:00,0
2023-06-29T23:15+02:00,0
2023-06-29T23:30+02:00,0
2023-06-29T23:45+02:00,0
2023-06-30T00:00+02:00,0
2023-06-30T00:15+02:00,0
2023-06-30T00:30+02:00,0
2023-06-30T00:45+02:00,0
2023-06-30T01:00+02:00,0
2023-06-30T01:15+02:00,0
2023-06-30T01:30+02:00,0
2023-06-30T01:45+02:00,0
2023-06-30T02:00+02:00,0
2023-06-30T02:15+02:00,0
2023-06-30T02:30+02:00,0
2023-06-30T02:45+02:00,0
2023-06-30T03:00+02:00,0
2023-06-30T03:15+02:00,0
2023-06-30T03:30+02:00,0
2023-06-30T03:45+02:00,0
2023-06-30T04:00+02:00,0
2023-06-30T04:15+02:00,0
2023-06-30T04:30+02:00,0
2023-06-30T04:45+02:00,0.7
2023-06-30T05:00+02:00,15.4
2023-06-30T05:15+02:00,64.6
2023-06-30T05:30+02:00,187
2023-06-30T05:45+02:00,395.2
2023-06-30T06:00+02:00,711.2
2023-06-30T06:15+02:00,1121.3
2023-06-30T06:30+02:00,1624.3
2023-06-30T06:45+02:00,2181.2
2023-06-30T07:00+02:00,2807.3
2023-06-30T07:15+02:00,3478.2
2023-06-30T07:30+02:00,4221.3
2023-06-30T07:45+02:00,5027.9
2023-06-30T08:00+02:00,6014.3
2023-06-30T08:15+02:00,6927.8
2023-06-30T08:30+02:00,7861.2
2023-06-30T08:45+02:00,8798.9
2023-06-30T09:00+02:00,9728
2023-06-30T09:15+02:00,10633
2023-06-30T09:30+02:00,11513.7
2023-06-30T09:45+02:00,12381.7
2023-06-30T10:00+02:00,13261.4
2023-06-30T10:15+02:00,14167.9
2023-06-30T10:30+02:00,15037.9
2023-06-30T10:45+02:00,15832.2
2023-06-30T11:00+02:00,16157.8
2023-06-30T11:15+02:00,16838.1
2023-06-30T11:30+02:00,17443.3
2023-06-30T11:45+02:00,17986.3
2023-06-30T12:00+02:00,18523.8
2023-06-30T12:15+02:00,19057.9
2023-06-30T12:30+02:00,19509.3
2023-06-30T12:45+02:00,19850.2
2023-06-30T13:00+02:00,20093.6
2023-06-30T13:15+02:00,20234.5
2023-06-30T13:30+02:00,20276.3
2023-06-30T13:45+02:00,20218.1
2023-06-30T14:00+02:00,20163.5
2023-06-30T14:15+02:00,20008.2
2023-06-30T14:30+02:00,19814.6
2023-06-30T14:45+02:00,19585.1
2023-06-30T15:00+02:00,19317
2023-06-30T15:15+02:00,19012.3
2023-06-30T15:30+02:00,18616.5
2023-06-30T15:45+02:00,18122.4
2023-06-30T16:00+02:00,17566.7
2023-06-30T16:15+02:00,16958.5
2023-06-30T16:30+02:00,16268.7
2023-06-30T16:45+02:00,15490.2
2023-06-30T17:00+02:00,14816.7
2023-06-30T17:15+02:00,13833.5
2023-06-30T17:30+02:00,12783.8
2023-06-30T17:45+02:00,11691
2023-06-30T18:00+02:00,10583
2023-06-30T18:15+02:00,9434.8
2023-06-30T18:30+02:00,8293.7
2023-06-30T18:45+02:00,7176.9
2023-06-30T19:00+02:00,6107.8
2023-06-30T19:15+02:00,5071.7
2023-06-30T19:30+02:00,4102.4
2023-06-30T19:45+02:00,3224.9
2023-06-30T20:00+02:00,2505.7
2023-06-30T20:15+02:00,1804.2
2023-06-30T20:30+02:00,1150.1
2023-06-30T20:45+02:00,611.5
2023-06-30T21:00+02:00,306.9
2023-06-30T21:15+02:00,143.9
2023-06-30T21:30+02:00,46.5
2023-06-30T21:45+02:00,8.2
2023-06-30T22:00+02:00,3.4
2023-06-30T22:15+02:00,0
2023-06-30T22:30+02:00,0
2023-06-30T22:45+02:00,0
2023-06-30T23:00+02:00,0
2023-06-30T23:15+02:00,0
2023-06-30T23:30+02:00,0
2023-06-30T23:45+02:00,0
2023-07-01T00:00+02:00,0
2023-07-01T00:15+02:00,0
2023-07-01T00:30+02:00,0
2023-07-01T00:45+02:00,0
2023-07-01T01:00+02:00,0
2023-07-01T01:15+02:00,0
2023-07-01T01:30+02:00,0
2023-07-01T01:45+02:00,0
2023-07-01T02:00+02:00,0
2023-07-01T02:15+02:00,0
2023-07-01T02:30+02:00,0
2023-07-01T02:45+02:00,0
2023-07-01T03:00+02:00,0
2023-07-01T03:15+02:00,0
2023-07-01T03:30+02:00,0
2023-07-01T03:45+02:00,0
2023-07-01T04:00+02:00,0
2023-07-01T04:15+02:00,0
2023-07-01T04:30+02:00,0
2023-07-01T04:45+02:00,0.6
2023-07-01T05:00+02:00,20.5
2023-07-01T05:15+02:00,98.4
2023-07-01T05:30+02:00,280.8
2023-07-01T05:45+02:00,561.5
2023-07-01T06:00+02:00,1004.5
2023-07-01T06:15+02:00,1613
2023-07-01T06:30+02:00,2346
2023-07-01T06:45+02:00,3206.7
2023-07-01T07:00+02:00,4201
2023-07-01T07:15+02:00,5347
2023-07-01T07:30+02:00,6602.5
2023-07-01T07:45+02:00,7912.5
2023-07-01T08:00+02:00,9226.8
2023-07-01T08:15+02:00,10592.1
2023-07-01T08:30+02:00,11939.6
2023-07-01T08:45+02:00,13227.9
2023-07-01T09:00+02:00,14454.4
2023-07-01T09:15+02:00,15617.9
2023-07-01T09:30+02:00,16670.2
2023-07-01T09:45+02:00,17588.8
2023-07-01T10:00+02:00,18386
2023-07-01T10:15+02:00,19081.7
2023-07-01T10:30+02:00,19700.1
2023-07-01T10:45+02:00,20224.7
2023-07-01T11:00+02:00,20685.2
2023-07-01T11:15+02:00,20977.1
2023-07-01T11:30+02:00,21159.9
2023-07-01T11:45+02:00,21242.4
2023-07-01T12:00+02:00,21239.4
2023-07-01T12:15+02:00,21139.3
2023-07-01T12:30+02:00,20959.5
2023-07-01T12:45+02:00,20722.5
2023-07-01T13:00+02:00,20421.8
2023-07-01T13:15+02:00,20027
2023-07-01T13:30+02:00,19556.9
2023-07-01T13:45+02:00,19055.4
2023-07-01T14:00+02:00,18575.5
2023-07-01T14:15+02:00,18081.5
2023-07-01T14:30+02:00,17543.1
2023-07-01T14:45+02:00,16959.8
2023-07-01T15:00+02:00,16345.8
2023-07-01T15:15+02:00,15696.4
2023-07-01T15:30+02:00,15000.6
2023-07-01T15:45+02:00,14270.6
2023-07-01T16:00+02:00,13516.3
2023-07-01T16:15+02:00,12740.4
2023-07-01T16:30+02:00,11950
2023-07-01T16:45+02:00,11147
2023-07-01T17:00+02:00,10294.8
2023-07-01T17:15+02:00,9445.9
2023-07-01T17:30+02:00,8570.8
2023-07-01T17:45+02:00,7703.2
2023-07-01T18:00+02:00,6883.7
2023-07-01T18:15+02:00,6082
2023-07-01T18:30+02:00,5315.1
2023-07-01T18:45+02:00,4599.1
2023-07-01T19:00+02:00,3921
2023-07-01T19:15+02:00,3275.8
2023-07-01T19:30+02:00,2660.7
2023-07-01T19:45+02:00,2110.3
2023-07-01T20:00+02:00,1610.6
2023-07-01T20:15+02:00,1164.2
2023-07-01T20:30+02:00,776.2
2023-07-01T20:45+02:00,465.5
2023-07-01T21:00+02:00,273.6
2023-07-01T21:15+02:00,161.2
2023-07-01T21:30+02:00,94.2
2023-07-01T21:45+02:00,66.8
2023-07-01T22:00+02:00,4.1
2023-07-01T22:15+02:00,0
2023-07-01T22:30+02:00,0
2023-07-01T22:45+02:00,0
2023-07-01T23:00+02:00,0
2023-07-01T23:15+02:00,0
2023-07-01T23:30+02:00,0
2023-07-01T23:45+02:00,0
2023-07-02T00:00+02:00,0
2023-07-02T00:15+02:00,0
2023-07-02T00:30+02:00,0
2023-07-02T00:45+02:00,0
2023-07-02T01:00+02:00,0
2023-07-02T01:15+02:00,0
2023-07-02T01:30+02:00,0
2023-07-02T01:45+02:00,0
2023-07-02T02:00+02:00,0
2023-07-02T02:15+02:00,0
2023-07-02T02:30+02:00,0
2023-07-02T02:45+02:00,0
2023-07-02T03:00+02:00,0
2023-07-02T03:15+02:00,0
2023-07-02T03:30+02:00,0
2023-07-02T03:45+02:00,0
2023-07-02T04:00+02:00,0
2023-07-02T04:15+02:00,0
2023-07-02T04:30+02:00,0
2023-07-02T04:45+02:00,0.6
2023-07-02T05:00+02:00,27.3
2023-07-02T05:15+02:00,126.3
2023-07-02T05:30+02:00,334.3
2023-07-02T05:45+02:00,687.6
2023-07-02T06:00+02:00,1194
2023-07-02T06:15+02:00,1835.8
2023-07-02T06:30+02:00,2579.2
2023-07-02T06:45+02:00,3456.6
2023-07-02T07:00+02:00,4476.9
2023-07-02T07:15+02:00,5627.8
2023-07-02T07:30+02:00,6893.4
2023-07-02T07:45+02:00,8252.7
2023-07-02T08:00+02:00,9658.2
2023-07-02T08:15+02:00,11141.7
2023-07-02T08:30+02:00,12663.1
2023-07-02T08:45+02:00,14162.5
2023-07-02T09:00+02:00,15635.5
2023-07-02T09:15+02:00,17058.3
2023-07-02T09:30+02:00,18450.5
2023-07-02T09:45+02:00,19716.8
2023-07-02T10:00+02:00,21042.4
2023-07-02T10:15+02:00,22362.6
2023-07-02T10:30+02:00,23626.5
2023-07-02T10:45+02:00,24793.8
2023-07-02T11:00+02:00,25812.2
2023-07-02T11:15+02:00,26738.9
2023-07-02T11:30+02:00,27529.8
2023-07-02T11:45+02:00,28183.4
2023-07-02T12:00+02:00,28761.3
2023-07-02T12:15+02:00,29231.2
2023-07-02T12:30+02:00,29608.6
2023-07-02T12:45+02:00,29913.8
2023-07-02T13:00+02:00,30132.2
2023-07-02T13:15+02:00,30304.2
2023-07-02T13:30+02:00,30382.7
2023-07-02T13:45+02:00,30410.2
2023-07-02T14:00+02:00,30450.7
2023-07-02T14:15+02:00,30350.4
2023-07-02T14:30+02:00,30174.3
2023-07-02T14:45+02:00,29828.1
2023-07-02T15:00+02:00,29377
2023-07-02T15:15+02:00,28805.3
2023-07-02T15:30+02:00,28186.5
2023-07-02T15:45+02:00,27436.6
2023-07-02T16:00+02:00,26550.4
2023-07-02T16:15+02:00,25626.9
2023-07-02T16:30+02:00,24509.3
2023-07-02T16:45+02:00,23246.1
2023-07-02T17:00+02:00,21841.9
2023-07-02T17:15+02:00,20289.3
2023-07-02T17:30+02:00,18725.7
2023-07-02T17:45+02:00,16990.2
2023-07-02T18:00+02:00,15220.9
2023-07-02T18:15+02:00,13407.5
2023-07-02T18:30+02:00,11593.8
2023-07-02T18:45+02:00,9832
2023-07-02T19:00+02:00,8183.5
2023-07-02T19:15+02:00,6640.4
2023-07-02T19:30+02:00,5269.4
2023-07-02T19:45+02:00,4103.8
2023-07-02T20:00+02:00,3116.9
2023-07-02T20:15+02:00,2225.6
2023-07-02T20:30+02:00,1429.2
2023-07-02T20:45+02:00,776.1
2023-07-02T21:00+02:00,381.3
2023-07-02T21:15+02:00,177.3
2023-07-02T21:30+02:00,57.2
2023-07-02T21:45+02:00,13.4
2023-07-02T22:00+02:00,7
2023-07-02T22:15+02:00,0
2023-07-02T22:30+02:00,0
2023-07-02T22:45+02:00,0
2023-07-02T23:00+02:00,0
2023-07-02T23:15+02:00,0
2023-07-02T23:30+02:00,0
2023-07-02T23:45+02:00,0
2023-07-03T00:00+02:00,0
2023-07-03T00:15+02:00,0
2023-07-03T00:30+02:00,0
2023-07-03T00:45+02:00,0
2023-07-03T01:00+02:00,0
2023-07-03T01:15+02:00,0
2023-07-03T01:30+02:00,0
2023-07-03T01:45+02:00,0
2023-07-03T02:00+02:00,0
2023-07-03T02:15+02:00,0
2023-07-03T02:30+02:00,0
2023-07-03T02:45+02:00,0
2023-07-03T03:00+02:00,0
2023-07-03T03:15+02:00,0
2023-07-03T03:30+02:00,0
2023-07-03T03:45+02:00,0
2023-07-03T04:00+02:00,0
2023-07-03T04:15+02:00,0
2023-07-03T04:30+02:00,0
2023-07-03T04:45+02:00,0.6
2023-07-03T05:00+02:00,25.9
2023-07-03T05:15+02:00,141.8
2023-07-03T05:30+02:00,383.7
2023-07-03T05:45+02:00,750
2023-07-03T06:00+02:00,1310.9
2023-07-03T06:15+02:00,2055.2
2023-07-03T06:30+02:00,2946.1
2023-07-03T06:45+02:00,3975.3
2023-07-03T07:00+02:00,5137.8
2023-07-03T07:15+02:00,6459.6
2023-07-03T07:30+02:00,7936.3
2023-07-03T07:45+02:00,9518.3
2023-07-03T08:00+02:00,11142.1
2023-07-03T08:15+02:00,12837.3
2023-07-03T08:30+02:00,14619.7
2023-07-03T08:45+02:00,16299.7
2023-07-03T09:00+02:00,17858.8
2023-07-03T09:15+02:00,19255.3
2023-07-03T09:30+02:00,20448.7
2023-07-03T09:45+02:00,21492.5
2023-07-03T10:00+02:00,22417.2
2023-07-03T10:15+02:00,23273.8
2023-07-03T10:30+02:00,24065.7
2023-07-03T10:45+02:00,24674.5
2023-07-03T11:00+02:00,25225.4
2023-07-03T11:15+02:00,25668.2
2023-07-03T11:30+02:00,26039.2
2023-07-03T11:45+02:00,26347.8
2023-07-03T12:00+02:00,26625.4
2023-07-03T12:15+02:00,26832.8
2023-07-03T12:30+02:00,26985.7
2023-07-03T12:45+02:00,27074.7
2023-07-03T13:00+02:00,27080.6
2023-07-03T13:15+02:00,27015.3
2023-07-03T13:30+02:00,26843.3
2023-07-03T13:45+02:00,26585.8
2023-07-03T14:00+02:00,26290.2
2023-07-03T14:15+02:00,25965.9
2023-07-03T14:30+02:00,25585.6
2023-07-03T14:45+02:00,25173.5
2023-07-03T15:00+02:00,24681.8
2023-07-03T15:15+02:00,24122.3
2023-07-03T15:30+02:00,23447.2
2023-07-03T15:45+02:00,22674
2023-07-03T16:00+02:00,21828.5
2023-07-03T16:15+02:00,20903.4
2023-07-03T16:30+02:00,19904.3
2023-07-03T16:45+02:00,18849.2
2023-07-03T17:00+02:00,17707.1
2023-07-03T17:15+02:00,16493.5
2023-07-03T17:30+02:00,15236.4
2023-07-03T17:45+02:00,13945.6
2023-07-03T18:00+02:00,12617.5
2023-07-03T18:15+02:00,11206.3
2023-07-03T18:30+02:00,9771.6
2023-07-03T18:45+02:00,8380.5
2023-07-03T19:00+02:00,7066.1
2023-07-03T19:15+02:00,5836.5
2023-07-03T19:30+02:00,4720.2
2023-07-03T19:45+02:00,3747.2
2023-07-03T20:00+02:00,2907.2
2023-07-03T20:15+02:00,2105.3
2023-07-03T20:30+02:00,1353.2
2023-07-03T20:45+02:00,726.4
2023-07-03T21:00+02:00,356.9
2023-07-03T21:15+02:00,159.7
2023-07-03T21:30+02:00,47.1
2023-07-03T21:45+02:00,11.4
2023-07-03T22:00+02:00,8
2023-07-03T22:15+02:00,0
2023-07-03T22:30+02:00,0
2023-07-03T22:45+02:00,0
2023-07-03T23:00+02:00,0
2023-07-03T23:15+02:00,0
2023-07-03T23:30+02:00,0
2023-07-03T23:45+02:00,0
2023-07-04T00:00+02:00,0
2023-07-04T00:15+02:00,0
2023-07-04T00:30+02:00,0
2023-07-04T00:45+02:00,0
2023-07-04T01:00+02:00,0
2023-07-04T01:15+02:00,0
2023-07-04T01:30+02:00,0
2023-07-04T01:45+02:00,0
2023-07-04T02:00+02:00,0
2023-07-04T02:15+02:00,0
2023-07-04T02:30+02:00,0
2023-07-04T02:45+02:00,0
2023-07-04T03:00+02:00,0
2023-07-04T03:15+02:00,0
2023-07-04T03:30+02:00,0
2023-07-04T03:45+02:00,0
2023-07-04T04:00+02:00,0
2023-07-04T04:15+02:00,0
2023-07-04T04:30+02:00,0
2023-07-04T04:45+02:00,0.3
2023-07-04T05:00+02:00,26.8
2023-07-04T05:15+02:00,149.9
2023-07-04T05:30+02:00,400.8
2023-07-04T05:45+02:00,782.1
2023-07-04T06:00+02:00,1346.4
2023-07-04T06:15+02:00,2086.3
2023-07-04T06:30+02:00,2982.8
2023-07-04T06:45+02:00,4060.4
2023-07-04T07:00+02:00,5366.8
2023-07-04T07:15+02:00,6875
2023-07-04T07:30+02:00,8534.1
2023-07-04T07:45+02:00,10283.8
2023-07-04T08:00+02:00,12064.7
2023-07-04T08:15+02:00,13913.5
2023-07-04T08:30+02:00,15764
2023-07-04T08:45+02:00,17590.7
2023-07-04T09:00+02:00,19325.2
2023-07-04T09:15+02:00,20967.7
2023-07-04T09:30+02:00,22497.7
2023-07-04T09:45+02:00,23920.2
2023-07-04T10:00+02:00,25211.9
2023-07-04T10:15+02:00,26387.3
2023-07-04T10:30+02:00,27414.1
2023-07-04T10:45+02:00,28239.8
2023-07-04T11:00+02:00,28992.8
2023-07-04T11:15+02:00,29638.2
2023-07-04T11:30+02:00,30081.3
2023-07-04T11:45+02:00,30351.5
2023-07-04T12:00+02:00,30494.9
2023-07-04T12:15+02:00,30540.4
2023-07-04T12:30+02:00,30512.2
2023-07-04T12:45+02:00,30429.7
2023-07-04T13:00+02:00,30341.1
2023-07-04T13:15+02:00,30242.1
2023-07-04T13:30+02:00,30119
2023-07-04T13:45+02:00,29946.4
2023-07-04T14:00+02:00,29723.9
2023-07-04T14:15+02:00,29363.7
2023-07-04T14:30+02:00,28860.6
2023-07-04T14:45+02:00,28232.6
2023-07-04T15:00+02:00,27520.5
2023-07-04T15:15+02:00,26773.6
2023-07-04T15:30+02:00,25944.6
2023-07-04T15:45+02:00,25001.9
2023-07-04T16:00+02:00,23953.9
2023-07-04T16:15+02:00,22792.6
2023-07-04T16:30+02:00,21499.6
2023-07-04T16:45+02:00,20121.3
2023-07-04T17:00+02:00,18741.7
2023-07-04T17:15+02:00,17333
2023-07-04T17:30+02:00,15884
2023-07-04T17:45+02:00,14396
2023-07-04T18:00+02:00,12866.2
2023-07-04T18:15+02:00,11311.5
2023-07-04T18:30+02:00,9804.4
2023-07-04T18:45+02:00,8367.5
2023-07-04T19:00+02:00,6996.3
2023-07-04T19:15+02:00,5723.8
2023-07-04T19:30+02:00,4554.2
2023-07-04T19:45+02:00,3545.2
2023-07-04T20:00+02:00,2688.8
2023-07-04T20:15+02:00,1902.5
2023-07-04T20:30+02:00,1221
2023-07-04T20:45+02:00,665
2023-07-04T21:00+02:00,313
2023-07-04T21:15+02:00,135.6
2023-07-04T21:30+02:00,40.8
2023-07-04T21:45+02:00,12.8
2023-07-04T22:00+02:00,9.8
2023-07-04T22:15+02:00,0
2023-07-04T22:30+02:00,0
2023-07-04T22:45+02:00,0
2023-07-04T23:00+02:00,0
2023-07-04T23:15+02:00,0
2023-07-04T23:30+02:00,0
2023-07-04T23:45+02:00,0
2023-07-05T00:00+02:00,0
2023-07-05T00:15+02:00,0
2023-07-05T00:30+02:00,0
2023-07-05T00:45+02:00,0
2023-07-05T01:00+02:00,0
2023-07-05T01:15+02:00,0
2023-07-05T01:30+02:00,0
2023-07-05T01:45+02:00,0
2023-07-05T02:00+02:00,0
2023-07-05T02:15+02:00,0
2023-07-05T02:30+02:00,0
2023-07-05T02:45+02:00,0
2023-07-05T03:00+02:00,0
2023-07-05T03:15+02:00,0
2023-07-05T03:30+02:00,0
2023-07-05T03:45+02:00,0
2023-07-05T04:00+02:00,0
2023-07-05T04:15+02:00,0
2023-07-05T04:30+02:00,0
2023-07-05T04:45+02:00,0.2
2023-07-05T05:00+02:00,16.9
2023-07-05T05:15+02:00,85.5
2023-07-05T05:30+02:00,275.8
2023-07-05T05:45+02:00,592.3
2023-07-05T06:00+02:00,1020.4
2023-07-05T06:15+02:00,1574.7
2023-07-05T06:30+02:00,2235.8
2023-07-05T06:45+02:00,2987.4
2023-07-05T07:00+02:00,3822.6
2023-07-05T07:15+02:00,4758.5
2023-07-05T07:30+02:00,5794
2023-07-05T07:45+02:00,6924.9
2023-07-05T08:00+02:00,7914.1
2023-07-05T08:15+02:00,9185.2
2023-07-05T08:30+02:00,10507.6
2023-07-05T08:45+02:00,11845.5
2023-07-05T09:00+02:00,13182.1
2023-07-05T09:15+02:00,14502
2023-07-05T09:30+02:00,15766.4
2023-07-05T09:45+02:00,16978.7
2023-07-05T10:00+02:00,18197.7
2023-07-05T10:15+02:00,19432.4
2023-07-05T10:30+02:00,20629.1
2023-07-05T10:45+02:00,21761.6
2023-07-05T11:00+02:00,22874.1
2023-07-05T11:15+02:00,23940.4
2023-07-05T11:30+02:00,24960.3
2023-07-05T11:45+02:00,25908.7
2023-07-05T12:00+02:00,26760.3
2023-07-05T12:15+02:00,27520.6
2023-07-05T12:30+02:00,28128.6
2023-07-05T12:45+02:00,28598.3
2023-07-05T13:00+02:00,28997.7
2023-07-05T13:15+02:00,29301.7
2023-07-05T13:30+02:00,29506
2023-07-05T13:45+02:00,29585.4
2023-07-05T14:00+02:00,29637.6
2023-07-05T14:15+02:00,29511.6
2023-07-05T14:30+02:00,29287.4
2023-07-05T14:45+02:00,28958.1
2023-07-05T15:00+02:00,28515.1
2023-07-05T15:15+02:00,27961.3
2023-07-05T15:30+02:00,27312.9
2023-07-05T15:45+02:00,26572.6
2023-07-05T16:00+02:00,25728.1
2023-07-05T16:15+02:00,24750.4
2023-07-05T16:30+02:00,23623.1
2023-07-05T16:45+02:00,22360.3
2023-07-05T17:00+02:00,21166.7
2023-07-05T17:15+02:00,19663.1
2023-07-05T17:30+02:00,18053.2
2023-07-05T17:45+02:00,16392.5
2023-07-05T18:00+02:00,14708.3
2023-07-05T18:15+02:00,13002.2
2023-07-05T18:30+02:00,11288.8
2023-07-05T18:45+02:00,9628.9
2023-07-05T19:00+02:00,8030.1
2023-07-05T19:15+02:00,6495.1
2023-07-05T19:30+02:00,5102.7
2023-07-05T19:45+02:00,3908.5
2023-07-05T20:00+02:00,2923.7
2023-07-05T20:15+02:00,2065.5
2023-07-05T20:30+02:00,1305.2
2023-07-05T20:45+02:00,714.2
2023-07-05T21:00+02:00,354.8
2023-07-05T21:15+02:00,168.8
2023-07-05T21:30+02:00,57.9
2023-07-05T21:45+02:00,22.3
2023-07-05T22:00+02:00,10.5
2023-07-05T22:15+02:00,0
2023-07-05T22:30+02:00,0
2023-07-05T22:45+02:00,0
2023-07-05T23:00+02:00,0
2023-07-05T23:15+02:00,0
2023-07-05T23:30+02:00,0
2023-07-05T23:45+02:00,0
2023-07-06T00:00+02:00,0
2023-07-06T00:15+02:00,0
2023-07-06T00:30+02:00,0
2023-07-06T00:45+02:00,0
2023-07-06T01:00+02:00,0
2023-07-06T01:15+02:00,0
2023-07-06T01:30+02:00,0
2023-07-06T01:45+02:00,0
2023-07-06T02:00+02:00,0
2023-07-06T02:15+02:00,0
2023-07-06T02:30+02:00,0
2023-07-06T02:45+02:00,0
2023-07-06T03:00+02:00,0
2023-07-06T03:15+02:00,0
2023-07-06T03:30+02:00,0
2023-07-06T03:45+02:00,0
2023-07-06T04:00+02:00,0
2023-07-06T04:15+02:00,0
2023-07-06T04:30+02:00,0
2023-07-06T04:45+02:00,0.2
2023-07-06T05:00+02:00,24
2023-07-06T05:15+02:00,132.7
2023-07-06T05:30+02:00,394.6
2023-07-06T05:45+02:00,815.5
2023-07-06T06:00+02:00,1404.4
2023-07-06T06:15+02:00,2157.4
2023-07-06T06:30+02:00,3071
2023-07-06T06:45+02:00,4199.3
2023-07-06T07:00+02:00,5596
2023-07-06T07:15+02:00,7255
2023-07-06T07:30+02:00,9078.9
2023-07-06T07:45+02:00,11022
2023-07-06T08:00+02:00,13021.1
2023-07-06T08:15+02:00,15116.8
2023-07-06T08:30+02:00,17245.3
2023-07-06T08:45+02:00,19344.5
2023-07-06T09:00+02:00,21345.5
2023-07-06T09:15+02:00,23251.9
2023-07-06T09:30+02:00,25019.3
2023-07-06T09:45+02:00,26605.8
2023-07-06T10:00+02:00,28029.4
2023-07-06T10:15+02:00,29300.8
2023-07-06T10:30+02:00,30392.7
2023-07-06T10:45+02:00,31303.7
2023-07-06T11:00+02:00,31979.5
2023-07-06T11:15+02:00,32590.7
2023-07-06T11:30+02:00,33109.6
2023-07-06T11:45+02:00,33543.6
2023-07-06T12:00+02:00,33877
2023-07-06T12:15+02:00,34109.1
2023-07-06T12:30+02:00,34246.7
2023-07-06T12:45+02:00,34310.5
2023-07-06T13:00+02:00,34280.4
2023-07-06T13:15+02:00,34121.6
2023-07-06T13:30+02:00,33894.6
2023-07-06T13:45+02:00,33621.9
2023-07-06T14:00+02:00,33326.1
2023-07-06T14:15+02:00,32901.3
2023-07-06T14:30+02:00,32417.7
2023-07-06T14:45+02:00,31869.6
2023-07-06T15:00+02:00,31208.9
2023-07-06T15:15+02:00,30442
2023-07-06T15:30+02:00,29573.5
2023-07-06T15:45+02:00,28603.8
2023-07-06T16:00+02:00,27526.6
2023-07-06T16:15+02:00,26327.5
2023-07-06T16:30+02:00,25029.5
2023-07-06T16:45+02:00,23641.3
2023-07-06T17:00+02:00,22182
2023-07-06T17:15+02:00,20596.9
2023-07-06T17:30+02:00,18945.8
2023-07-06T17:45+02:00,17231.4
2023-07-06T18:00+02:00,15440.3
2023-07-06T18:15+02:00,13574.6
2023-07-06T18:30+02:00,11707.2
2023-07-06T18:45+02:00,9880.9
2023-07-06T19:00+02:00,8138.3
2023-07-06T19:15+02:00,6505.6
2023-07-06T19:30+02:00,5059.9
2023-07-06T19:45+02:00,3868.3
2023-07-06T20:00+02:00,2938.4
2023-07-06T20:15+02:00,2128
2023-07-06T20:30+02:00,1406.4
2023-07-06T20:45+02:00,798
2023-07-06T21:00+02:00,402.5
2023-07-06T21:15+02:00,190.9
2023-07-06T21:30+02:00,59.9
2023-07-06T21:45+02:00,17.6
2023-07-06T22:00+02:00,12.5
2023-07-06T22:15+02:00,0
2023-07-06T22:30+02:00,0
2023-07-06T22:45+02:00,0
2023-07-06T23:00+02:00,0
2023-07-06T23:15+02:00,0
2023-07-06T23:30+02:00,0
2023-07-06T23:45+02:00,0
2023-07-07T00:00+02:00,0
2023-07-07T00:15+02:00,0
2023-07-07T00:30+02:00,0
2023-07-07T00:45+02:00,0
2023-07-07T01:00+02:00,0
2023-07-07T01:15+02:00,0
2023-07-07T01:30+02:00,0
2023-07-07T01:45+02:00,0
2023-07-07T02:00+02:00,0
2023-07-07T02:15+02:00,0
2023-07-07T02:30+02:00,0
2023-07-07T02:45+02:00,0
2023-07-07T03:00+02:00,0
2023-07-07T03:15+02:00,0
2023-07-07T03:30+02:00,0
2023-07-07T03:45+02:00,0
2023-07-07T04:00+02:00,0
2023-07-07T04:15+02:00,0
2023-07-07T04:30+02:00,0
2023-07-07T04:45+02:00,0.1
2023-07-07T05:00+02:00,27.6
2023-07-07T05:15+02:00,124.7
2023-07-07T05:30+02:00,384.6
2023-07-07T05:45+02:00,812.8
2023-07-07T06:00+02:00,1431.9
2023-07-07T06:15+02:00,2288.3
2023-07-07T06:30+02:00,3329.6
2023-07-07T06:45+02:00,4595.3
2023-07-07T07:00+02:00,6059.8
2023-07-07T07:15+02:00,7761.7
2023-07-07T07:30+02:00,9742.6
2023-07-07T07:45+02:00,11867
2023-07-07T08:00+02:00,14107.8
2023-07-07T08:15+02:00,16460.9
2023-07-07T08:30+02:00,18851.2
2023-07-07T08:45+02:00,21204.1
2023-07-07T09:00+02:00,23471.1
2023-07-07T09:15+02:00,25669.1
2023-07-07T09:30+02:00,27748.6
2023-07-07T09:45+02:00,29706.8
2023-07-07T10:00+02:00,31470.7
2023-07-07T10:15+02:00,33023.6
2023-07-07T10:30+02:00,34394.5
2023-07-07T10:45+02:00,35573
2023-07-07T11:00+02:00,36582.7
2023-07-07T11:15+02:00,37438.3
2023-07-07T11:30+02:00,38169.2
2023-07-07T11:45+02:00,38772
2023-07-07T12:00+02:00,39254.9
2023-07-07T12:15+02:00,39602.1
2023-07-07T12:30+02:00,39844.3
2023-07-07T12:45+02:00,39997.4
2023-07-07T13:00+02:00,40038.8
2023-07-07T13:15+02:00,39979.2
2023-07-07T13:30+02:00,39848.6
2023-07-07T13:45+02:00,39640.8
2023-07-07T14:00+02:00,39300.7
2023-07-07T14:15+02:00,38850.7
2023-07-07T14:30+02:00,38299.2
2023-07-07T14:45+02:00,37650.3
2023-07-07T15:00+02:00,36883.1
2023-07-07T15:15+02:00,36011.6
2023-07-07T15:30+02:00,35041.7
2023-07-07T15:45+02:00,33956.4
2023-07-07T16:00+02:00,32732.7
2023-07-07T16:15+02:00,31344.4
2023-07-07T16:30+02:00,29826.1
2023-07-07T16:45+02:00,28158.2
2023-07-07T17:00+02:00,26351.6
2023-07-07T17:15+02:00,24358.9
2023-07-07T17:30+02:00,22215.9
2023-07-07T17:45+02:00,19970.9
2023-07-07T18:00+02:00,17668.1
2023-07-07T18:15+02:00,15327.8
2023-07-07T18:30+02:00,13077.9
2023-07-07T18:45+02:00,10949.3
2023-07-07T19:00+02:00,9003.1
2023-07-07T19:15+02:00,7159.7
2023-07-07T19:30+02:00,5509.8
2023-07-07T19:45+02:00,4115.4
2023-07-07T20:00+02:00,3040.8
2023-07-07T20:15+02:00,2133.6
2023-07-07T20:30+02:00,1368.7
2023-07-07T20:45+02:00,744.8
2023-07-07T21:00+02:00,372.8
2023-07-07T21:15+02:00,184.1
2023-07-07T21:30+02:00,79.7
2023-07-07T21:45+02:00,43.5
2023-07-07T22:00+02:00,19.3
2023-07-07T22:15+02:00,0
2023-07-07T22:30+02:00,0
2023-07-07T22:45+02:00,0
2023-07-07T23:00+02:00,0
2023-07-07T23:15+02:00,0
2023-07-07T23:30+02:00,0
2023-07-07T23:45+02:00,0
2023-07-08T00:00+02:00,0
2023-07-08T00:15+02:00,0
2023-07-08T00:30+02:00,0
2023-07-08T00:45+02:00,0
2023-07-08T01:00+02:00,0
2023-07-08T01:15+02:00,0
2023-07-08T01:30+02:00,0
2023-07-08T01:45+02:00,0
2023-07-08T02:00+02:00,0
2023-07-08T02:15+02:00,0
2023-07-08T02:30+02:00,0
2023-07-08T02:45+02:00,0
2023-07-08T03:00+02:00,0
2023-07-08T03:15+02:00,0
2023-07-08T03:30+02:00,0
2023-07-08T03:45+02:00,0
2023-07-08T04:00+02:00,0
2023-07-08T04:15+02:00,0
2023-07-08T04:30+02:00,0
2023-07-08T04:45+02:00,0
2023-07-08T05:00+02:00,32.6
2023-07-08T05:15+02:00,111.3
2023-07-08T05:30+02:00,327.5
2023-07-08T05:45+02:00,743.4
2023-07-08T06:00+02:00,1366.5
2023-07-08T06:15+02:00,2175.3
2023-07-08T06:30+02:00,3171.7
2023-07-08T06:45+02:00,4373.5
2023-07-08T07:00+02:00,5747.2
2023-07-08T07:15+02:00,7255.4
2023-07-08T07:30+02:00,8969.5
2023-07-08T07:45+02:00,10834.6
2023-07-08T08:00+02:00,12851.7
2023-07-08T08:15+02:00,14994.2
2023-07-08T08:30+02:00,17219.2
2023-07-08T08:45+02:00,19422.3
2023-07-08T09:00+02:00,21546.9
2023-07-08T09:15+02:00,23600.8
2023-07-08T09:30+02:00,25584.2
2023-07-08T09:45+02:00,27471
2023-07-08T10:00+02:00,29225.8
2023-07-08T10:15+02:00,30863.1
2023-07-08T10:30+02:00,32368.3
2023-07-08T10:45+02:00,33733.8
2023-07-08T11:00+02:00,34947.9
2023-07-08T11:15+02:00,36019.1
2023-07-08T11:30+02:00,36974.3
2023-07-08T11:45+02:00,37797.8
2023-07-08T12:00+02:00,38474.6
2023-07-08T12:15+02:00,39028
2023-07-08T12:30+02:00,39420.8
2023-07-08T12:45+02:00,39661.7
2023-07-08T13:00+02:00,39764.9
2023-07-08T13:15+02:00,39739.7
2023-07-08T13:30+02:00,39587
2023-07-08T13:45+02:00,39298.3
2023-07-08T14:00+02:00,38866.8
2023-07-08T14:15+02:00,38310.2
2023-07-08T14:30+02:00,37624.4
2023-07-08T14:45+02:00,36811.3
2023-07-08T15:00+02:00,35879.1
2023-07-08T15:15+02:00,34832.6
2023-07-08T15:30+02:00,33677
2023-07-08T15:45+02:00,32411.9
2023-07-08T16:00+02:00,31037.9
2023-07-08T16:15+02:00,29551.5
2023-07-08T16:30+02:00,27971.6
2023-07-08T16:45+02:00,26288.2
2023-07-08T17:00+02:00,24492.2
2023-07-08T17:15+02:00,22579.9
2023-07-08T17:30+02:00,20553.7
2023-07-08T17:45+02:00,18468.9
2023-07-08T18:00+02:00,16369.8
2023-07-08T18:15+02:00,14305.1
2023-07-08T18:30+02:00,12339
2023-07-08T18:45+02:00,10457.4
2023-07-08T19:00+02:00,8681.1
2023-07-08T19:15+02:00,7048
2023-07-08T19:30+02:00,5543.6
2023-07-08T19:45+02:00,4236.8
2023-07-08T20:00+02:00,3126.8
2023-07-08T20:15+02:00,2160.4
2023-07-08T20:30+02:00,1329.5
2023-07-08T20:45+02:00,677.7
2023-07-08T21:00+02:00,299
2023-07-08T21:15+02:00,130.8
2023-07-08T21:30+02:00,52.3
2023-07-08T21:45+02:00,26
2023-07-08T22:00+02:00,16.8
2023-07-08T22:15+02:00,0
2023-07-08T22:30+02:00,0
2023-07-08T22:45+02:00,0
2023-07-08T23:00+02:00,0
2023-07-08T23:15+02:00,0
2023-07-08T23:30+02:00,0
2023-07-08T23:45+02:00,0
2023-07-09T00:00+02:00,0
2023-07-09T00:15+02:00,0
2023-07-09T00:30+02:00,0
2023-07-09T00:45+02:00,0
2023-07-09T01:00+02:00,0
2023-07-09T01:15+02:00,0
2023-07-09T01:30+02:00,0
2023-07-09T01:45+02:00,0
2023-07-09T02:00+02:00,0
2023-07-09T02:15+02:00,0
2023-07-09T02:30+02:00,0
2023-07-09T02:45+02:00,0
2023-07-09T03:00+02:00,0
2023-07-09T03:15+02:00,0
2023-07-09T03:30+02:00,0
2023-07-09T03:45+02:00,0
2023-07-09T04:00+02:00,0
2023-07-09T04:15+02:00,0
2023-07-09T04:30+02:00,0
2023-07-09T04:45+02:00,0
2023-07-09T05:00+02:00,25.5
2023-07-09T05:15+02:00,106.8
2023-07-09T05:30+02:00,339.3
2023-07-09T05:45+02:00,751.6
2023-07-09T06:00+02:00,1347.1
2023-07-09T06:15+02:00,2117
2023-07-09T06:30+02:00,3072.8
2023-07-09T06:45+02:00,4260.2
2023-07-09T07:00+02:00,5717.3
2023-07-09T07:15+02:00,7456.8
2023-07-09T07:30+02:00,9371
2023-07-09T07:45+02:00,11350.8
2023-07-09T08:00+02:00,13521.8
2023-07-09T08:15+02:00,15823.3
2023-07-09T08:30+02:00,18151.7
2023-07-09T08:45+02:00,20442.7
2023-07-09T09:00+02:00,22654.2
2023-07-09T09:15+02:00,24810.2
2023-07-09T09:30+02:00,26840.6
2023-07-09T09:45+02:00,28732.7
2023-07-09T10:00+02:00,30452.5
2023-07-09T10:15+02:00,32024.8
2023-07-09T10:30+02:00,33437.3
2023-07-09T10:45+02:00,34664.3
2023-07-09T11:00+02:00,35776.8
2023-07-09T11:15+02:00,36751.6
2023-07-09T11:30+02:00,37566.2
2023-07-09T11:45+02:00,38197
2023-07-09T12:00+02:00,38683.5
2023-07-09T12:15+02:00,38998.6
2023-07-09T12:30+02:00,39143.6
2023-07-09T12:45+02:00,39141
2023-07-09T13:00+02:00,39000.2
2023-07-09T13:15+02:00,38688.9
2023-07-09T13:30+02:00,38307.5
2023-07-09T13:45+02:00,37807.2
2023-07-09T14:00+02:00,37242.3
2023-07-09T14:15+02:00,36492.3
2023-07-09T14:30+02:00,35688.7
2023-07-09T14:45+02:00,34781.7
2023-07-09T15:00+02:00,33717.6
2023-07-09T15:15+02:00,32579.6
2023-07-09T15:30+02:00,31327.3
2023-07-09T15:45+02:00,30041.5
2023-07-09T16:00+02:00,28645
2023-07-09T16:15+02:00,27165.9
2023-07-09T16:30+02:00,25621.7
2023-07-09T16:45+02:00,23946.7
2023-07-09T17:00+02:00,22195
2023-07-09T17:15+02:00,20342.3
2023-07-09T17:30+02:00,18402
2023-07-09T17:45+02:00,16433.7
2023-07-09T18:00+02:00,14472.2
2023-07-09T18:15+02:00,12538
2023-07-09T18:30+02:00,10697
2023-07-09T18:45+02:00,8966.8
2023-07-09T19:00+02:00,7374.3
2023-07-09T19:15+02:00,5943.5
2023-07-09T19:30+02:00,4702.2
2023-07-09T19:45+02:00,3665.1
2023-07-09T20:00+02:00,2784.1
2023-07-09T20:15+02:00,1959.8
2023-07-09T20:30+02:00,1224.2
2023-07-09T20:45+02:00,641.5
2023-07-09T21:00+02:00,293
2023-07-09T21:15+02:00,128.8
2023-07-09T21:30+02:00,47.8
2023-07-09T21:45+02:00,24.1
2023-07-09T22:00+02:00,16.4
2023-07-09T22:15+02:00,0
2023-07-09T22:30+02:00,0
2023-07-09T22:45+02:00,0
2023-07-09T23:00+02:00,0
2023-07-09T23:15+02:00,0
2023-07-09T23:30+02:00,0
2023-07-09T23:45+02:00,0
2023-07-10T00:00+02:00,0
2023-07-10T00:15+02:00,0
2023-07-10T00:30+02:00,0
2023-07-10T00:45+02:00,0
2023-07-10T01:00+02:00,0
2023-07-10T01:15+02:00,0
2023-07-10T01:30+02:00,0
2023-07-10T01:45+02:00,0
2023-07-10T02:00+02:00,0
2023-07-10T02:15+02:00,0
2023-07-10T02:30+02:00,0
2023-07-10T02:45+02:00,0
2023-07-10T03:00+02:00,0
2023-07-10T03:15+02:00,0
2023-07-10T03:30+02:00,0
2023-07-10T03:45+02:00,0
2023-07-10T04:00+02:00,0
2023-07-10T04:15+02:00,0
2023-07-10T04:30+02:00,0
2023-07-10T04:45+02:00,0
2023-07-10T05:00+02:00,11.4
2023-07-10T05:15+02:00,50.6
2023-07-10T05:30+02:00,188.7
2023-07-10T05:45+02:00,475
2023-07-10T06:00+02:00,926.6
2023-07-10T06:15+02:00,1520.7
2023-07-10T06:30+02:00,2249
2023-07-10T06:45+02:00,3093.6
2023-07-10T07:00+02:00,4030.5
2023-07-10T07:15+02:00,5060.2
2023-07-10T07:30+02:00,6190.2
2023-07-10T07:45+02:00,7419
2023-07-10T08:00+02:00,8722.9
2023-07-10T08:15+02:00,10207
2023-07-10T08:30+02:00,11772
2023-07-10T08:45+02:00,13337.7
2023-07-10T09:00+02:00,14857.8
2023-07-10T09:15+02:00,16366.7
2023-07-10T09:30+02:00,17842.9
2023-07-10T09:45+02:00,19289.6
2023-07-10T10:00+02:00,20690.3
2023-07-10T10:15+02:00,22054.4
2023-07-10T10:30+02:00,23346.6
2023-07-10T10:45+02:00,24563.5
2023-07-10T11:00+02:00,25768.4
2023-07-10T11:15+02:00,26882.2
2023-07-10T11:30+02:00,27885.9
2023-07-10T11:45+02:00,28742
2023-07-10T12:00+02:00,29464.1
2023-07-10T12:15+02:00,30053.2
2023-07-10T12:30+02:00,30506.7
2023-07-10T12:45+02:00,30850.1
2023-07-10T13:00+02:00,31148.3
2023-07-10T13:15+02:00,31373.2
2023-07-10T13:30+02:00,31524.1
2023-07-10T13:45+02:00,31569.7
2023-07-10T14:00+02:00,31488.1
2023-07-10T14:15+02:00,31244.8
2023-07-10T14:30+02:00,30900.4
2023-07-10T14:45+02:00,30472.3
2023-07-10T15:00+02:00,29952.3
2023-07-10T15:15+02:00,29326.9
2023-07-10T15:30+02:00,28577.9
2023-07-10T15:45+02:00,27703.6
2023-07-10T16:00+02:00,26715.9
2023-07-10T16:15+02:00,25599.5
2023-07-10T16:30+02:00,24371.4
2023-07-10T16:45+02:00,23036.7
2023-07-10T17:00+02:00,21622.4
2023-07-10T17:15+02:00,20042.4
2023-07-10T17:30+02:00,18384.4
2023-07-10T17:45+02:00,16654.8
2023-07-10T18:00+02:00,14862.6
2023-07-10T18:15+02:00,13020.4
2023-07-10T18:30+02:00,11179.7
2023-07-10T18:45+02:00,9391.1
2023-07-10T19:00+02:00,7690.7
2023-07-10T19:15+02:00,6110.9
2023-07-10T19:30+02:00,4724.3
2023-07-10T19:45+02:00,3577.2
2023-07-10T20:00+02:00,2679.3
2023-07-10T20:15+02:00,1892.1
2023-07-10T20:30+02:00,1202
2023-07-10T20:45+02:00,638
2023-07-10T21:00+02:00,304.7
2023-07-10T21:15+02:00,142.5
2023-07-10T21:30+02:00,46.1
2023-07-10T21:45+02:00,15.6
2023-07-10T22:00+02:00,15.1
2023-07-10T22:15+02:00,0
2023-07-10T22:30+02:00,0
2023-07-10T22:45+02:00,0
2023-07-10T23:00+02:00,0
2023-07-10T23:15+02:00,0
2023-07-10T23:30+02:00,0
2023-07-10T23:45+02:00,0
2023-07-11T00:00+02:00,0
2023-07-11T00:15+02:00,0
2023-07-11T00:30+02:00,0
2023-07-11T00:45+02:00,0
2023-07-11T01:00+02:00,0
2023-07-11T01:15+02:00,0
2023-07-11T01:30+02:00,0
2023-07-11T01:45+02:00,0
2023-07-11T02:00+02:00,0
2023-07-11T02:15+02:00,0
2023-07-11T02:30+02:00,0
2023-07-11T02:45+02:00,0
2023-07-11T03:00+02:00,0
2023-07-11T03:15+02:00,0
2023-07-11T03:30+02:00,0
2023-07-11T03:45+02:00,0
2023-07-11T04:00+02:00,0
2023-07-11T04:15+02:00,0
2023-07-11T04:30+02:00,0
2023-07-11T04:45+02:00,0
2023-07-11T05:00+02:00,18.9
2023-07-11T05:15+02:00,78.5
2023-07-11T05:30+02:00,263.9
2023-07-11T05:45+02:00,616.8
2023-07-11T06:00+02:00,1148.6
2023-07-11T06:15+02:00,1849.5
2023-07-11T06:30+02:00,2723.2
2023-07-11T06:45+02:00,3827.5
2023-07-11T07:00+02:00,5208.4
2023-07-11T07:15+02:00,6874.6
2023-07-11T07:30+02:00,8718.4
2023-07-11T07:45+02:00,10695.9
2023-07-11T08:00+02:00,12757.8
2023-07-11T08:15+02:00,14901.2
2023-07-11T08:30+02:00,17071.5
2023-07-11T08:45+02:00,19208.5
2023-07-11T09:00+02:00,21300.6
2023-07-11T09:15+02:00,23347.7
2023-07-11T09:30+02:00,25309.2
2023-07-11T09:45+02:00,27136.2
2023-07-11T10:00+02:00,28783.3
2023-07-11T10:15+02:00,30264.2
2023-07-11T10:30+02:00,31602.5
2023-07-11T10:45+02:00,32794.9
2023-07-11T11:00+02:00,33850.1
2023-07-11T11:15+02:00,34763.6
2023-07-11T11:30+02:00,35529.3
2023-07-11T11:45+02:00,36147
2023-07-11T12:00+02:00,36632.1
2023-07-11T12:15+02:00,36995
2023-07-11T12:30+02:00,37235.9
2023-07-11T12:45+02:00,37346.8
2023-07-11T13:00+02:00,37330.7
2023-07-11T13:15+02:00,37175.7
2023-07-11T13:30+02:00,36948.1
2023-07-11T13:45+02:00,36617.9
2023-07-11T14:00+02:00,36163.9
2023-07-11T14:15+02:00,35612.8
2023-07-11T14:30+02:00,34991.4
2023-07-11T14:45+02:00,34283.7
2023-07-11T15:00+02:00,33431.3
2023-07-11T15:15+02:00,32441.1
2023-07-11T15:30+02:00,31345.5
2023-07-11T15:45+02:00,30152.9
2023-07-11T16:00+02:00,28853.5
2023-07-11T16:15+02:00,27443.3
2023-07-11T16:30+02:00,25906.1
2023-07-11T16:45+02:00,24242.1
2023-07-11T17:00+02:00,22454.3
2023-07-11T17:15+02:00,20549
2023-07-11T17:30+02:00,18539.7
2023-07-11T17:45+02:00,16481.6
2023-07-11T18:00+02:00,14460.7
2023-07-11T18:15+02:00,12470.7
2023-07-11T18:30+02:00,10548.1
2023-07-11T18:45+02:00,8750.9
2023-07-11T19:00+02:00,7108.2
2023-07-11T19:15+02:00,5645.6
2023-07-11T19:30+02:00,4400.8
2023-07-11T19:45+02:00,3383.8
2023-07-11T20:00+02:00,2534.7
2023-07-11T20:15+02:00,1792.3
2023-07-11T20:30+02:00,1139.1
2023-07-11T20:45+02:00,599.1
2023-07-11T21:00+02:00,277.6
2023-07-11T21:15+02:00,126.9
2023-07-11T21:30+02:00,47.2
2023-07-11T21:45+02:00,21.8
2023-07-11T22:00+02:00,14.1
2023-07-11T22:15+02:00,0
2023-07-11T22:30+02:00,0
2023-07-11T22:45+02:00,0
2023-07-11T23:00+02:00,0
2023-07-11T23:15+02:00,0
2023-07-11T23:30+02:00,0
2023-07-11T23:45+02:00,0
2023-07-12T00:00+02:00,0
2023-07-12T00:15+02:00,0
2023-07-12T00:30+02:00,0
2023-07-12T00:45+02:00,0
2023-07-12T01:00+02:00,0
2023-07-12T01:15+02:00,0
2023-07-12T01:30+02:00,0
2023-07-12T01:45+02:00,0
2023-07-12T02:00+02:00,0
2023-07-12T02:15+02:00,0
2023-07-12T02:30+02:00,0
2023-07-12T02:45+02:00,0
2023-07-12T03:00+02:00,0
2023-07-12T03:15+02:00,0
2023-07-12T03:30+02:00,0
2023-07-12T03:45+02:00,0
2023-07-12T04:00+02:00,0
2023-07-12T04:15+02:00,0
2023-07-12T04:30+02:00,0
2023-07-12T04:45+02:00,0
2023-07-12T05:00+02:00,9.6
2023-07-12T05:15+02:00,31
2023-07-12T05:30+02:00,129.2
2023-07-12T05:45+02:00,372.8
2023-07-12T06:00+02:00,782.8
2023-07-12T06:15+02:00,1323.9
2023-07-12T06:30+02:00,1980.2
2023-07-12T06:45+02:00,2769.5
2023-07-12T07:00+02:00,3687.4
2023-07-12T07:15+02:00,4765.8
2023-07-12T07:30+02:00,5965.8
2023-07-12T07:45+02:00,7256.5
2023-07-12T08:00+02:00,8639.1
2023-07-12T08:15+02:00,10115.9
2023-07-12T08:30+02:00,11673.6
2023-07-12T08:45+02:00,13231.4
2023-07-12T09:00+02:00,14781.9
2023-07-12T09:15+02:00,16355.8
2023-07-12T09:30+02:00,17902
2023-07-12T09:45+02:00,19386.8
2023-07-12T10:00+02:00,20808
2023-07-12T10:15+02:00,22163.2
2023-07-12T10:30+02:00,23436.6
2023-07-12T10:45+02:00,24625.7
2023-07-12T11:00+02:00,25727.6
2023-07-12T11:15+02:00,26764.2
2023-07-12T11:30+02:00,27685.2
2023-07-12T11:45+02:00,28504.6
2023-07-12T12:00+02:00,29204.1
2023-07-12T12:15+02:00,29779.8
2023-07-12T12:30+02:00,30196.9
2023-07-12T12:45+02:00,30492.1
2023-07-12T13:00+02:00,30687.2
2023-07-12T13:15+02:00,30772.9
2023-07-12T13:30+02:00,30751
2023-07-12T13:45+02:00,30617.9
2023-07-12T14:00+02:00,30337.7
2023-07-12T14:15+02:00,29978.8
2023-07-12T14:30+02:00,29544.7
2023-07-12T14:45+02:00,29023.1
2023-07-12T15:00+02:00,28403.2
2023-07-12T15:15+02:00,27676.5
2023-07-12T15:30+02:00,26833.9
2023-07-12T15:45+02:00,25875.3
2023-07-12T16:00+02:00,24820.7
2023-07-12T16:15+02:00,23662.7
2023-07-12T16:30+02:00,22391.8
2023-07-12T16:45+02:00,21016.5
2023-07-12T17:00+02:00,19513.3
2023-07-12T17:15+02:00,17937.1
2023-07-12T17:30+02:00,16298.6
2023-07-12T17:45+02:00,14636.7
2023-07-12T18:00+02:00,12993
2023-07-12T18:15+02:00,11344.7
2023-07-12T18:30+02:00,9736.3
2023-07-12T18:45+02:00,8212.1
2023-07-12T19:00+02:00,6796.6
2023-07-12T19:15+02:00,5481.1
2023-07-12T19:30+02:00,4293.5
2023-07-12T19:45+02:00,3263.9
2023-07-12T20:00+02:00,2414.6
2023-07-12T20:15+02:00,1685.9
2023-07-12T20:30+02:00,1051.3
2023-07-12T20:45+02:00,541
2023-07-12T21:00+02:00,247.5
2023-07-12T21:15+02:00,107.5
2023-07-12T21:30+02:00,28
2023-07-12T21:45+02:00,6.2
2023-07-12T22:00+02:00,0
2023-07-12T22:15+02:00,0
2023-07-12T22:30+02:00,0
2023-07-12T22:45+02:00,0
2023-07-12T23:00+02:00,0
2023-07-12T23:15+02:00,0
2023-07-12T23:30+02:00,0
2023-07-12T23:45+02:00,0
2023-07-13T00:00+02:00,0
2023-07-13T00:15+02:00,0
2023-07-13T00:30+02:00,0
2023-07-13T00:45+02:00,0
2023-07-13T01:00+02:00,0
2023-07-13T01:15+02:00,0
2023-07-13T01:30+02:00,0
2023-07-13T01:45+02:00,0
2023-07-13T02:00+02:00,0
2023-07-13T02:15+02:00,0
2023-07-13T02:30+02:00,0
2023-07-13T02:45+02:00,0
2023-07-13T03:00+02:00,0
2023-07-13T03:15+02:00,0
2023-07-13T03:30+02:00,0
2023-07-13T03:45+02:00,0
2023-07-13T04:00+02:00,0
2023-07-13T04:15+02:00,0
2023-07-13T04:30+02:00,0
2023-07-13T04:45+02:00,0
2023-07-13T05:00+02:00,15.6
2023-07-13T05:15+02:00,56.1
2023-07-13T05:30+02:00,191.2
2023-07-13T05:45+02:00,489.8
2023-07-13T06:00+02:00,954.5
2023-07-13T06:15+02:00,1552.6
2023-07-13T06:30+02:00,2289.7
2023-07-13T06:45+02:00,3197.5
2023-07-13T07:00+02:00,4286.9
2023-07-13T07:15+02:00,5571.4
2023-07-13T07:30+02:00,6978.4
2023-07-13T07:45+02:00,8484.1
2023-07-13T08:00+02:00,10021.2
2023-07-13T08:15+02:00,11669.1
2023-07-13T08:30+02:00,13357.8
2023-07-13T08:45+02:00,15033.3
2023-07-13T09:00+02:00,16642.9
2023-07-13T09:15+02:00,18213.9
2023-07-13T09:30+02:00,19716.7
2023-07-13T09:45+02:00,21123.6
2023-07-13T10:00+02:00,22434.6
2023-07-13T10:15+02:00,23638
2023-07-13T10:30+02:00,24709.2
2023-07-13T10:45+02:00,25641.6
2023-07-13T11:00+02:00,26475.3
2023-07-13T11:15+02:00,27201
2023-07-13T11:30+02:00,27797.5
2023-07-13T11:45+02:00,28247.3
2023-07-13T12:00+02:00,28584.7
2023-07-13T12:15+02:00,28846
2023-07-13T12:30+02:00,29071.5
2023-07-13T12:45+02:00,29277.7
2023-07-13T13:00+02:00,29406.2
2023-07-13T13:15+02:00,29439.8
2023-07-13T13:30+02:00,29362.1
2023-07-13T13:45+02:00,29187.5
2023-07-13T14:00+02:00,28934
2023-07-13T14:15+02:00,28603.5
2023-07-13T14:30+02:00,28182.5
2023-07-13T14:45+02:00,27680.4
2023-07-13T15:00+02:00,27130
2023-07-13T15:15+02:00,26515.9
2023-07-13T15:30+02:00,25789.8
2023-07-13T15:45+02:00,24964.2
2023-07-13T16:00+02:00,24057.2
2023-07-13T16:15+02:00,23041.8
2023-07-13T16:30+02:00,21939.7
2023-07-13T16:45+02:00,20750.2
2023-07-13T17:00+02:00,19491.4
2023-07-13T17:15+02:00,18137.7
2023-07-13T17:30+02:00,16706.3
2023-07-13T17:45+02:00,15204.7
2023-07-13T18:00+02:00,13638.1
2023-07-13T18:15+02:00,12009
2023-07-13T18:30+02:00,10360.8
2023-07-13T18:45+02:00,8771.6
2023-07-13T19:00+02:00,7240.8
2023-07-13T19:15+02:00,5812.5
2023-07-13T19:30+02:00,4542.7
2023-07-13T19:45+02:00,3482.5
2023-07-13T20:00+02:00,2616.2
2023-07-13T20:15+02:00,1856.5
2023-07-13T20:30+02:00,1179.2
2023-07-13T20:45+02:00,622.8
2023-07-13T21:00+02:00,280.1
2023-07-13T21:15+02:00,113.8
2023-07-13T21:30+02:00,34.3
2023-07-13T21:45+02:00,15
2023-07-13T22:00+02:00,0
2023-07-13T22:15+02:00,0
2023-07-13T22:30+02:00,0
2023-07-13T22:45+02:00,0
2023-07-13T23:00+02:00,0
2023-07-13T23:15+02:00,0
2023-07-13T23:30+02:00,0
2023-07-13T23:45+02:00,0
2023-07-14T00:00+02:00,0
2023-07-14T00:15+02:00,0
2023-07-14T00:30+02:00,0
2023-07-14T00:45+02:00,0
2023-07-14T01:00+02:00,0
2023-07-14T01:15+02:00,0
2023-07-14T01:30+02:00,0
2023-07-14T01:45+02:00,0
2023-07-14T02:00+02:00,0
2023-07-14T02:15+02:00,0
2023-07-14T02:30+02:00,0
2023-07-14T02:45+02:00,0
2023-07-14T03:00+02:00,0
2023-07-14T03:15+02:00,0
2023-07-14T03:30+02:00,0
2023-07-14T03:45+02:00,0
2023-07-14T04:00+02:00,0
2023-07-14T04:15+02:00,0
2023-07-14T04:30+02:00,0
2023-07-14T04:45+02:00,0
2023-07-14T05:00+02:00,20.8
2023-07-14T05:15+02:00,63.5
2023-07-14T05:30+02:00,220.4
2023-07-14T05:45+02:00,581.3
2023-07-14T06:00+02:00,1126.1
2023-07-14T06:15+02:00,1820.8
2023-07-14T06:30+02:00,2729.5
2023-07-14T06:45+02:00,3839.3
2023-07-14T07:00+02:00,5164.2
2023-07-14T07:15+02:00,6731.6
2023-07-14T07:30+02:00,8442.1
2023-07-14T07:45+02:00,10274.6
2023-07-14T08:00+02:00,12177
2023-07-14T08:15+02:00,14172.2
2023-07-14T08:30+02:00,16221.4
2023-07-14T08:45+02:00,18218
2023-07-14T09:00+02:00,20113.8
2023-07-14T09:15+02:00,21931.3
2023-07-14T09:30+02:00,23635.7
2023-07-14T09:45+02:00,25189.1
2023-07-14T10:00+02:00,26569.1
2023-07-14T10:15+02:00,27798.8
2023-07-14T10:30+02:00,28858.6
2023-07-14T10:45+02:00,29740.2
2023-07-14T11:00+02:00,30461.2
2023-07-14T11:15+02:00,31031.6
2023-07-14T11:30+02:00,31431
2023-07-14T11:45+02:00,31666.9
2023-07-14T12:00+02:00,31778.4
2023-07-14T12:15+02:00,31774.1
2023-07-14T12:30+02:00,31695.6
2023-07-14T12:45+02:00,31571.5
2023-07-14T13:00+02:00,31431.8
2023-07-14T13:15+02:00,31205
2023-07-14T13:30+02:00,30895.5
2023-07-14T13:45+02:00,30481.2
2023-07-14T14:00+02:00,30010.2
2023-07-14T14:15+02:00,29434.9
2023-07-14T14:30+02:00,28787.9
2023-07-14T14:45+02:00,28069.5
2023-07-14T15:00+02:00,27319
2023-07-14T15:15+02:00,26515.1
2023-07-14T15:30+02:00,25644
2023-07-14T15:45+02:00,24708.3
2023-07-14T16:00+02:00,23706.5
2023-07-14T16:15+02:00,22608.4
2023-07-14T16:30+02:00,21420.5
2023-07-14T16:45+02:00,20168.6
2023-07-14T17:00+02:00,18892
2023-07-14T17:15+02:00,17551.7
2023-07-14T17:30+02:00,16170.1
2023-07-14T17:45+02:00,14748.5
2023-07-14T18:00+02:00,13261.1
2023-07-14T18:15+02:00,11685.4
2023-07-14T18:30+02:00,10079.6
2023-07-14T18:45+02:00,8521.1
2023-07-14T19:00+02:00,7054.2
2023-07-14T19:15+02:00,5691.6
2023-07-14T19:30+02:00,4461.2
2023-07-14T19:45+02:00,3415.2
2023-07-14T20:00+02:00,2542
2023-07-14T20:15+02:00,1751.8
2023-07-14T20:30+02:00,1072.3
2023-07-14T20:45+02:00,571.3
2023-07-14T21:00+02:00,254.7
2023-07-14T21:15+02:00,96.9
2023-07-14T21:30+02:00,30.2
2023-07-14T21:45+02:00,15.6
2023-07-14T22:00+02:00,0
2023-07-14T22:15+02:00,0
2023-07-14T22:30+02:00,0
2023-07-14T22:45+02:00,0
2023-07-14T23:00+02:00,0
2023-07-14T23:15+02:00,0
2023-07-14T23:30+02:00,0
2023-07-14T23:45+02:00,0
2023-07-15T00:00+02:00,0
2023-07-15T00:15+02:00,0
2023-07-15T00:30+02:00,0
2023-07-15T00:45+02:00,0
2023-07-15T01:00+02:00,0
2023-07-15T01:15+02:00,0
2023-07-15T01:30+02:00,0
2023-07-15T01:45+02:00,0
2023-07-15T02:00+02:00,0
2023-07-15T02:15+02:00,0
2023-07-15T02:30+02:00,0
2023-07-15T02:45+02:00,0
2023-07-15T03:00+02:00,0
2023-07-15T03:15+02:00,0
2023-07-15T03:30+02:00,0
2023-07-15T03:45+02:00,0
2023-07-15T04:00+02:00,0
2023-07-15T04:15+02:00,0
2023-07-15T04:30+02:00,0
2023-07-15T04:45+02:00,0
2023-07-15T05:00+02:00,13.4
2023-07-15T05:15+02:00,47.5
2023-07-15T05:30+02:00,174.6
2023-07-15T05:45+02:00,539.1
2023-07-15T06:00+02:00,1084.9
2023-07-15T06:15+02:00,1785.4
2023-07-15T06:30+02:00,2704.9
2023-07-15T06:45+02:00,3809.3
2023-07-15T07:00+02:00,5140.5
2023-07-15T07:15+02:00,6725.3
2023-07-15T07:30+02:00,8518.9
2023-07-15T07:45+02:00,10440.4
2023-07-15T08:00+02:00,12489.2
2023-07-15T08:15+02:00,14654.5
2023-07-15T08:30+02:00,16875.8
2023-07-15T08:45+02:00,19030.2
2023-07-15T09:00+02:00,21095.3
2023-07-15T09:15+02:00,23096.3
2023-07-15T09:30+02:00,24957.5
2023-07-15T09:45+02:00,26647.5
2023-07-15T10:00+02:00,28135.9
2023-07-15T10:15+02:00,29439.4
2023-07-15T10:30+02:00,30542
2023-07-15T10:45+02:00,31467.9
2023-07-15T11:00+02:00,32237.8
2023-07-15T11:15+02:00,32905.3
2023-07-15T11:30+02:00,33434.4
2023-07-15T11:45+02:00,33819.5
2023-07-15T12:00+02:00,34048.5
2023-07-15T12:15+02:00,34161.3
2023-07-15T12:30+02:00,34197.4
2023-07-15T12:45+02:00,34136.1
2023-07-15T13:00+02:00,33942.3
2023-07-15T13:15+02:00,33606.6
2023-07-15T13:30+02:00,33172.1
2023-07-15T13:45+02:00,32624.6
2023-07-15T14:00+02:00,31962.8
2023-07-15T14:15+02:00,31246.3
2023-07-15T14:30+02:00,30453
2023-07-15T14:45+02:00,29578.2
2023-07-15T15:00+02:00,28602.6
2023-07-15T15:15+02:00,27515.3
2023-07-15T15:30+02:00,26326.2
2023-07-15T15:45+02:00,25086
2023-07-15T16:00+02:00,23848.9
2023-07-15T16:15+02:00,22586.9
2023-07-15T16:30+02:00,21273.3
2023-07-15T16:45+02:00,19908.2
2023-07-15T17:00+02:00,18493.1
2023-07-15T17:15+02:00,16996.6
2023-07-15T17:30+02:00,15454
2023-07-15T17:45+02:00,13890.7
2023-07-15T18:00+02:00,12332.8
2023-07-15T18:15+02:00,10764.4
2023-07-15T18:30+02:00,9229.1
2023-07-15T18:45+02:00,7776.7
2023-07-15T19:00+02:00,6385.1
2023-07-15T19:15+02:00,5133.7
2023-07-15T19:30+02:00,3997.9
2023-07-15T19:45+02:00,3025.1
2023-07-15T20:00+02:00,2221.8
2023-07-15T20:15+02:00,1543.9
2023-07-15T20:30+02:00,986.7
2023-07-15T20:45+02:00,532.8
2023-07-15T21:00+02:00,235.9
2023-07-15T21:15+02:00,84.7
2023-07-15T21:30+02:00,23.4
2023-07-15T21:45+02:00,11.4
2023-07-15T22:00+02:00,0
2023-07-15T22:15+02:00,0
2023-07-15T22:30+02:00,0
2023-07-15T22:45+02:00,0
2023-07-15T23:00+02:00,0
2023-07-15T23:15+02:00,0
2023-07-15T23:30+02:00,0
2023-07-15T23:45+02:00,0
2023-07-16T00:00+02:00,0
2023-07-16T00:15+02:00,0
2023-07-16T00:30+02:00,0
2023-07-16T00:45+02:00,0
2023-07-16T01:00+02:00,0
2023-07-16T01:15+02:00,0
2023-07-16T01:30+02:00,0
2023-07-16T01:45+02:00,0
2023-07-16T02:00+02:00,0
2023-07-16T02:15+02:00,0
2023-07-16T02:30+02:00,0
2023-07-16T02:45+02:00,0
2023-07-16T03:00+02:00,0
2023-07-16T03:15+02:00,0
2023-07-16T03:30+02:00,0
2023-07-16T03:45+02:00,0
2023-07-16T04:00+02:00,0
2023-07-16T04:15+02:00,0
2023-07-16T04:30+02:00,0
2023-07-16T04:45+02:00,0
2023-07-16T05:00+02:00,4.2
2023-07-16T05:15+02:00,18.1
2023-07-16T05:30+02:00,91.6
2023-07-16T05:45+02:00,301.2
2023-07-16T06:00+02:00,648.3
2023-07-16T06:15+02:00,1060.3
2023-07-16T06:30+02:00,1582.9
2023-07-16T06:45+02:00,2292.2
2023-07-16T07:00+02:00,3209.9
2023-07-16T07:15+02:00,4352.6
2023-07-16T07:30+02:00,5675.8
2023-07-16T07:45+02:00,7147.8
2023-07-16T08:00+02:00,8751.6
2023-07-16T08:15+02:00,10509.7
2023-07-16T08:30+02:00,12359.4
2023-07-16T08:45+02:00,14203.7
2023-07-16T09:00+02:00,16014
2023-07-16T09:15+02:00,17803.9
2023-07-16T09:30+02:00,19534.6
2023-07-16T09:45+02:00,21167
2023-07-16T10:00+02:00,22699.2
2023-07-16T10:15+02:00,24128.7
2023-07-16T10:30+02:00,25460.6
2023-07-16T10:45+02:00,26699.7
2023-07-16T11:00+02:00,27871.1
2023-07-16T11:15+02:00,28849
2023-07-16T11:30+02:00,29804.5
2023-07-16T11:45+02:00,30682.9
2023-07-16T12:00+02:00,31450.8
2023-07-16T12:15+02:00,32156.8
2023-07-16T12:30+02:00,32736.8
2023-07-16T12:45+02:00,33189.9
2023-07-16T13:00+02:00,33539.4
2023-07-16T13:15+02:00,33778.8
2023-07-16T13:30+02:00,33879.9
2023-07-16T13:45+02:00,33889.3
2023-07-16T14:00+02:00,33784.2
2023-07-16T14:15+02:00,33567.2
2023-07-16T14:30+02:00,33230.2
2023-07-16T14:45+02:00,32754
2023-07-16T15:00+02:00,32149.6
2023-07-16T15:15+02:00,31413.5
2023-07-16T15:30+02:00,30537.9
2023-07-16T15:45+02:00,29543.8
2023-07-16T16:00+02:00,28448.8
2023-07-16T16:15+02:00,27259
2023-07-16T16:30+02:00,25924.3
2023-07-16T16:45+02:00,24425
2023-07-16T17:00+02:00,22774.9
2023-07-16T17:15+02:00,20996.5
2023-07-16T17:30+02:00,19119.6
2023-07-16T17:45+02:00,17177.9
2023-07-16T18:00+02:00,15230.8
2023-07-16T18:15+02:00,13223.8
2023-07-16T18:30+02:00,11240.1
2023-07-16T18:45+02:00,9358.8
2023-07-16T19:00+02:00,7604.5
2023-07-16T19:15+02:00,5998.2
2023-07-16T19:30+02:00,4593.5
2023-07-16T19:45+02:00,3453.7
2023-07-16T20:00+02:00,2550.5
2023-07-16T20:15+02:00,1775.4
2023-07-16T20:30+02:00,1110.5
2023-07-16T20:45+02:00,568.9
2023-07-16T21:00+02:00,239.4
2023-07-16T21:15+02:00,87.7
2023-07-16T21:30+02:00,23.5
2023-07-16T21:45+02:00,11.6
2023-07-16T22:00+02:00,0
2023-07-16T22:15+02:00,0
2023-07-16T22:30+02:00,0
2023-07-16T22:45+02:00,0
2023-07-16T23:00+02:00,0
2023-07-16T23:15+02:00,0
2023-07-16T23:30+02:00,0
2023-07-16T23:45+02:00,0
2023-07-17T00:00+02:00,0
2023-07-17T00:15+02:00,0
2023-07-17T00:30+02:00,0
2023-07-17T00:45+02:00,0
2023-07-17T01:00+02:00,0
2023-07-17T01:15+02:00,0
2023-07-17T01:30+02:00,0
2023-07-17T01:45+02:00,0
2023-07-17T02:00+02:00,0
2023-07-17T02:15+02:00,0
2023-07-17T02:30+02:00,0
2023-07-17T02:45+02:00,0
2023-07-17T03:00+02:00,0
2023-07-17T03:15+02:00,0
2023-07-17T03:30+02:00,0
2023-07-17T03:45+02:00,0
2023-07-17T04:00+02:00,0
2023-07-17T04:15+02:00,0
2023-07-17T04:30+02:00,0
2023-07-17T04:45+02:00,0
2023-07-17T05:00+02:00,9.6
2023-07-17T05:15+02:00,33
2023-07-17T05:30+02:00,128.6
2023-07-17T05:45+02:00,397.4
2023-07-17T06:00+02:00,862.4
2023-07-17T06:15+02:00,1464.1
2023-07-17T06:30+02:00,2199.6
2023-07-17T06:45+02:00,3126.5
2023-07-17T07:00+02:00,4279.6
2023-07-17T07:15+02:00,5678.3
2023-07-17T07:30+02:00,7268
2023-07-17T07:45+02:00,8993.2
2023-07-17T08:00+02:00,10823.4
2023-07-17T08:15+02:00,12762.1
2023-07-17T08:30+02:00,14786.3
2023-07-17T08:45+02:00,16828
2023-07-17T09:00+02:00,18816
2023-07-17T09:15+02:00,20786.2
2023-07-17T09:30+02:00,22651.1
2023-07-17T09:45+02:00,24373.5
2023-07-17T10:00+02:00,25966.8
2023-07-17T10:15+02:00,27396.9
2023-07-17T10:30+02:00,28657.3
2023-07-17T10:45+02:00,29732
2023-07-17T11:00+02:00,30622.5
2023-07-17T11:15+02:00,31364.5
2023-07-17T11:30+02:00,31954.8
2023-07-17T11:45+02:00,32418.6
2023-07-17T12:00+02:00,32701
2023-07-17T12:15+02:00,32815.1
2023-07-17T12:30+02:00,32862.5
2023-07-17T12:45+02:00,32876.8
2023-07-17T13:00+02:00,32801.5
2023-07-17T13:15+02:00,32580.9
2023-07-17T13:30+02:00,32281
2023-07-17T13:45+02:00,31913.8
2023-07-17T14:00+02:00,31398.7
2023-07-17T14:15+02:00,30858.5
2023-07-17T14:30+02:00,30234.1
2023-07-17T14:45+02:00,29534.3
2023-07-17T15:00+02:00,28773.7
2023-07-17T15:15+02:00,27936.6
2023-07-17T15:30+02:00,27005.6
2023-07-17T15:45+02:00,25973.6
2023-07-17T16:00+02:00,24856.6
2023-07-17T16:15+02:00,23636
2023-07-17T16:30+02:00,22359.8
2023-07-17T16:45+02:00,21042.2
2023-07-17T17:00+02:00,19696.1
2023-07-17T17:15+02:00,18254.5
2023-07-17T17:30+02:00,16739.5
2023-07-17T17:45+02:00,15154.4
2023-07-17T18:00+02:00,13504.4
2023-07-17T18:15+02:00,11780.4
2023-07-17T18:30+02:00,10042.4
2023-07-17T18:45+02:00,8393
2023-07-17T19:00+02:00,6854
2023-07-17T19:15+02:00,5441.9
2023-07-17T19:30+02:00,4194.6
2023-07-17T19:45+02:00,3156
2023-07-17T20:00+02:00,2330.5
2023-07-17T20:15+02:00,1620.1
2023-07-17T20:30+02:00,1009.8
2023-07-17T20:45+02:00,521.3
2023-07-17T21:00+02:00,225
2023-07-17T21:15+02:00,83.7
2023-07-17T21:30+02:00,24.8
2023-07-17T21:45+02:00,12.7
2023-07-17T22:00+02:00,0
2023-07-17T22:15+02:00,0
2023-07-17T22:30+02:00,0
2023-07-17T22:45+02:00,0
2023-07-17T23:00+02:00,0
2023-07-17T23:15+02:00,0
2023-07-17T23:30+02:00,0
2023-07-17T23:45+02:00,0
2023-07-18T00:00+02:00,0
2023-07-18T00:15+02:00,0
2023-07-18T00:30+02:00,0
2023-07-18T00:45+02:00,0
2023-07-18T01:00+02:00,0
2023-07-18T01:15+02:00,0
2023-07-18T01:30+02:00,0
2023-07-18T01:45+02:00,0
2023-07-18T02:00+02:00,0
2023-07-18T02:15+02:00,0
2023-07-18T02:30+02:00,0
2023-07-18T02:45+02:00,0
2023-07-18T03:00+02:00,0
2023-07-18T03:15+02:00,0
2023-07-18T03:30+02:00,0
2023-07-18T03:45+02:00,0
2023-07-18T04:00+02:00,0
2023-07-18T04:15+02:00,0
2023-07-18T04:30+02:00,0
2023-07-18T04:45+02:00,0
2023-07-18T05:00+02:00,10.6
2023-07-18T05:15+02:00,36.5
2023-07-18T05:30+02:00,130.7
2023-07-18T05:45+02:00,395.2
2023-07-18T06:00+02:00,884.6
2023-07-18T06:15+02:00,1582.7
2023-07-18T06:30+02:00,2482.7
2023-07-18T06:45+02:00,3597.2
2023-07-18T07:00+02:00,4956.7
2023-07-18T07:15+02:00,6566
2023-07-18T07:30+02:00,8347.9
2023-07-18T07:45+02:00,10271.9
2023-07-18T08:00+02:00,12292.5
2023-07-18T08:15+02:00,14453.9
2023-07-18T08:30+02:00,16622.5
2023-07-18T08:45+02:00,18809.2
2023-07-18T09:00+02:00,20969.4
2023-07-18T09:15+02:00,23052.6
2023-07-18T09:30+02:00,24994.8
2023-07-18T09:45+02:00,26795
2023-07-18T10:00+02:00,28414
2023-07-18T10:15+02:00,29807
2023-07-18T10:30+02:00,31026.4
2023-07-18T10:45+02:00,32066.8
2023-07-18T11:00+02:00,32914.7
2023-07-18T11:15+02:00,33618.2
2023-07-18T11:30+02:00,34197
2023-07-18T11:45+02:00,34601.6
2023-07-18T12:00+02:00,34749.3
2023-07-18T12:15+02:00,34717.2
2023-07-18T12:30+02:00,34540.8
2023-07-18T12:45+02:00,34217.8
2023-07-18T13:00+02:00,33772.8
2023-07-18T13:15+02:00,33240
2023-07-18T13:30+02:00,32635
2023-07-18T13:45+02:00,31947.7
2023-07-18T14:00+02:00,31209.4
2023-07-18T14:15+02:00,30411.8
2023-07-18T14:30+02:00,29590.8
2023-07-18T14:45+02:00,28775
2023-07-18T15:00+02:00,27932.6
2023-07-18T15:15+02:00,27094.3
2023-07-18T15:30+02:00,26231.9
2023-07-18T15:45+02:00,25346.6
2023-07-18T16:00+02:00,24372.9
2023-07-18T16:15+02:00,23358.3
2023-07-18T16:30+02:00,22248.4
2023-07-18T16:45+02:00,21022.6
2023-07-18T17:00+02:00,19708.7
2023-07-18T17:15+02:00,18298.6
2023-07-18T17:30+02:00,16770.7
2023-07-18T17:45+02:00,15160.7
2023-07-18T18:00+02:00,13489.9
2023-07-18T18:15+02:00,11776.7
2023-07-18T18:30+02:00,10071.9
2023-07-18T18:45+02:00,8431.2
2023-07-18T19:00+02:00,6888.6
2023-07-18T19:15+02:00,5443.8
2023-07-18T19:30+02:00,4162.2
2023-07-18T19:45+02:00,3101.4
2023-07-18T20:00+02:00,2268.7
2023-07-18T20:15+02:00,1556.4
2023-07-18T20:30+02:00,953.8
2023-07-18T20:45+02:00,487.6
2023-07-18T21:00+02:00,213.3
2023-07-18T21:15+02:00,80
2023-07-18T21:30+02:00,23
2023-07-18T21:45+02:00,10.4
2023-07-18T22:00+02:00,0
2023-07-18T22:15+02:00,0
2023-07-18T22:30+02:00,0
2023-07-18T22:45+02:00,0
2023-07-18T23:00+02:00,0
2023-07-18T23:15+02:00,0
2023-07-18T23:30+02:00,0
2023-07-18T23:45+02:00,0
2023-07-19T00:00+02:00,0
2023-07-19T00:15+02:00,0
2023-07-19T00:30+02:00,0
2023-07-19T00:45+02:00,0
2023-07-19T01:00+02:00,0
2023-07-19T01:15+02:00,0
2023-07-19T01:30+02:00,0
2023-07-19T01:45+02:00,0
2023-07-19T02:00+02:00,0
2023-07-19T02:15+02:00,0
2023-07-19T02:30+02:00,0
2023-07-19T02:45+02:00,0
2023-07-19T03:00+02:00,0
2023-07-19T03:15+02:00,0
2023-07-19T03:30+02:00,0
2023-07-19T03:45+02:00,0
2023-07-19T04:00+02:00,0
2023-07-19T04:15+02:00,0
2023-07-19T04:30+02:00,0
2023-07-19T04:45+02:00,0
2023-07-19T05:00+02:00,6.3
2023-07-19T05:15+02:00,18.8
2023-07-19T05:30+02:00,80.9
2023-07-19T05:45+02:00,308.3
2023-07-19T06:00+02:00,728.5
2023-07-19T06:15+02:00,1298.4
2023-07-19T06:30+02:00,2010.9
2023-07-19T06:45+02:00,2890.1
2023-07-19T07:00+02:00,3956.5
2023-07-19T07:15+02:00,5233.2
2023-07-19T07:30+02:00,6665.1
2023-07-19T07:45+02:00,8209.7
2023-07-19T08:00+02:00,9825.5
2023-07-19T08:15+02:00,11550
2023-07-19T08:30+02:00,13322.3
2023-07-19T08:45+02:00,15089.7
2023-07-19T09:00+02:00,16791.8
2023-07-19T09:15+02:00,18450.5
2023-07-19T09:30+02:00,20013.5
2023-07-19T09:45+02:00,21462.7
2023-07-19T10:00+02:00,22786.2
2023-07-19T10:15+02:00,23956.1
2023-07-19T10:30+02:00,24972.3
2023-07-19T10:45+02:00,25854.8
2023-07-19T11:00+02:00,26540.6
2023-07-19T11:15+02:00,27145.1
2023-07-19T11:30+02:00,27620.6
2023-07-19T11:45+02:00,27971.4
2023-07-19T12:00+02:00,28245.9
2023-07-19T12:15+02:00,28436.7
2023-07-19T12:30+02:00,28573.2
2023-07-19T12:45+02:00,28630.1
2023-07-19T13:00+02:00,28650.3
2023-07-19T13:15+02:00,28609.3
2023-07-19T13:30+02:00,28495.1
2023-07-19T13:45+02:00,28244.5
2023-07-19T14:00+02:00,27890
2023-07-19T14:15+02:00,27442
2023-07-19T14:30+02:00,26915.4
2023-07-19T14:45+02:00,26344.7
2023-07-19T15:00+02:00,25755.4
2023-07-19T15:15+02:00,25085.8
2023-07-19T15:30+02:00,24327.4
2023-07-19T15:45+02:00,23457.8
2023-07-19T16:00+02:00,22512.2
2023-07-19T16:15+02:00,21498
2023-07-19T16:30+02:00,20415.1
2023-07-19T16:45+02:00,19236.3
2023-07-19T17:00+02:00,17987.5
2023-07-19T17:15+02:00,16644.9
2023-07-19T17:30+02:00,15221.5
2023-07-19T17:45+02:00,13746.7
2023-07-19T18:00+02:00,12212.9
2023-07-19T18:15+02:00,10611.5
2023-07-19T18:30+02:00,9016
2023-07-19T18:45+02:00,7508.3
2023-07-19T19:00+02:00,6113.9
2023-07-19T19:15+02:00,4852.7
2023-07-19T19:30+02:00,3738.3
2023-07-19T19:45+02:00,2825.4
2023-07-19T20:00+02:00,2071.5
2023-07-19T20:15+02:00,1420.5
2023-07-19T20:30+02:00,865.5
2023-07-19T20:45+02:00,425.5
2023-07-19T21:00+02:00,173.3
2023-07-19T21:15+02:00,60
2023-07-19T21:30+02:00,17.9
2023-07-19T21:45+02:00,11.6
2023-07-19T22:00+02:00,0
2023-07-19T22:15+02:00,0
2023-07-19T22:30+02:00,0
2023-07-19T22:45+02:00,0
2023-07-19T23:00+02:00,0
2023-07-19T23:15+02:00,0
2023-07-19T23:30+02:00,0
2023-07-19T23:45+02:00,0
2023-07-20T00:00+02:00,0
2023-07-20T00:15+02:00,0
2023-07-20T00:30+02:00,0
2023-07-20T00:45+02:00,0
2023-07-20T01:00+02:00,0
2023-07-20T01:15+02:00,0
2023-07-20T01:30+02:00,0
2023-07-20T01:45+02:00,0
2023-07-20T02:00+02:00,0
2023-07-20T02:15+02:00,0
2023-07-20T02:30+02:00,0
2023-07-20T02:45+02:00,0
2023-07-20T03:00+02:00,0
2023-07-20T03:15+02:00,0
2023-07-20T03:30+02:00,0
2023-07-20T03:45+02:00,0
2023-07-20T04:00+02:00,0
2023-07-20T04:15+02:00,0
2023-07-20T04:30+02:00,0
2023-07-20T04:45+02:00,0
2023-07-20T05:00+02:00,6.3
2023-07-20T05:15+02:00,21.4
2023-07-20T05:30+02:00,84.1
2023-07-20T05:45+02:00,292.1
2023-07-20T06:00+02:00,696.6
2023-07-20T06:15+02:00,1246.8
2023-07-20T06:30+02:00,1932.8
2023-07-20T06:45+02:00,2795.1
2023-07-20T07:00+02:00,3856.1
2023-07-20T07:15+02:00,5110.3
2023-07-20T07:30+02:00,6529.6
2023-07-20T07:45+02:00,8082.6
2023-07-20T08:00+02:00,9730.9
2023-07-20T08:15+02:00,11509.2
2023-07-20T08:30+02:00,13336
2023-07-20T08:45+02:00,15133.1
2023-07-20T09:00+02:00,16879.6
2023-07-20T09:15+02:00,18580.7
2023-07-20T09:30+02:00,20190.6
2023-07-20T09:45+02:00,21686.6
2023-07-20T10:00+02:00,23067.4
2023-07-20T10:15+02:00,24340.9
2023-07-20T10:30+02:00,25510.6
2023-07-20T10:45+02:00,26514.1
2023-07-20T11:00+02:00,27445.2
2023-07-20T11:15+02:00,28211.3
2023-07-20T11:30+02:00,28892.8
2023-07-20T11:45+02:00,29475.8
2023-07-20T12:00+02:00,29967.7
2023-07-20T12:15+02:00,30349.1
2023-07-20T12:30+02:00,30660
2023-07-20T12:45+02:00,30901.8
2023-07-20T13:00+02:00,31063.1
2023-07-20T13:15+02:00,31114.8
2023-07-20T13:30+02:00,31072
2023-07-20T13:45+02:00,30919.2
2023-07-20T14:00+02:00,30717.6
2023-07-20T14:15+02:00,30375.8
2023-07-20T14:30+02:00,29913.2
2023-07-20T14:45+02:00,29331.5
2023-07-20T15:00+02:00,28682
2023-07-20T15:15+02:00,27933.9
2023-07-20T15:30+02:00,27080.9
2023-07-20T15:45+02:00,26165.1
2023-07-20T16:00+02:00,25166.3
2023-07-20T16:15+02:00,24066.2
2023-07-20T16:30+02:00,22827.8
2023-07-20T16:45+02:00,21495
2023-07-20T17:00+02:00,20104.2
2023-07-20T17:15+02:00,18616.4
2023-07-20T17:30+02:00,17051
2023-07-20T17:45+02:00,15405.9
2023-07-20T18:00+02:00,13691.9
2023-07-20T18:15+02:00,11897.6
2023-07-20T18:30+02:00,10100.5
2023-07-20T18:45+02:00,8388.7
2023-07-20T19:00+02:00,6792.7
2023-07-20T19:15+02:00,5348.1
2023-07-20T19:30+02:00,4093.6
2023-07-20T19:45+02:00,3073.4
2023-07-20T20:00+02:00,2248
2023-07-20T20:15+02:00,1525.5
2023-07-20T20:30+02:00,914.2
2023-07-20T20:45+02:00,430.7
2023-07-20T21:00+02:00,159.7
2023-07-20T21:15+02:00,55
2023-07-20T21:30+02:00,15.2
2023-07-20T21:45+02:00,9.9
2023-07-20T22:00+02:00,0
2023-07-20T22:15+02:00,0
2023-07-20T22:30+02:00,0
2023-07-20T22:45+02:00,0
2023-07-20T23:00+02:00,0
2023-07-20T23:15+02:00,0
2023-07-20T23:30+02:00,0
2023-07-20T23:45+02:00,0
2023-07-21T00:00+02:00,0
2023-07-21T00:15+02:00,0
2023-07-21T00:30+02:00,0
2023-07-21T00:45+02:00,0
2023-07-21T01:00+02:00,0
2023-07-21T01:15+02:00,0
2023-07-21T01:30+02:00,0
2023-07-21T01:45+02:00,0
2023-07-21T02:00+02:00,0
2023-07-21T02:15+02:00,0
2023-07-21T02:30+02:00,0
2023-07-21T02:45+02:00,0
2023-07-21T03:00+02:00,0
2023-07-21T03:15+02:00,0
2023-07-21T03:30+02:00,0
2023-07-21T03:45+02:00,0
2023-07-21T04:00+02:00,0
2023-07-21T04:15+02:00,0
2023-07-21T04:30+02:00,0
2023-07-21T04:45+02:00,0
2023-07-21T05:00+02:00,7.8
2023-07-21T05:15+02:00,27.8
2023-07-21T05:30+02:00,92.9
2023-07-21T05:45+02:00,284.7
2023-07-21T06:00+02:00,654.7
2023-07-21T06:15+02:00,1172.6
2023-07-21T06:30+02:00,1815.8
2023-07-21T06:45+02:00,2573.9
2023-07-21T07:00+02:00,3432
2023-07-21T07:15+02:00,4394.7
2023-07-21T07:30+02:00,5454.9
2023-07-21T07:45+02:00,6594
2023-07-21T08:00+02:00,7781.3
2023-07-21T08:15+02:00,9041.6
2023-07-21T08:30+02:00,10342
2023-07-21T08:45+02:00,11638.2
2023-07-21T09:00+02:00,12902.6
2023-07-21T09:15+02:00,14148.4
2023-07-21T09:30+02:00,15351
2023-07-21T09:45+02:00,16485.5
2023-07-21T10:00+02:00,17551.7
2023-07-21T10:15+02:00,18553.7
2023-07-21T10:30+02:00,19439
2023-07-21T10:45+02:00,20206.5
2023-07-21T11:00+02:00,20889.7
2023-07-21T11:15+02:00,21535
2023-07-21T11:30+02:00,22011.6
2023-07-21T11:45+02:00,22334.7
2023-07-21T12:00+02:00,22577.8
2023-07-21T12:15+02:00,22700.2
2023-07-21T12:30+02:00,22749
2023-07-21T12:45+02:00,22764.8
2023-07-21T13:00+02:00,22795
2023-07-21T13:15+02:00,22782.2
2023-07-21T13:30+02:00,22690.9
2023-07-21T13:45+02:00,22509.8
2023-07-21T14:00+02:00,22243.2
2023-07-21T14:15+02:00,21913.1
2023-07-21T14:30+02:00,21467.4
2023-07-21T14:45+02:00,20941.7
2023-07-21T15:00+02:00,20434.8
2023-07-21T15:15+02:00,19923.2
2023-07-21T15:30+02:00,19313.1
2023-07-21T15:45+02:00,18596.7
2023-07-21T16:00+02:00,17843.3
2023-07-21T16:15+02:00,17049.5
2023-07-21T16:30+02:00,16198.5
2023-07-21T16:45+02:00,15289.2
2023-07-21T17:00+02:00,14323.4
2023-07-21T17:15+02:00,13330.2
2023-07-21T17:30+02:00,12279.9
2023-07-21T17:45+02:00,11185.3
2023-07-21T18:00+02:00,10043.7
2023-07-21T18:15+02:00,8835.2
2023-07-21T18:30+02:00,7646.2
2023-07-21T18:45+02:00,6526.6
2023-07-21T19:00+02:00,5452.5
2023-07-21T19:15+02:00,4409.8
2023-07-21T19:30+02:00,3434.8
2023-07-21T19:45+02:00,2593.4
2023-07-21T20:00+02:00,1896.5
2023-07-21T20:15+02:00,1276.9
2023-07-21T20:30+02:00,756.4
2023-07-21T20:45+02:00,358
2023-07-21T21:00+02:00,134.3
2023-07-21T21:15+02:00,43.4
2023-07-21T21:30+02:00,11.6
2023-07-21T21:45+02:00,6.8
2023-07-21T22:00+02:00,0
2023-07-21T22:15+02:00,0
2023-07-21T22:30+02:00,0
2023-07-21T22:45+02:00,0
2023-07-21T23:00+02:00,0
2023-07-21T23:15+02:00,0
2023-07-21T23:30+02:00,0
2023-07-21T23:45+02:00,0
2023-07-22T00:00+02:00,0
2023-07-22T00:15+02:00,0
2023-07-22T00:30+02:00,0
2023-07-22T00:45+02:00,0
2023-07-22T01:00+02:00,0
2023-07-22T01:15+02:00,0
2023-07-22T01:30+02:00,0
2023-07-22T01:45+02:00,0
2023-07-22T02:00+02:00,0
2023-07-22T02:15+02:00,0
2023-07-22T02:30+02:00,0
2023-07-22T02:45+02:00,0
2023-07-22T03:00+02:00,0
2023-07-22T03:15+02:00,0
2023-07-22T03:30+02:00,0
2023-07-22T03:45+02:00,0
2023-07-22T04:00+02:00,0
2023-07-22T04:15+02:00,0
2023-07-22T04:30+02:00,0
2023-07-22T04:45+02:00,0
2023-07-22T05:00+02:00,4.1
2023-07-22T05:15+02:00,10.9
2023-07-22T05:30+02:00,63.9
2023-07-22T05:45+02:00,274.7
2023-07-22T06:00+02:00,703
2023-07-22T06:15+02:00,1288.6
2023-07-22T06:30+02:00,2029.4
2023-07-22T06:45+02:00,2969.7
2023-07-22T07:00+02:00,4140.3
2023-07-22T07:15+02:00,5566.7
2023-07-22T07:30+02:00,7184.7
2023-07-22T07:45+02:00,8917.7
2023-07-22T08:00+02:00,10732
2023-07-22T08:15+02:00,12639.8
2023-07-22T08:30+02:00,14574.1
2023-07-22T08:45+02:00,16446.3
2023-07-22T09:00+02:00,18203.9
2023-07-22T09:15+02:00,19846.5
2023-07-22T09:30+02:00,21318.3
2023-07-22T09:45+02:00,22599.2
2023-07-22T10:00+02:00,23715.8
2023-07-22T10:15+02:00,24693.2
2023-07-22T10:30+02:00,25510
2023-07-22T10:45+02:00,26161.1
2023-07-22T11:00+02:00,26662.1
2023-07-22T11:15+02:00,27015.2
2023-07-22T11:30+02:00,27233.6
2023-07-22T11:45+02:00,27345.9
2023-07-22T12:00+02:00,27401.8
2023-07-22T12:15+02:00,27396.9
2023-07-22T12:30+02:00,27357.1
2023-07-22T12:45+02:00,27261.6
2023-07-22T13:00+02:00,27114.1
2023-07-22T13:15+02:00,26876.3
2023-07-22T13:30+02:00,26591.6
2023-07-22T13:45+02:00,26252.3
2023-07-22T14:00+02:00,25847.1
2023-07-22T14:15+02:00,25347.7
2023-07-22T14:30+02:00,24758.7
2023-07-22T14:45+02:00,24101.8
2023-07-22T15:00+02:00,23433.5
2023-07-22T15:15+02:00,22738.9
2023-07-22T15:30+02:00,21979.2
2023-07-22T15:45+02:00,21138.3
2023-07-22T16:00+02:00,20224
2023-07-22T16:15+02:00,19237.2
2023-07-22T16:30+02:00,18188.2
2023-07-22T16:45+02:00,17076.7
2023-07-22T17:00+02:00,15923
2023-07-22T17:15+02:00,14704.6
2023-07-22T17:30+02:00,13422
2023-07-22T17:45+02:00,12092.1
2023-07-22T18:00+02:00,10731.4
2023-07-22T18:15+02:00,9327.2
2023-07-22T18:30+02:00,7926
2023-07-22T18:45+02:00,6590.7
2023-07-22T19:00+02:00,5357.5
2023-07-22T19:15+02:00,4227.2
2023-07-22T19:30+02:00,3245.9
2023-07-22T19:45+02:00,2443
2023-07-22T20:00+02:00,1775.1
2023-07-22T20:15+02:00,1184.2
2023-07-22T20:30+02:00,700
2023-07-22T20:45+02:00,324.6
2023-07-22T21:00+02:00,113.5
2023-07-22T21:15+02:00,37.9
2023-07-22T21:30+02:00,15.8
2023-07-22T21:45+02:00,9.9
2023-07-22T22:00+02:00,0
2023-07-22T22:15+02:00,0
2023-07-22T22:30+02:00,0
2023-07-22T22:45+02:00,0
2023-07-22T23:00+02:00,0
2023-07-22T23:15+02:00,0
2023-07-22T23:30+02:00,0
2023-07-22T23:45+02:00,0
2023-07-23T00:00+02:00,0
2023-07-23T00:15+02:00,0
2023-07-23T00:30+02:00,0
2023-07-23T00:45+02:00,0
2023-07-23T01:00+02:00,0
2023-07-23T01:15+02:00,0
2023-07-23T01:30+02:00,0
2023-07-23T01:45+02:00,0
2023-07-23T02:00+02:00,0
2023-07-23T02:15+02:00,0
2023-07-23T02:30+02:00,0
2023-07-23T02:45+02:00,0
2023-07-23T03:00+02:00,0
2023-07-23T03:15+02:00,0
2023-07-23T03:30+02:00,0
2023-07-23T03:45+02:00,0
2023-07-23T04:00+02:00,0
2023-07-23T04:15+02:00,0
2023-07-23T04:30+02:00,0
2023-07-23T04:45+02:00,0
2023-07-23T05:00+02:00,2.7
2023-07-23T05:15+02:00,11.3
2023-07-23T05:30+02:00,44.6
2023-07-23T05:45+02:00,186.4
2023-07-23T06:00+02:00,496.9
2023-07-23T06:15+02:00,915.6
2023-07-23T06:30+02:00,1441.5
2023-07-23T06:45+02:00,2138.6
2023-07-23T07:00+02:00,3030.8
2023-07-23T07:15+02:00,4120.6
2023-07-23T07:30+02:00,5346.6
2023-07-23T07:45+02:00,6662.8
2023-07-23T08:00+02:00,8042.9
2023-07-23T08:15+02:00,9483.3
2023-07-23T08:30+02:00,10947
2023-07-23T08:45+02:00,12371.3
2023-07-23T09:00+02:00,13704
2023-07-23T09:15+02:00,14964.3
2023-07-23T09:30+02:00,16109.2
2023-07-23T09:45+02:00,17114.1
2023-07-23T10:00+02:00,17982.4
2023-07-23T10:15+02:00,18721.9
2023-07-23T10:30+02:00,19331.9
2023-07-23T10:45+02:00,19828.7
2023-07-23T11:00+02:00,20232.6
2023-07-23T11:15+02:00,20571.1
2023-07-23T11:30+02:00,20830.8
2023-07-23T11:45+02:00,20999.1
2023-07-23T12:00+02:00,21073.6
2023-07-23T12:15+02:00,21052.8
2023-07-23T12:30+02:00,20949.7
2023-07-23T12:45+02:00,20803.5
2023-07-23T13:00+02:00,20622.8
2023-07-23T13:15+02:00,20374.8
2023-07-23T13:30+02:00,20030.7
2023-07-23T13:45+02:00,19597.9
2023-07-23T14:00+02:00,19142.9
2023-07-23T14:15+02:00,18645.3
2023-07-23T14:30+02:00,18115.4
2023-07-23T14:45+02:00,17565
2023-07-23T15:00+02:00,17032
2023-07-23T15:15+02:00,16480.9
2023-07-23T15:30+02:00,15888.7
2023-07-23T15:45+02:00,15246
2023-07-23T16:00+02:00,14579.9
2023-07-23T16:15+02:00,13887.3
2023-07-23T16:30+02:00,13164.3
2023-07-23T16:45+02:00,12414.2
2023-07-23T17:00+02:00,11638.6
2023-07-23T17:15+02:00,10835.2
2023-07-23T17:30+02:00,10006.9
2023-07-23T17:45+02:00,9165.1
2023-07-23T18:00+02:00,8291.9
2023-07-23T18:15+02:00,7366.1
2023-07-23T18:30+02:00,6422.3
2023-07-23T18:45+02:00,5500.6
2023-07-23T19:00+02:00,4607.5
2023-07-23T19:15+02:00,3730.3
2023-07-23T19:30+02:00,2898.3
2023-07-23T19:45+02:00,2176.9
2023-07-23T20:00+02:00,1552.3
2023-07-23T20:15+02:00,1023.7
2023-07-23T20:30+02:00,600.4
2023-07-23T20:45+02:00,280.1
2023-07-23T21:00+02:00,101.7
2023-07-23T21:15+02:00,33.5
2023-07-23T21:30+02:00,10
2023-07-23T21:45+02:00,7.4
2023-07-23T22:00+02:00,0
2023-07-23T22:15+02:00,0
2023-07-23T22:30+02:00,0
2023-07-23T22:45+02:00,0
2023-07-23T23:00+02:00,0
2023-07-23T23:15+02:00,0
2023-07-23T23:30+02:00,0
2023-07-23T23:45+02:00,0
2023-07-24T00:00+02:00,0
2023-07-24T00:15+02:00,0
2023-07-24T00:30+02:00,0
2023-07-24T00:45+02:00,0
2023-07-24T01:00+02:00,0
2023-07-24T01:15+02:00,0
2023-07-24T01:30+02:00,0
2023-07-24T01:45+02:00,0
2023-07-24T02:00+02:00,0
2023-07-24T02:15+02:00,0
2023-07-24T02:30+02:00,0
2023-07-24T02:45+02:00,0
2023-07-24T03:00+02:00,0
2023-07-24T03:15+02:00,0
2023-07-24T03:30+02:00,0
2023-07-24T03:45+02:00,0
2023-07-24T04:00+02:00,0
2023-07-24T04:15+02:00,0
2023-07-24T04:30+02:00,0
2023-07-24T04:45+02:00,0
2023-07-24T05:00+02:00,4.2
2023-07-24T05:15+02:00,12.8
2023-07-24T05:30+02:00,45.4
2023-07-24T05:45+02:00,199.1
2023-07-24T06:00+02:00,543.1
2023-07-24T06:15+02:00,1016.3
2023-07-24T06:30+02:00,1606.6
2023-07-24T06:45+02:00,2335.5
2023-07-24T07:00+02:00,3191.8
2023-07-24T07:15+02:00,4186.1
2023-07-24T07:30+02:00,5272.9
2023-07-24T07:45+02:00,6437.6
2023-07-24T08:00+02:00,7648.1
2023-07-24T08:15+02:00,8921.1
2023-07-24T08:30+02:00,10191.4
2023-07-24T08:45+02:00,11376.4
2023-07-24T09:00+02:00,12446.5
2023-07-24T09:15+02:00,13426.6
2023-07-24T09:30+02:00,14252.5
2023-07-24T09:45+02:00,14919.9
2023-07-24T10:00+02:00,15516.1
2023-07-24T10:15+02:00,16048.4
2023-07-24T10:30+02:00,16503.9
2023-07-24T10:45+02:00,16898
2023-07-24T11:00+02:00,17263.1
2023-07-24T11:15+02:00,17579.4
2023-07-24T11:30+02:00,17843.7
2023-07-24T11:45+02:00,18086.2
2023-07-24T12:00+02:00,18333.5
2023-07-24T12:15+02:00,18557.2
2023-07-24T12:30+02:00,18820.1
2023-07-24T12:45+02:00,19126.8
2023-07-24T13:00+02:00,19445.7
2023-07-24T13:15+02:00,19737.3
2023-07-24T13:30+02:00,19984.9
2023-07-24T13:45+02:00,20183.9
2023-07-24T14:00+02:00,20327.6
2023-07-24T14:15+02:00,20446.4
2023-07-24T14:30+02:00,20424.1
2023-07-24T14:45+02:00,20254.4
2023-07-24T15:00+02:00,20060.8
2023-07-24T15:15+02:00,19830.9
2023-07-24T15:30+02:00,19488.4
2023-07-24T15:45+02:00,19022.3
2023-07-24T16:00+02:00,18485.4
2023-07-24T16:15+02:00,17868.1
2023-07-24T16:30+02:00,17123.1
2023-07-24T16:45+02:00,16247.9
2023-07-24T17:00+02:00,15265.9
2023-07-24T17:15+02:00,14192.6
2023-07-24T17:30+02:00,13011.6
2023-07-24T17:45+02:00,11765.6
2023-07-24T18:00+02:00,10523.2
2023-07-24T18:15+02:00,9253
2023-07-24T18:30+02:00,7992.8
2023-07-24T18:45+02:00,6778.8
2023-07-24T19:00+02:00,5609.6
2023-07-24T19:15+02:00,4491.6
2023-07-24T19:30+02:00,3448.9
2023-07-24T19:45+02:00,2552.6
2023-07-24T20:00+02:00,1838
2023-07-24T20:15+02:00,1220.6
2023-07-24T20:30+02:00,717.5
2023-07-24T20:45+02:00,333.6
2023-07-24T21:00+02:00,114.4
2023-07-24T21:15+02:00,30.8
2023-07-24T21:30+02:00,7
2023-07-24T21:45+02:00,0
2023-07-24T22:00+02:00,0
2023-07-24T22:15+02:00,0
2023-07-24T22:30+02:00,0
2023-07-24T22:45+02:00,0
2023-07-24T23:00+02:00,0
2023-07-24T23:15+02:00,0
2023-07-24T23:30+02:00,0
2023-07-24T23:45+02:00,0
2023-07-25T00:00+02:00,0
2023-07-25T00:15+02:00,0
2023-07-25T00:30+02:00,0
2023-07-25T00:45+02:00,0
2023-07-25T01:00+02:00,0
2023-07-25T01:15+02:00,0
2023-07-25T01:30+02:00,0
2023-07-25T01:45+02:00,0
2023-07-25T02:00+02:00,0
2023-07-25T02:15+02:00,0
2023-07-25T02:30+02:00,0
2023-07-25T02:45+02:00,0
2023-07-25T03:00+02:00,0
2023-07-25T03:15+02:00,0
2023-07-25T03:30+02:00,0
2023-07-25T03:45+02:00,0
2023-07-25T04:00+02:00,0
2023-07-25T04:15+02:00,0
2023-07-25T04:30+02:00,0
2023-07-25T04:45+02:00,0
2023-07-25T05:00+02:00,3.6
2023-07-25T05:15+02:00,9.3
2023-07-25T05:30+02:00,39.6
2023-07-25T05:45+02:00,190.2
2023-07-25T06:00+02:00,514.3
2023-07-25T06:15+02:00,964.9
2023-07-25T06:30+02:00,1523.6
2023-07-25T06:45+02:00,2205.8
2023-07-25T07:00+02:00,3011.2
2023-07-25T07:15+02:00,3929.4
2023-07-25T07:30+02:00,4939.4
2023-07-25T07:45+02:00,6011.9
2023-07-25T08:00+02:00,7114.6
2023-07-25T08:15+02:00,8281.3
2023-07-25T08:30+02:00,9456.4
2023-07-25T08:45+02:00,10593.3
2023-07-25T09:00+02:00,11665.3
2023-07-25T09:15+02:00,12691.3
2023-07-25T09:30+02:00,13655
2023-07-25T09:45+02:00,14542.1
2023-07-25T10:00+02:00,15367.4
2023-07-25T10:15+02:00,16122.7
2023-07-25T10:30+02:00,16808.8
2023-07-25T10:45+02:00,17428.9
2023-07-25T11:00+02:00,17976.2
2023-07-25T11:15+02:00,18514.8
2023-07-25T11:30+02:00,18997.2
2023-07-25T11:45+02:00,19430.5
2023-07-25T12:00+02:00,19848
2023-07-25T12:15+02:00,20236.2
2023-07-25T12:30+02:00,20542.5
2023-07-25T12:45+02:00,20762.2
2023-07-25T13:00+02:00,20975.8
2023-07-25T13:15+02:00,21118.5
2023-07-25T13:30+02:00,21085.5
2023-07-25T13:45+02:00,20888.5
2023-07-25T14:00+02:00,20669.7
2023-07-25T14:15+02:00,20338.2
2023-07-25T14:30+02:00,19921.9
2023-07-25T14:45+02:00,19452.6
2023-07-25T15:00+02:00,19023
2023-07-25T15:15+02:00,18593.4
2023-07-25T15:30+02:00,18066
2023-07-25T15:45+02:00,17411.5
2023-07-25T16:00+02:00,16677.9
2023-07-25T16:15+02:00,15870
2023-07-25T16:30+02:00,14986.3
2023-07-25T16:45+02:00,14041.6
2023-07-25T17:00+02:00,13087.9
2023-07-25T17:15+02:00,12045
2023-07-25T17:30+02:00,10960.9
2023-07-25T17:45+02:00,9865.3
2023-07-25T18:00+02:00,8772.9
2023-07-25T18:15+02:00,7666.8
2023-07-25T18:30+02:00,6587.1
2023-07-25T18:45+02:00,5555.4
2023-07-25T19:00+02:00,4569.9
2023-07-25T19:15+02:00,3636.9
2023-07-25T19:30+02:00,2783.5
2023-07-25T19:45+02:00,2057.7
2023-07-25T20:00+02:00,1475.4
2023-07-25T20:15+02:00,989.2
2023-07-25T20:30+02:00,589.2
2023-07-25T20:45+02:00,285.5
2023-07-25T21:00+02:00,107.2
2023-07-25T21:15+02:00,28.3
2023-07-25T21:30+02:00,4
2023-07-25T21:45+02:00,0
2023-07-25T22:00+02:00,0
2023-07-25T22:15+02:00,0
2023-07-25T22:30+02:00,0
2023-07-25T22:45+02:00,0
2023-07-25T23:00+02:00,0
2023-07-25T23:15+02:00,0
2023-07-25T23:30+02:00,0
2023-07-25T23:45+02:00,0
2023-07-26T00:00+02:00,0
2023-07-26T00:15+02:00,0
2023-07-26T00:30+02:00,0
2023-07-26T00:45+02:00,0
2023-07-26T01:00+02:00,0
2023-07-26T01:15+02:00,0
2023-07-26T01:30+02:00,0
2023-07-26T01:45+02:00,0
2023-07-26T02:00+02:00,0
2023-07-26T02:15+02:00,0
2023-07-26T02:30+02:00,0
2023-07-26T02:45+02:00,0
2023-07-26T03:00+02:00,0
2023-07-26T03:15+02:00,0
2023-07-26T03:30+02:00,0
2023-07-26T03:45+02:00,0
2023-07-26T04:00+02:00,0
2023-07-26T04:15+02:00,0
2023-07-26T04:30+02:00,0
2023-07-26T04:45+02:00,0
2023-07-26T05:00+02:00,3.5
2023-07-26T05:15+02:00,7.3
2023-07-26T05:30+02:00,32.4
2023-07-26T05:45+02:00,172.8
2023-07-26T06:00+02:00,508.6
2023-07-26T06:15+02:00,985.4
2023-07-26T06:30+02:00,1597.9
2023-07-26T06:45+02:00,2364.7
2023-07-26T07:00+02:00,3295.3
2023-07-26T07:15+02:00,4397.8
2023-07-26T07:30+02:00,5704
2023-07-26T07:45+02:00,7025.5
2023-07-26T08:00+02:00,8377.8
2023-07-26T08:15+02:00,9788.2
2023-07-26T08:30+02:00,11197.4
2023-07-26T08:45+02:00,12561.8
2023-07-26T09:00+02:00,13857.4
2023-07-26T09:15+02:00,15110.8
2023-07-26T09:30+02:00,16312.2
2023-07-26T09:45+02:00,17439.3
2023-07-26T10:00+02:00,18485.8
2023-07-26T10:15+02:00,19465.4
2023-07-26T10:30+02:00,20322.1
2023-07-26T10:45+02:00,21038.8
2023-07-26T11:00+02:00,21659.4
2023-07-26T11:15+02:00,22242.3
2023-07-26T11:30+02:00,22740.6
2023-07-26T11:45+02:00,23125.2
2023-07-26T12:00+02:00,23494.7
2023-07-26T12:15+02:00,23823.9
2023-07-26T12:30+02:00,24018.4
2023-07-26T12:45+02:00,24103.9
2023-07-26T13:00+02:00,24170.6
2023-07-26T13:15+02:00,24228.2
2023-07-26T13:30+02:00,24185.4
2023-07-26T13:45+02:00,24044.8
2023-07-26T14:00+02:00,23841.9
2023-07-26T14:15+02:00,23610.3
2023-07-26T14:30+02:00,23279.2
2023-07-26T14:45+02:00,22863.8
2023-07-26T15:00+02:00,22462.7
2023-07-26T15:15+02:00,22033.9
2023-07-26T15:30+02:00,21507.3
2023-07-26T15:45+02:00,20875
2023-07-26T16:00+02:00,20198.1
2023-07-26T16:15+02:00,19459.2
2023-07-26T16:30+02:00,18633.1
2023-07-26T16:45+02:00,17715.6
2023-07-26T17:00+02:00,16750.8
2023-07-26T17:15+02:00,15637.2
2023-07-26T17:30+02:00,14433.2
2023-07-26T17:45+02:00,13165.2
2023-07-26T18:00+02:00,11839.5
2023-07-26T18:15+02:00,10431.9
2023-07-26T18:30+02:00,8990.2
2023-07-26T18:45+02:00,7575.4
2023-07-26T19:00+02:00,6205.1
2023-07-26T19:15+02:00,4882.4
2023-07-26T19:30+02:00,3680
2023-07-26T19:45+02:00,2686.7
2023-07-26T20:00+02:00,1920.1
2023-07-26T20:15+02:00,1268.3
2023-07-26T20:30+02:00,742.2
2023-07-26T20:45+02:00,345.8
2023-07-26T21:00+02:00,112.7
2023-07-26T21:15+02:00,27.7
2023-07-26T21:30+02:00,7.2
2023-07-26T21:45+02:00,0
2023-07-26T22:00+02:00,0
2023-07-26T22:15+02:00,0
2023-07-26T22:30+02:00,0
2023-07-26T22:45+02:00,0
2023-07-26T23:00+02:00,0
2023-07-26T23:15+02:00,0
2023-07-26T23:30+02:00,0
2023-07-26T23:45+02:00,0
2023-07-27T00:00+02:00,0
2023-07-27T00:15+02:00,0
2023-07-27T00:30+02:00,0
2023-07-27T00:45+02:00,0
2023-07-27T01:00+02:00,0
2023-07-27T01:15+02:00,0
2023-07-27T01:30+02:00,0
2023-07-27T01:45+02:00,0
2023-07-27T02:00+02:00,0
2023-07-27T02:15+02:00,0
2023-07-27T02:30+02:00,0
2023-07-27T02:45+02:00,0
2023-07-27T03:00+02:00,0
2023-07-27T03:15+02:00,0
2023-07-27T03:30+02:00,0
2023-07-27T03:45+02:00,0
2023-07-27T04:00+02:00,0
2023-07-27T04:15+02:00,0
2023-07-27T04:30+02:00,0
2023-07-27T04:45+02:00,0
2023-07-27T05:00+02:00,3
2023-07-27T05:15+02:00,3.2
2023-07-27T05:30+02:00,31.2
2023-07-27T05:45+02:00,138.2
2023-07-27T06:00+02:00,404.8
2023-07-27T06:15+02:00,809.1
2023-07-27T06:30+02:00,1325.3
2023-07-27T06:45+02:00,1985.5
2023-07-27T07:00+02:00,2730.5
2023-07-27T07:15+02:00,3568.4
2023-07-27T07:30+02:00,4469.7
2023-07-27T07:45+02:00,5376.5
2023-07-27T08:00+02:00,6257.3
2023-07-27T08:15+02:00,7169.2
2023-07-27T08:30+02:00,8084.1
2023-07-27T08:45+02:00,8959.2
2023-07-27T09:00+02:00,9795.9
2023-07-27T09:15+02:00,10586.9
2023-07-27T09:30+02:00,11310.8
2023-07-27T09:45+02:00,11904.6
2023-07-27T10:00+02:00,12393.7
2023-07-27T10:15+02:00,12801.2
2023-07-27T10:30+02:00,13099
2023-07-27T10:45+02:00,13343.2
2023-07-27T11:00+02:00,13468.3
2023-07-27T11:15+02:00,13608.3
2023-07-27T11:30+02:00,13678.4
2023-07-27T11:45+02:00,13674.6
2023-07-27T12:00+02:00,13630.8
2023-07-27T12:15+02:00,13538.5
2023-07-27T12:30+02:00,13386.2
2023-07-27T12:45+02:00,13187.8
2023-07-27T13:00+02:00,12981.5
2023-07-27T13:15+02:00,12732.9
2023-07-27T13:30+02:00,12448.5
2023-07-27T13:45+02:00,12141.9
2023-07-27T14:00+02:00,11829.4
2023-07-27T14:15+02:00,11494.7
2023-07-27T14:30+02:00,11106.7
2023-07-27T14:45+02:00,10679.1
2023-07-27T15:00+02:00,10260.8
2023-07-27T15:15+02:00,9829.7
2023-07-27T15:30+02:00,9390.5
2023-07-27T15:45+02:00,8889
2023-07-27T16:00+02:00,8397.9
2023-07-27T16:15+02:00,7866.5
2023-07-27T16:30+02:00,7283.5
2023-07-27T16:45+02:00,6737.2
2023-07-27T17:00+02:00,6178.2
2023-07-27T17:15+02:00,5599.1
2023-07-27T17:30+02:00,5016.1
2023-07-27T17:45+02:00,4455.8
2023-07-27T18:00+02:00,3916.9
2023-07-27T18:15+02:00,3398.3
2023-07-27T18:30+02:00,2901.2
2023-07-27T18:45+02:00,2435
2023-07-27T19:00+02:00,1993.7
2023-07-27T19:15+02:00,1584.8
2023-07-27T19:30+02:00,1218.6
2023-07-27T19:45+02:00,895
2023-07-27T20:00+02:00,622.1
2023-07-27T20:15+02:00,405.7
2023-07-27T20:30+02:00,235.9
2023-07-27T20:45+02:00,107.5
2023-07-27T21:00+02:00,39.2
2023-07-27T21:15+02:00,18.4
2023-07-27T21:30+02:00,3.4
2023-07-27T21:45+02:00,0
2023-07-27T22:00+02:00,0
2023-07-27T22:15+02:00,0
2023-07-27T22:30+02:00,0
2023-07-27T22:45+02:00,0
2023-07-27T23:00+02:00,0
2023-07-27T23:15+02:00,0
2023-07-27T23:30+02:00,0
2023-07-27T23:45+02:00,0
2023-07-28T00:00+02:00,0
2023-07-28T00:15+02:00,0
2023-07-28T00:30+02:00,0
2023-07-28T00:45+02:00,0
2023-07-28T01:00+02:00,0
2023-07-28T01:15+02:00,0
2023-07-28T01:30+02:00,0
2023-07-28T01:45+02:00,0
2023-07-28T02:00+02:00,0
2023-07-28T02:15+02:00,0
2023-07-28T02:30+02:00,0
2023-07-28T02:45+02:00,0
2023-07-28T03:00+02:00,0
2023-07-28T03:15+02:00,0
2023-07-28T03:30+02:00,0
2023-07-28T03:45+02:00,0
2023-07-28T04:00+02:00,0
2023-07-28T04:15+02:00,0
2023-07-28T04:30+02:00,0
2023-07-28T04:45+02:00,0
2023-07-28T05:00+02:00,2.1
2023-07-28T05:15+02:00,8.5
2023-07-28T05:30+02:00,23.5
2023-07-28T05:45+02:00,92.7
2023-07-28T06:00+02:00,267.9
2023-07-28T06:15+02:00,514
2023-07-28T06:30+02:00,829.8
2023-07-28T06:45+02:00,1235.4
2023-07-28T07:00+02:00,1758.6
2023-07-28T07:15+02:00,2394
2023-07-28T07:30+02:00,3130.2
2023-07-28T07:45+02:00,3926.7
2023-07-28T08:00+02:00,4781
2023-07-28T08:15+02:00,5692.2
2023-07-28T08:30+02:00,6646.5
2023-07-28T08:45+02:00,7624
2023-07-28T09:00+02:00,8600.5
2023-07-28T09:15+02:00,9584.6
2023-07-28T09:30+02:00,10583.3
2023-07-28T09:45+02:00,11598.2
2023-07-28T10:00+02:00,12623.7
2023-07-28T10:15+02:00,13676.8
2023-07-28T10:30+02:00,14688.6
2023-07-28T10:45+02:00,15637.9
2023-07-28T11:00+02:00,16581.5
2023-07-28T11:15+02:00,17518.2
2023-07-28T11:30+02:00,18388
2023-07-28T11:45+02:00,19143.1
2023-07-28T12:00+02:00,19799.8
2023-07-28T12:15+02:00,20356.8
2023-07-28T12:30+02:00,20778.4
2023-07-28T12:45+02:00,21068.6
2023-07-28T13:00+02:00,21345.7
2023-07-28T13:15+02:00,21580.9
2023-07-28T13:30+02:00,21723.2
2023-07-28T13:45+02:00,21753.1
2023-07-28T14:00+02:00,21696.9
2023-07-28T14:15+02:00,21520.3
2023-07-28T14:30+02:00,21184.5
2023-07-28T14:45+02:00,20711.2
2023-07-28T15:00+02:00,20216
2023-07-28T15:15+02:00,19707.5
2023-07-28T15:30+02:00,19137.3
2023-07-28T15:45+02:00,18474.1
2023-07-28T16:00+02:00,17726.7
2023-07-28T16:15+02:00,16902.7
2023-07-28T16:30+02:00,15983.1
2023-07-28T16:45+02:00,14988.1
2023-07-28T17:00+02:00,13952
2023-07-28T17:15+02:00,12843.1
2023-07-28T17:30+02:00,11687.3
2023-07-28T17:45+02:00,10503.2
2023-07-28T18:00+02:00,9319.8
2023-07-28T18:15+02:00,8125.2
2023-07-28T18:30+02:00,6958.5
2023-07-28T18:45+02:00,5844.7
2023-07-28T19:00+02:00,4786.2
2023-07-28T19:15+02:00,3774.8
2023-07-28T19:30+02:00,2849.9
2023-07-28T19:45+02:00,2078.4
2023-07-28T20:00+02:00,1468
2023-07-28T20:15+02:00,955.1
2023-07-28T20:30+02:00,546.2
2023-07-28T20:45+02:00,247.7
2023-07-28T21:00+02:00,77.4
2023-07-28T21:15+02:00,17
2023-07-28T21:30+02:00,5
2023-07-28T21:45+02:00,0
2023-07-28T22:00+02:00,0
2023-07-28T22:15+02:00,0
2023-07-28T22:30+02:00,0
2023-07-28T22:45+02:00,0
2023-07-28T23:00+02:00,0
2023-07-28T23:15+02:00,0
2023-07-28T23:30+02:00,0
2023-07-28T23:45+02:00,0
2023-07-29T00:00+02:00,0
2023-07-29T00:15+02:00,0
2023-07-29T00:30+02:00,0
2023-07-29T00:45+02:00,0
2023-07-29T01:00+02:00,0
2023-07-29T01:15+02:00,0
2023-07-29T01:30+02:00,0
2023-07-29T01:45+02:00,0
2023-07-29T02:00+02:00,0
2023-07-29T02:15+02:00,0
2023-07-29T02:30+02:00,0
2023-07-29T02:45+02:00,0
2023-07-29T03:00+02:00,0
2023-07-29T03:15+02:00,0
2023-07-29T03:30+02:00,0
2023-07-29T03:45+02:00,0
2023-07-29T04:00+02:00,0
2023-07-29T04:15+02:00,0
2023-07-29T04:30+02:00,0
2023-07-29T04:45+02:00,0
2023-07-29T05:00+02:00,3.3
2023-07-29T05:15+02:00,4.8
2023-07-29T05:30+02:00,26.7
2023-07-29T05:45+02:00,131.6
2023-07-29T06:00+02:00,394.2
2023-07-29T06:15+02:00,777.6
2023-07-29T06:30+02:00,1267.8
2023-07-29T06:45+02:00,1879.6
2023-07-29T07:00+02:00,2618.7
2023-07-29T07:15+02:00,3485.5
2023-07-29T07:30+02:00,4430.6
2023-07-29T07:45+02:00,5413.2
2023-07-29T08:00+02:00,6397.6
2023-07-29T08:15+02:00,7463.6
2023-07-29T08:30+02:00,8558
2023-07-29T08:45+02:00,9636.5
2023-07-29T09:00+02:00,10669.5
2023-07-29T09:15+02:00,11672.2
2023-07-29T09:30+02:00,12648.5
2023-07-29T09:45+02:00,13598.8
2023-07-29T10:00+02:00,14553.5
2023-07-29T10:15+02:00,15506.9
2023-07-29T10:30+02:00,16400.5
2023-07-29T10:45+02:00,17213
2023-07-29T11:00+02:00,17905.9
2023-07-29T11:15+02:00,18613.1
2023-07-29T11:30+02:00,19180
2023-07-29T11:45+02:00,19634.8
2023-07-29T12:00+02:00,20104.1
2023-07-29T12:15+02:00,20579.2
2023-07-29T12:30+02:00,20964.2
2023-07-29T12:45+02:00,21232.5
2023-07-29T13:00+02:00,21456.4
2023-07-29T13:15+02:00,21603.7
2023-07-29T13:30+02:00,21662.7
2023-07-29T13:45+02:00,21624.2
2023-07-29T14:00+02:00,21571.2
2023-07-29T14:15+02:00,21439.9
2023-07-29T14:30+02:00,21211.9
2023-07-29T14:45+02:00,20879
2023-07-29T15:00+02:00,20506
2023-07-29T15:15+02:00,20074.2
2023-07-29T15:30+02:00,19550.1
2023-07-29T15:45+02:00,18934.3
2023-07-29T16:00+02:00,18289
2023-07-29T16:15+02:00,17573.6
2023-07-29T16:30+02:00,16738.8
2023-07-29T16:45+02:00,15781.6
2023-07-29T17:00+02:00,14760.8
2023-07-29T17:15+02:00,13651.5
2023-07-29T17:30+02:00,12475.9
2023-07-29T17:45+02:00,11258.8
2023-07-29T18:00+02:00,10023.3
2023-07-29T18:15+02:00,8749.1
2023-07-29T18:30+02:00,7500.9
2023-07-29T18:45+02:00,6310.4
2023-07-29T19:00+02:00,5167.2
2023-07-29T19:15+02:00,4072.4
2023-07-29T19:30+02:00,3060.8
2023-07-29T19:45+02:00,2208.4
2023-07-29T20:00+02:00,1546.7
2023-07-29T20:15+02:00,994.6
2023-07-29T20:30+02:00,560.7
2023-07-29T20:45+02:00,246.5
2023-07-29T21:00+02:00,70.5
2023-07-29T21:15+02:00,14.8
2023-07-29T21:30+02:00,6.7
2023-07-29T21:45+02:00,0
2023-07-29T22:00+02:00,0
2023-07-29T22:15+02:00,0
2023-07-29T22:30+02:00,0
2023-07-29T22:45+02:00,0
2023-07-29T23:00+02:00,0
2023-07-29T23:15+02:00,0
2023-07-29T23:30+02:00,0
2023-07-29T23:45+02:00,0
2023-07-30T00:00+02:00,0
2023-07-30T00:15+02:00,0
2023-07-30T00:30+02:00,0
2023-07-30T00:45+02:00,0
2023-07-30T01:00+02:00,0
2023-07-30T01:15+02:00,0
2023-07-30T01:30+02:00,0
2023-07-30T01:45+02:00,0
2023-07-30T02:00+02:00,0
2023-07-30T02:15+02:00,0
2023-07-30T02:30+02:00,0
2023-07-30T02:45+02:00,0
2023-07-30T03:00+02:00,0
2023-07-30T03:15+02:00,0
2023-07-30T03:30+02:00,0
2023-07-30T03:45+02:00,0
2023-07-30T04:00+02:00,0
2023-07-30T04:15+02:00,0
2023-07-30T04:30+02:00,0
2023-07-30T04:45+02:00,0
2023-07-30T05:00+02:00,2
2023-07-30T05:15+02:00,0.7
2023-07-30T05:30+02:00,14
2023-07-30T05:45+02:00,106.9
2023-07-30T06:00+02:00,384.8
2023-07-30T06:15+02:00,826.8
2023-07-30T06:30+02:00,1391.7
2023-07-30T06:45+02:00,2102.2
2023-07-30T07:00+02:00,2973.9
2023-07-30T07:15+02:00,3996.7
2023-07-30T07:30+02:00,5167.9
2023-07-30T07:45+02:00,6418.2
2023-07-30T08:00+02:00,7707.3
2023-07-30T08:15+02:00,9058.6
2023-07-30T08:30+02:00,10457.4
2023-07-30T08:45+02:00,11871
2023-07-30T09:00+02:00,13263.2
2023-07-30T09:15+02:00,14658.1
2023-07-30T09:30+02:00,16017.4
2023-07-30T09:45+02:00,17306.4
2023-07-30T10:00+02:00,18548.1
2023-07-30T10:15+02:00,19752.1
2023-07-30T10:30+02:00,20866
2023-07-30T10:45+02:00,21888.1
2023-07-30T11:00+02:00,22880.2
2023-07-30T11:15+02:00,23813.5
2023-07-30T11:30+02:00,24621.3
2023-07-30T11:45+02:00,25285.2
2023-07-30T12:00+02:00,25816.6
2023-07-30T12:15+02:00,26273.9
2023-07-30T12:30+02:00,26594.5
2023-07-30T12:45+02:00,26829.2
2023-07-30T13:00+02:00,27011.5
2023-07-30T13:15+02:00,27091.7
2023-07-30T13:30+02:00,27088.8
2023-07-30T13:45+02:00,27001.2
2023-07-30T14:00+02:00,26861
2023-07-30T14:15+02:00,26634.7
2023-07-30T14:30+02:00,26302.3
2023-07-30T14:45+02:00,25858.5
2023-07-30T15:00+02:00,25321.1
2023-07-30T15:15+02:00,24652.7
2023-07-30T15:30+02:00,23873.3
2023-07-30T15:45+02:00,23010.6
2023-07-30T16:00+02:00,22112.3
2023-07-30T16:15+02:00,21158.3
2023-07-30T16:30+02:00,20101.2
2023-07-30T16:45+02:00,18934.1
2023-07-30T17:00+02:00,17679.3
2023-07-30T17:15+02:00,16325.3
2023-07-30T17:30+02:00,14891.8
2023-07-30T17:45+02:00,13397.4
2023-07-30T18:00+02:00,11873.7
2023-07-30T18:15+02:00,10296.1
2023-07-30T18:30+02:00,8711.7
2023-07-30T18:45+02:00,7176.4
2023-07-30T19:00+02:00,5742
2023-07-30T19:15+02:00,4426.2
2023-07-30T19:30+02:00,3295.1
2023-07-30T19:45+02:00,2417.1
2023-07-30T20:00+02:00,1699
2023-07-30T20:15+02:00,1092.2
2023-07-30T20:30+02:00,607.5
2023-07-30T20:45+02:00,246.4
2023-07-30T21:00+02:00,58.7
2023-07-30T21:15+02:00,10
2023-07-30T21:30+02:00,5.4
2023-07-30T21:45+02:00,0
2023-07-30T22:00+02:00,0
2023-07-30T22:15+02:00,0
2023-07-30T22:30+02:00,0
2023-07-30T22:45+02:00,0
2023-07-30T23:00+02:00,0
2023-07-30T23:15+02:00,0
2023-07-30T23:30+02:00,0
2023-07-30T23:45+02:00,0
2023-07-31T00:00+02:00,0
2023-07-31T00:15+02:00,0
2023-07-31T00:30+02:00,0
2023-07-31T00:45+02:00,0
2023-07-31T01:00+02:00,0
2023-07-31T01:15+02:00,0
2023-07-31T01:30+02:00,0
2023-07-31T01:45+02:00,0
2023-07-31T02:00+02:00,0
2023-07-31T02:15+02:00,0
2023-07-31T02:30+02:00,0
2023-07-31T02:45+02:00,0
2023-07-31T03:00+02:00,0
2023-07-31T03:15+02:00,0
2023-07-31T03:30+02:00,0
2023-07-31T03:45+02:00,0
2023-07-31T04:00+02:00,0
2023-07-31T04:15+02:00,0
2023-07-31T04:30+02:00,0
2023-07-31T04:45+02:00,0
2023-07-31T05:00+02:00,2.8
2023-07-31T05:15+02:00,9.3
2023-07-31T05:30+02:00,22.3
2023-07-31T05:45+02:00,83.6
2023-07-31T06:00+02:00,268.1
2023-07-31T06:15+02:00,561.6
2023-07-31T06:30+02:00,940.3
2023-07-31T06:45+02:00,1417.7
2023-07-31T07:00+02:00,2006.2
2023-07-31T07:15+02:00,2698.5
2023-07-31T07:30+02:00,3480.2
2023-07-31T07:45+02:00,4315.9
2023-07-31T08:00+02:00,5222.6
2023-07-31T08:15+02:00,6180.6
2023-07-31T08:30+02:00,7167.4
2023-07-31T08:45+02:00,8148
2023-07-31T09:00+02:00,9096.3
2023-07-31T09:15+02:00,10026.5
2023-07-31T09:30+02:00,10937.4
2023-07-31T09:45+02:00,11824.9
2023-07-31T10:00+02:00,12699.9
2023-07-31T10:15+02:00,13556.9
2023-07-31T10:30+02:00,14355
2023-07-31T10:45+02:00,15077.6
2023-07-31T11:00+02:00,15733.9
2023-07-31T11:15+02:00,16347.9
2023-07-31T11:30+02:00,16872.4
2023-07-31T11:45+02:00,17297.5
2023-07-31T12:00+02:00,17667.6
2023-07-31T12:15+02:00,17973
2023-07-31T12:30+02:00,18211.9
2023-07-31T12:45+02:00,18417.5
2023-07-31T13:00+02:00,18634.3
2023-07-31T13:15+02:00,18851.9
2023-07-31T13:30+02:00,18969.8
2023-07-31T13:45+02:00,18957.3
2023-07-31T14:00+02:00,18856.8
2023-07-31T14:15+02:00,18674.7
2023-07-31T14:30+02:00,18358.5
2023-07-31T14:45+02:00,17941.9
2023-07-31T15:00+02:00,17522.6
2023-07-31T15:15+02:00,17097.6
2023-07-31T15:30+02:00,16569.8
2023-07-31T15:45+02:00,15908.4
2023-07-31T16:00+02:00,15165.9
2023-07-31T16:15+02:00,14349.9
2023-07-31T16:30+02:00,13458.8
2023-07-31T16:45+02:00,12509
2023-07-31T17:00+02:00,11542.4
2023-07-31T17:15+02:00,10517.8
2023-07-31T17:30+02:00,9452
2023-07-31T17:45+02:00,8371.2
2023-07-31T18:00+02:00,7287.9
2023-07-31T18:15+02:00,6218.1
2023-07-31T18:30+02:00,5203.8
2023-07-31T18:45+02:00,4279.7
2023-07-31T19:00+02:00,3419.4
2023-07-31T19:15+02:00,2635.2
2023-07-31T19:30+02:00,1971.6
2023-07-31T19:45+02:00,1425.6
2023-07-31T20:00+02:00,955.7
2023-07-31T20:15+02:00,586.2
2023-07-31T20:30+02:00,306.8
2023-07-31T20:45+02:00,115.3
2023-07-31T21:00+02:00,32.4
2023-07-31T21:15+02:00,18.1
2023-07-31T21:30+02:00,3.1
2023-07-31T21:45+02:00,0
2023-07-31T22:00+02:00,0
2023-07-31T22:15+02:00,0
2023-07-31T22:30+02:00,0
2023-07-31T22:45+02:00,0
2023-07-31T23:00+02:00,0
2023-07-31T23:15+02:00,0
2023-07-31T23:30+02:00,0
2023-07-31T23:45+02:00,0
2023-08-01T00:00+02:00,0
2023-08-01T00:15+02:00,0
2023-08-01T00:30+02:00,0
2023-08-01T00:45+02:00,0
2023-08-01T01:00+02:00,0
2023-08-01T01:15+02:00,0
2023-08-01T01:30+02:00,0
2023-08-01T01:45+02:00,0
2023-08-01T02:00+02:00,0
2023-08-01T02:15+02:00,0
2023-08-01T02:30+02:00,0
2023-08-01T02:45+02:00,0
2023-08-01T03:00+02:00,0
2023-08-01T03:15+02:00,0
2023-08-01T03:30+02:00,0
2023-08-01T03:45+02:00,0
2023-08-01T04:00+02:00,0
2023-08-01T04:15+02:00,0
2023-08-01T04:30+02:00,0
2023-08-01T04:45+02:00,0
2023-08-01T05:00+02:00,2.2
2023-08-01T05:15+02:00,6.3
2023-08-01T05:30+02:00,23.9
2023-08-01T05:45+02:00,60.8
2023-08-01T06:00+02:00,161.9
2023-08-01T06:15+02:00,326.8
2023-08-01T06:30+02:00,542.5
2023-08-01T06:45+02:00,815.5
2023-08-01T07:00+02:00,1154.5
2023-08-01T07:15+02:00,1542.2
2023-08-01T07:30+02:00,1983.6
2023-08-01T07:45+02:00,2470.9
2023-08-01T08:00+02:00,3004.7
2023-08-01T08:15+02:00,3597.1
2023-08-01T08:30+02:00,4235.9
2023-08-01T08:45+02:00,4907.1
2023-08-01T09:00+02:00,5604.7
2023-08-01T09:15+02:00,6332.1
2023-08-01T09:30+02:00,7088.2
2023-08-01T09:45+02:00,7864.7
2023-08-01T10:00+02:00,8649.6
2023-08-01T10:15+02:00,9435.7
2023-08-01T10:30+02:00,10161.1
2023-08-01T10:45+02:00,10830.2
2023-08-01T11:00+02:00,11524.4
2023-08-01T11:15+02:00,12238.8
2023-08-01T11:30+02:00,12933.3
2023-08-01T11:45+02:00,13586.5
2023-08-01T12:00+02:00,14226.1
2023-08-01T12:15+02:00,14843.4
2023-08-01T12:30+02:00,15399.4
2023-08-01T12:45+02:00,15909
2023-08-01T13:00+02:00,16445.4
2023-08-01T13:15+02:00,16971.5
2023-08-01T13:30+02:00,17469.7
2023-08-01T13:45+02:00,17920.6
2023-08-01T14:00+02:00,18321
2023-08-01T14:15+02:00,18654.9
2023-08-01T14:30+02:00,18820.2
2023-08-01T14:45+02:00,18845.4
2023-08-01T15:00+02:00,18829.9
2023-08-01T15:15+02:00,18750.9
2023-08-01T15:30+02:00,18551
2023-08-01T15:45+02:00,18233.2
2023-08-01T16:00+02:00,17869
2023-08-01T16:15+02:00,17436
2023-08-01T16:30+02:00,16871.3
2023-08-01T16:45+02:00,16159.4
2023-08-01T17:00+02:00,15347.3
2023-08-01T17:15+02:00,14415.3
2023-08-01T17:30+02:00,13365.5
2023-08-01T17:45+02:00,12205.5
2023-08-01T18:00+02:00,10945.6
2023-08-01T18:15+02:00,9570.6
2023-08-01T18:30+02:00,8140.8
2023-08-01T18:45+02:00,6731.1
2023-08-01T19:00+02:00,5404.6
2023-08-01T19:15+02:00,4170.4
2023-08-01T19:30+02:00,3087.7
2023-08-01T19:45+02:00,2235.2
2023-08-01T20:00+02:00,1536.2
2023-08-01T20:15+02:00,964.5
2023-08-01T20:30+02:00,519.1
2023-08-01T20:45+02:00,201.5
2023-08-01T21:00+02:00,43.2
2023-08-01T21:15+02:00,8.8
2023-08-01T21:30+02:00,0
2023-08-01T21:45+02:00,0
2023-08-01T22:00+02:00,0
2023-08-01T22:15+02:00,0
2023-08-01T22:30+02:00,0
2023-08-01T22:45+02:00,0
2023-08-01T23:00+02:00,0
2023-08-01T23:15+02:00,0
2023-08-01T23:30+02:00,0
2023-08-01T23:45+02:00,0
2023-08-02T00:00+02:00,0
2023-08-02T00:15+02:00,0
2023-08-02T00:30+02:00,0
2023-08-02T00:45+02:00,0
2023-08-02T01:00+02:00,0
2023-08-02T01:15+02:00,0
2023-08-02T01:30+02:00,0
2023-08-02T01:45+02:00,0
2023-08-02T02:00+02:00,0
2023-08-02T02:15+02:00,0
2023-08-02T02:30+02:00,0
2023-08-02T02:45+02:00,0
2023-08-02T03:00+02:00,0
2023-08-02T03:15+02:00,0
2023-08-02T03:30+02:00,0
2023-08-02T03:45+02:00,0
2023-08-02T04:00+02:00,0
2023-08-02T04:15+02:00,0
2023-08-02T04:30+02:00,0
2023-08-02T04:45+02:00,0
2023-08-02T05:00+02:00,0
2023-08-02T05:15+02:00,0
2023-08-02T05:30+02:00,9.2
2023-08-02T05:45+02:00,72.9
2023-08-02T06:00+02:00,301.2
2023-08-02T06:15+02:00,662.3
2023-08-02T06:30+02:00,1125.3
2023-08-02T06:45+02:00,1718.3
2023-08-02T07:00+02:00,2455.1
2023-08-02T07:15+02:00,3333.9
2023-08-02T07:30+02:00,4269.6
2023-08-02T07:45+02:00,5216.1
2023-08-02T08:00+02:00,6134
2023-08-02T08:15+02:00,7070.7
2023-08-02T08:30+02:00,7974.6
2023-08-02T08:45+02:00,8801.2
2023-08-02T09:00+02:00,9530.2
2023-08-02T09:15+02:00,10184.6
2023-08-02T09:30+02:00,10751.1
2023-08-02T09:45+02:00,11214.1
2023-08-02T10:00+02:00,11595
2023-08-02T10:15+02:00,11897.6
2023-08-02T10:30+02:00,12153.6
2023-08-02T10:45+02:00,12375.2
2023-08-02T11:00+02:00,12443.8
2023-08-02T11:15+02:00,12574
2023-08-02T11:30+02:00,12718.9
2023-08-02T11:45+02:00,12888
2023-08-02T12:00+02:00,13028.3
2023-08-02T12:15+02:00,13105.8
2023-08-02T12:30+02:00,13230.4
2023-08-02T12:45+02:00,13438.6
2023-08-02T13:00+02:00,13657.8
2023-08-02T13:15+02:00,13871.4
2023-08-02T13:30+02:00,14003.1
2023-08-02T13:45+02:00,14046.6
2023-08-02T14:00+02:00,14060.5
2023-08-02T14:15+02:00,14011.1
2023-08-02T14:30+02:00,13879.1
2023-08-02T14:45+02:00,13670.8
2023-08-02T15:00+02:00,13432.4
2023-08-02T15:15+02:00,13159.1
2023-08-02T15:30+02:00,12826
2023-08-02T15:45+02:00,12434.2
2023-08-02T16:00+02:00,11996.6
2023-08-02T16:15+02:00,11486.8
2023-08-02T16:30+02:00,10898.9
2023-08-02T16:45+02:00,10262.6
2023-08-02T17:00+02:00,9591.7
2023-08-02T17:15+02:00,8946.8
2023-08-02T17:30+02:00,8266.3
2023-08-02T17:45+02:00,7540.5
2023-08-02T18:00+02:00,6763.1
2023-08-02T18:15+02:00,5940.2
2023-08-02T18:30+02:00,5102.9
2023-08-02T18:45+02:00,4274.5
2023-08-02T19:00+02:00,3477.7
2023-08-02T19:15+02:00,2727.4
2023-08-02T19:30+02:00,2050.8
2023-08-02T19:45+02:00,1503.9
2023-08-02T20:00+02:00,1058.6
2023-08-02T20:15+02:00,680.1
2023-08-02T20:30+02:00,380.8
2023-08-02T20:45+02:00,160.1
2023-08-02T21:00+02:00,45.1
2023-08-02T21:15+02:00,17.4
2023-08-02T21:30+02:00,0
2023-08-02T21:45+02:00,0
2023-08-02T22:00+02:00,0
2023-08-02T22:15+02:00,0
2023-08-02T22:30+02:00,0
2023-08-02T22:45+02:00,0
2023-08-02T23:00+02:00,0
2023-08-02T23:15+02:00,0
2023-08-02T23:30+02:00,0
2023-08-02T23:45+02:00,0
2023-08-03T00:00+02:00,0
2023-08-03T00:15+02:00,0
2023-08-03T00:30+02:00,0
2023-08-03T00:45+02:00,0
2023-08-03T01:00+02:00,0
2023-08-03T01:15+02:00,0
2023-08-03T01:30+02:00,0
2023-08-03T01:45+02:00,0
2023-08-03T02:00+02:00,0
2023-08-03T02:15+02:00,0
2023-08-03T02:30+02:00,0
2023-08-03T02:45+02:00,0
2023-08-03T03:00+02:00,0
2023-08-03T03:15+02:00,0
2023-08-03T03:30+02:00,0
2023-08-03T03:45+02:00,0
2023-08-03T04:00+02:00,0
2023-08-03T04:15+02:00,0
2023-08-03T04:30+02:00,0
2023-08-03T04:45+02:00,0
2023-08-03T05:00+02:00,0
2023-08-03T05:15+02:00,0
2023-08-03T05:30+02:00,5.3
2023-08-03T05:45+02:00,47.2
2023-08-03T06:00+02:00,248.9
2023-08-03T06:15+02:00,583.6
2023-08-03T06:30+02:00,1015.5
2023-08-03T06:45+02:00,1596.8
2023-08-03T07:00+02:00,2386.1
2023-08-03T07:15+02:00,3413.1
2023-08-03T07:30+02:00,4590.8
2023-08-03T07:45+02:00,5839.7
2023-08-03T08:00+02:00,7116.9
2023-08-03T08:15+02:00,8454.1
2023-08-03T08:30+02:00,9813.4
2023-08-03T08:45+02:00,11111.1
2023-08-03T09:00+02:00,12314.3
2023-08-03T09:15+02:00,13447
2023-08-03T09:30+02:00,14509.1
2023-08-03T09:45+02:00,15509.3
2023-08-03T10:00+02:00,16516.2
2023-08-03T10:15+02:00,17515.9
2023-08-03T10:30+02:00,18457.2
2023-08-03T10:45+02:00,19311.5
2023-08-03T11:00+02:00,20085.2
2023-08-03T11:15+02:00,20806.9
2023-08-03T11:30+02:00,21453
2023-08-03T11:45+02:00,22021.9
2023-08-03T12:00+02:00,22545
2023-08-03T12:15+02:00,23005.7
2023-08-03T12:30+02:00,23400.8
2023-08-03T12:45+02:00,23752.8
2023-08-03T13:00+02:00,24101
2023-08-03T13:15+02:00,24402.7
2023-08-03T13:30+02:00,24587.9
2023-08-03T13:45+02:00,24653.3
2023-08-03T14:00+02:00,24635.5
2023-08-03T14:15+02:00,24548.8
2023-08-03T14:30+02:00,24337.9
2023-08-03T14:45+02:00,24003.1
2023-08-03T15:00+02:00,23591.4
2023-08-03T15:15+02:00,23069.2
2023-08-03T15:30+02:00,22419.2
2023-08-03T15:45+02:00,21647.1
2023-08-03T16:00+02:00,20805.1
2023-08-03T16:15+02:00,19869
2023-08-03T16:30+02:00,18823.8
2023-08-03T16:45+02:00,17677.8
2023-08-03T17:00+02:00,16481.9
2023-08-03T17:15+02:00,15158.5
2023-08-03T17:30+02:00,13758
2023-08-03T17:45+02:00,12329
2023-08-03T18:00+02:00,10860.4
2023-08-03T18:15+02:00,9309.2
2023-08-03T18:30+02:00,7768.3
2023-08-03T18:45+02:00,6304
2023-08-03T19:00+02:00,4972.4
2023-08-03T19:15+02:00,3764
2023-08-03T19:30+02:00,2734.5
2023-08-03T19:45+02:00,1901.9
2023-08-03T20:00+02:00,1239.4
2023-08-03T20:15+02:00,742
2023-08-03T20:30+02:00,383
2023-08-03T20:45+02:00,145.4
2023-08-03T21:00+02:00,33.7
2023-08-03T21:15+02:00,12.4
2023-08-03T21:30+02:00,0
2023-08-03T21:45+02:00,0
2023-08-03T22:00+02:00,0
2023-08-03T22:15+02:00,0
2023-08-03T22:30+02:00,0
2023-08-03T22:45+02:00,0
2023-08-03T23:00+02:00,0
2023-08-03T23:15+02:00,0
2023-08-03T23:30+02:00,0
2023-08-03T23:45+02:00,0
2023-08-04T00:00+02:00,0
2023-08-04T00:15+02:00,0
2023-08-04T00:30+02:00,0
2023-08-04T00:45+02:00,0
2023-08-04T01:00+02:00,0
2023-08-04T01:15+02:00,0
2023-08-04T01:30+02:00,0
2023-08-04T01:45+02:00,0
2023-08-04T02:00+02:00,0
2023-08-04T02:15+02:00,0
2023-08-04T02:30+02:00,0
2023-08-04T02:45+02:00,0
2023-08-04T03:00+02:00,0
2023-08-04T03:15+02:00,0
2023-08-04T03:30+02:00,0
2023-08-04T03:45+02:00,0
2023-08-04T04:00+02:00,0
2023-08-04T04:15+02:00,0
2023-08-04T04:30+02:00,0
2023-08-04T04:45+02:00,0
2023-08-04T05:00+02:00,1.1
2023-08-04T05:15+02:00,0.5
2023-08-04T05:30+02:00,7
2023-08-04T05:45+02:00,48.8
2023-08-04T06:00+02:00,212.3
2023-08-04T06:15+02:00,492.9
2023-08-04T06:30+02:00,881.2
2023-08-04T06:45+02:00,1406.3
2023-08-04T07:00+02:00,2091.2
2023-08-04T07:15+02:00,2931.9
2023-08-04T07:30+02:00,3886.2
2023-08-04T07:45+02:00,4953.3
2023-08-04T08:00+02:00,6097.5
2023-08-04T08:15+02:00,7335.7
2023-08-04T08:30+02:00,8636
2023-08-04T08:45+02:00,9932.2
2023-08-04T09:00+02:00,11183.8
2023-08-04T09:15+02:00,12420.8
2023-08-04T09:30+02:00,13657.3
2023-08-04T09:45+02:00,14861.8
2023-08-04T10:00+02:00,16046.9
2023-08-04T10:15+02:00,17192.6
2023-08-04T10:30+02:00,18229
2023-08-04T10:45+02:00,19158
2023-08-04T11:00+02:00,20049.1
2023-08-04T11:15+02:00,20860.5
2023-08-04T11:30+02:00,21599.7
2023-08-04T11:45+02:00,22245.4
2023-08-04T12:00+02:00,22797
2023-08-04T12:15+02:00,23265.5
2023-08-04T12:30+02:00,23606
2023-08-04T12:45+02:00,23818.1
2023-08-04T13:00+02:00,23977.4
2023-08-04T13:15+02:00,24067.8
2023-08-04T13:30+02:00,24074.5
2023-08-04T13:45+02:00,23963.5
2023-08-04T14:00+02:00,23726
2023-08-04T14:15+02:00,23424
2023-08-04T14:30+02:00,23015.1
2023-08-04T14:45+02:00,22521.6
2023-08-04T15:00+02:00,22026.2
2023-08-04T15:15+02:00,21485
2023-08-04T15:30+02:00,20810.9
2023-08-04T15:45+02:00,19995.6
2023-08-04T16:00+02:00,19114.4
2023-08-04T16:15+02:00,18168
2023-08-04T16:30+02:00,17146.9
2023-08-04T16:45+02:00,16053.2
2023-08-04T17:00+02:00,14877.7
2023-08-04T17:15+02:00,13644.7
2023-08-04T17:30+02:00,12364.3
2023-08-04T17:45+02:00,11062.4
2023-08-04T18:00+02:00,9737.8
2023-08-04T18:15+02:00,8386.2
2023-08-04T18:30+02:00,7066.6
2023-08-04T18:45+02:00,5828.8
2023-08-04T19:00+02:00,4679.1
2023-08-04T19:15+02:00,3591.6
2023-08-04T19:30+02:00,2607.4
2023-08-04T19:45+02:00,1817.9
2023-08-04T20:00+02:00,1207.5
2023-08-04T20:15+02:00,736.1
2023-08-04T20:30+02:00,394.4
2023-08-04T20:45+02:00,149.4
2023-08-04T21:00+02:00,25.8
2023-08-04T21:15+02:00,4.7
2023-08-04T21:30+02:00,0
2023-08-04T21:45+02:00,0
2023-08-04T22:00+02:00,0
2023-08-04T22:15+02:00,0
2023-08-04T22:30+02:00,0
2023-08-04T22:45+02:00,0
2023-08-04T23:00+02:00,0
2023-08-04T23:15+02:00,0
2023-08-04T23:30+02:00,0
2023-08-04T23:45+02:00,0
2023-08-05T00:00+02:00,0
2023-08-05T00:15+02:00,0
2023-08-05T00:30+02:00,0
2023-08-05T00:45+02:00,0
2023-08-05T01:00+02:00,0
2023-08-05T01:15+02:00,0
2023-08-05T01:30+02:00,0
2023-08-05T01:45+02:00,0
2023-08-05T02:00+02:00,0
2023-08-05T02:15+02:00,0
2023-08-05T02:30+02:00,0
2023-08-05T02:45+02:00,0
2023-08-05T03:00+02:00,0
2023-08-05T03:15+02:00,0
2023-08-05T03:30+02:00,0
2023-08-05T03:45+02:00,0
2023-08-05T04:00+02:00,0
2023-08-05T04:15+02:00,0
2023-08-05T04:30+02:00,0
2023-08-05T04:45+02:00,0
2023-08-05T05:00+02:00,0
2023-08-05T05:15+02:00,0
2023-08-05T05:30+02:00,0.5
2023-08-05T05:45+02:00,36.9
2023-08-05T06:00+02:00,214.9
2023-08-05T06:15+02:00,557.4
2023-08-05T06:30+02:00,1015
2023-08-05T06:45+02:00,1608
2023-08-05T07:00+02:00,2387.8
2023-08-05T07:15+02:00,3342.6
2023-08-05T07:30+02:00,4435.2
2023-08-05T07:45+02:00,5632.8
2023-08-05T08:00+02:00,6887.2
2023-08-05T08:15+02:00,8231.4
2023-08-05T08:30+02:00,9599.6
2023-08-05T08:45+02:00,10934.7
2023-08-05T09:00+02:00,12204.6
2023-08-05T09:15+02:00,13428.3
2023-08-05T09:30+02:00,14605.3
2023-08-05T09:45+02:00,15695.8
2023-08-05T10:00+02:00,16719.5
2023-08-05T10:15+02:00,17684
2023-08-05T10:30+02:00,18588
2023-08-05T10:45+02:00,19419.2
2023-08-05T11:00+02:00,20164.7
2023-08-05T11:15+02:00,20873
2023-08-05T11:30+02:00,21511.9
2023-08-05T11:45+02:00,22067.6
2023-08-05T12:00+02:00,22541.1
2023-08-05T12:15+02:00,22935.6
2023-08-05T12:30+02:00,23223.4
2023-08-05T12:45+02:00,23386.5
2023-08-05T13:00+02:00,23512
2023-08-05T13:15+02:00,23563.8
2023-08-05T13:30+02:00,23480.7
2023-08-05T13:45+02:00,23258.2
2023-08-05T14:00+02:00,22976.8
2023-08-05T14:15+02:00,22596.6
2023-08-05T14:30+02:00,22072.3
2023-08-05T14:45+02:00,21410.3
2023-08-05T15:00+02:00,20715.8
2023-08-05T15:15+02:00,19987.7
2023-08-05T15:30+02:00,19159.7
2023-08-05T15:45+02:00,18223.5
2023-08-05T16:00+02:00,17225.6
2023-08-05T16:15+02:00,16155.4
2023-08-05T16:30+02:00,14980.7
2023-08-05T16:45+02:00,13757.7
2023-08-05T17:00+02:00,12562.1
2023-08-05T17:15+02:00,11367
2023-08-05T17:30+02:00,10202.4
2023-08-05T17:45+02:00,9073.8
2023-08-05T18:00+02:00,7947.8
2023-08-05T18:15+02:00,6811.8
2023-08-05T18:30+02:00,5714.7
2023-08-05T18:45+02:00,4684.4
2023-08-05T19:00+02:00,3734.4
2023-08-05T19:15+02:00,2838.6
2023-08-05T19:30+02:00,2045
2023-08-05T19:45+02:00,1389.9
2023-08-05T20:00+02:00,876.6
2023-08-05T20:15+02:00,514.5
2023-08-05T20:30+02:00,259
2023-08-05T20:45+02:00,90.5
2023-08-05T21:00+02:00,19.4
2023-08-05T21:15+02:00,9.8
2023-08-05T21:30+02:00,0
2023-08-05T21:45+02:00,0
2023-08-05T22:00+02:00,0
2023-08-05T22:15+02:00,0
2023-08-05T22:30+02:00,0
2023-08-05T22:45+02:00,0
2023-08-05T23:00+02:00,0
2023-08-05T23:15+02:00,0
2023-08-05T23:30+02:00,0
2023-08-05T23:45+02:00,0
2023-08-06T00:00+02:00,0
2023-08-06T00:15+02:00,0
2023-08-06T00:30+02:00,0
2023-08-06T00:45+02:00,0
2023-08-06T01:00+02:00,0
2023-08-06T01:15+02:00,0
2023-08-06T01:30+02:00,0
2023-08-06T01:45+02:00,0
2023-08-06T02:00+02:00,0
2023-08-06T02:15+02:00,0
2023-08-06T02:30+02:00,0
2023-08-06T02:45+02:00,0
2023-08-06T03:00+02:00,0
2023-08-06T03:15+02:00,0
2023-08-06T03:30+02:00,0
2023-08-06T03:45+02:00,0
2023-08-06T04:00+02:00,0
2023-08-06T04:15+02:00,0
2023-08-06T04:30+02:00,0
2023-08-06T04:45+02:00,0
2023-08-06T05:00+02:00,1.5
2023-08-06T05:15+02:00,4.2
2023-08-06T05:30+02:00,10
2023-08-06T05:45+02:00,37.6
2023-08-06T06:00+02:00,147.7
2023-08-06T06:15+02:00,347.7
2023-08-06T06:30+02:00,626.4
2023-08-06T06:45+02:00,996.3
2023-08-06T07:00+02:00,1483.9
2023-08-06T07:15+02:00,2100.8
2023-08-06T07:30+02:00,2831.7
2023-08-06T07:45+02:00,3612.8
2023-08-06T08:00+02:00,4439.8
2023-08-06T08:15+02:00,5315.9
2023-08-06T08:30+02:00,6205.7
2023-08-06T08:45+02:00,7079.7
2023-08-06T09:00+02:00,7944.7
2023-08-06T09:15+02:00,8832.2
2023-08-06T09:30+02:00,9695.6
2023-08-06T09:45+02:00,10480.2
2023-08-06T10:00+02:00,11195.3
2023-08-06T10:15+02:00,11860.4
2023-08-06T10:30+02:00,12419.9
2023-08-06T10:45+02:00,12876.1
2023-08-06T11:00+02:00,13233.9
2023-08-06T11:15+02:00,13606.9
2023-08-06T11:30+02:00,13877
2023-08-06T11:45+02:00,14061.7
2023-08-06T12:00+02:00,14226.3
2023-08-06T12:15+02:00,14366.5
2023-08-06T12:30+02:00,14434.7
2023-08-06T12:45+02:00,14429
2023-08-06T13:00+02:00,14420.9
2023-08-06T13:15+02:00,14390.6
2023-08-06T13:30+02:00,14247.3
2023-08-06T13:45+02:00,14021.3
2023-08-06T14:00+02:00,13839.9
2023-08-06T14:15+02:00,13615.8
2023-08-06T14:30+02:00,13335.9
2023-08-06T14:45+02:00,12999.7
2023-08-06T15:00+02:00,12650.5
2023-08-06T15:15+02:00,12284.1
2023-08-06T15:30+02:00,11831.5
2023-08-06T15:45+02:00,11298.6
2023-08-06T16:00+02:00,10756.1
2023-08-06T16:15+02:00,10198.1
2023-08-06T16:30+02:00,9576.2
2023-08-06T16:45+02:00,8910
2023-08-06T17:00+02:00,8213.6
2023-08-06T17:15+02:00,7503
2023-08-06T17:30+02:00,6767.5
2023-08-06T17:45+02:00,6015.5
2023-08-06T18:00+02:00,5277.5
2023-08-06T18:15+02:00,4548.9
2023-08-06T18:30+02:00,3839.7
2023-08-06T18:45+02:00,3182.1
2023-08-06T19:00+02:00,2562.5
2023-08-06T19:15+02:00,1982.9
2023-08-06T19:30+02:00,1462.2
2023-08-06T19:45+02:00,1023.1
2023-08-06T20:00+02:00,675.4
2023-08-06T20:15+02:00,401.2
2023-08-06T20:30+02:00,204.9
2023-08-06T20:45+02:00,75.4
2023-08-06T21:00+02:00,19.6
2023-08-06T21:15+02:00,0.5
2023-08-06T21:30+02:00,0
2023-08-06T21:45+02:00,0
2023-08-06T22:00+02:00,0
2023-08-06T22:15+02:00,0
2023-08-06T22:30+02:00,0
2023-08-06T22:45+02:00,0
2023-08-06T23:00+02:00,0
2023-08-06T23:15+02:00,0
2023-08-06T23:30+02:00,0
2023-08-06T23:45+02:00,0
2023-08-07T00:00+02:00,0
2023-08-07T00:15+02:00,0
2023-08-07T00:30+02:00,0
2023-08-07T00:45+02:00,0
2023-08-07T01:00+02:00,0
2023-08-07T01:15+02:00,0
2023-08-07T01:30+02:00,0
2023-08-07T01:45+02:00,0
2023-08-07T02:00+02:00,0
2023-08-07T02:15+02:00,0
2023-08-07T02:30+02:00,0
2023-08-07T02:45+02:00,0
2023-08-07T03:00+02:00,0
2023-08-07T03:15+02:00,0
2023-08-07T03:30+02:00,0
2023-08-07T03:45+02:00,0
2023-08-07T04:00+02:00,0
2023-08-07T04:15+02:00,0
2023-08-07T04:30+02:00,0
2023-08-07T04:45+02:00,0
2023-08-07T05:00+02:00,1.3
2023-08-07T05:15+02:00,1.4
2023-08-07T05:30+02:00,16.9
2023-08-07T05:45+02:00,50.6
2023-08-07T06:00+02:00,136.2
2023-08-07T06:15+02:00,295.6
2023-08-07T06:30+02:00,529.8
2023-08-07T06:45+02:00,858.4
2023-08-07T07:00+02:00,1309.7
2023-08-07T07:15+02:00,1870.3
2023-08-07T07:30+02:00,2525.3
2023-08-07T07:45+02:00,3235.8
2023-08-07T08:00+02:00,4010.9
2023-08-07T08:15+02:00,4856.4
2023-08-07T08:30+02:00,5745.1
2023-08-07T08:45+02:00,6639.1
2023-08-07T09:00+02:00,7542.7
2023-08-07T09:15+02:00,8450.7
2023-08-07T09:30+02:00,9348.2
2023-08-07T09:45+02:00,10222.5
2023-08-07T10:00+02:00,11063.5
2023-08-07T10:15+02:00,11887.8
2023-08-07T10:30+02:00,12596.1
2023-08-07T10:45+02:00,13214.8
2023-08-07T11:00+02:00,13796.2
2023-08-07T11:15+02:00,14380
2023-08-07T11:30+02:00,14929.9
2023-08-07T11:45+02:00,15443.3
2023-08-07T12:00+02:00,15914.1
2023-08-07T12:15+02:00,16314.3
2023-08-07T12:30+02:00,16648.9
2023-08-07T12:45+02:00,16968.8
2023-08-07T13:00+02:00,17363.6
2023-08-07T13:15+02:00,17791.2
2023-08-07T13:30+02:00,18212.6
2023-08-07T13:45+02:00,18570.5
2023-08-07T14:00+02:00,18874.8
2023-08-07T14:15+02:00,19104.9
2023-08-07T14:30+02:00,19206.4
2023-08-07T14:45+02:00,19139.7
2023-08-07T15:00+02:00,18989.6
2023-08-07T15:15+02:00,18735.4
2023-08-07T15:30+02:00,18366.6
2023-08-07T15:45+02:00,17888.7
2023-08-07T16:00+02:00,17366
2023-08-07T16:15+02:00,16793.8
2023-08-07T16:30+02:00,16149.3
2023-08-07T16:45+02:00,15378.2
2023-08-07T17:00+02:00,14494
2023-08-07T17:15+02:00,13454.8
2023-08-07T17:30+02:00,12326.9
2023-08-07T17:45+02:00,11150.1
2023-08-07T18:00+02:00,9927.5
2023-08-07T18:15+02:00,8656.1
2023-08-07T18:30+02:00,7330.1
2023-08-07T18:45+02:00,6075.8
2023-08-07T19:00+02:00,4849.6
2023-08-07T19:15+02:00,3664.2
2023-08-07T19:30+02:00,2597.3
2023-08-07T19:45+02:00,1750.5
2023-08-07T20:00+02:00,1121.3
2023-08-07T20:15+02:00,662.8
2023-08-07T20:30+02:00,343.1
2023-08-07T20:45+02:00,124
2023-08-07T21:00+02:00,24.4
2023-08-07T21:15+02:00,15
2023-08-07T21:30+02:00,0
2023-08-07T21:45+02:00,0
2023-08-07T22:00+02:00,0
2023-08-07T22:15+02:00,0
2023-08-07T22:30+02:00,0
2023-08-07T22:45+02:00,0
2023-08-07T23:00+02:00,0
2023-08-07T23:15+02:00,0
2023-08-07T23:30+02:00,0
2023-08-07T23:45+02:00,0
2023-08-08T00:00+02:00,0
2023-08-08T00:15+02:00,0
2023-08-08T00:30+02:00,0
2023-08-08T00:45+02:00,0
2023-08-08T01:00+02:00,0
2023-08-08T01:15+02:00,0
2023-08-08T01:30+02:00,0
2023-08-08T01:45+02:00,0
2023-08-08T02:00+02:00,0
2023-08-08T02:15+02:00,0
2023-08-08T02:30+02:00,0
2023-08-08T02:45+02:00,0
2023-08-08T03:00+02:00,0
2023-08-08T03:15+02:00,0
2023-08-08T03:30+02:00,0
2023-08-08T03:45+02:00,0
2023-08-08T04:00+02:00,0
2023-08-08T04:15+02:00,0
2023-08-08T04:30+02:00,0
2023-08-08T04:45+02:00,0
2023-08-08T05:00+02:00,0
2023-08-08T05:15+02:00,0
2023-08-08T05:30+02:00,3.9
2023-08-08T05:45+02:00,25.9
2023-08-08T06:00+02:00,207.3
2023-08-08T06:15+02:00,584.8
2023-08-08T06:30+02:00,1100.8
2023-08-08T06:45+02:00,1786.9
2023-08-08T07:00+02:00,2749.8
2023-08-08T07:15+02:00,3981.6
2023-08-08T07:30+02:00,5431.7
2023-08-08T07:45+02:00,7041.8
2023-08-08T08:00+02:00,8794.9
2023-08-08T08:15+02:00,10688.7
2023-08-08T08:30+02:00,12621.8
2023-08-08T08:45+02:00,14487.3
2023-08-08T09:00+02:00,16194.5
2023-08-08T09:15+02:00,17780.8
2023-08-08T09:30+02:00,19239
2023-08-08T09:45+02:00,20557.7
2023-08-08T10:00+02:00,21797.9
2023-08-08T10:15+02:00,22965.6
2023-08-08T10:30+02:00,24025.2
2023-08-08T10:45+02:00,24932.3
2023-08-08T11:00+02:00,25702.6
2023-08-08T11:15+02:00,26314.5
2023-08-08T11:30+02:00,26795.4
2023-08-08T11:45+02:00,27160.5
2023-08-08T12:00+02:00,27458.8
2023-08-08T12:15+02:00,27668.9
2023-08-08T12:30+02:00,27774.4
2023-08-08T12:45+02:00,27752
2023-08-08T13:00+02:00,27656.8
2023-08-08T13:15+02:00,27436.6
2023-08-08T13:30+02:00,27124.7
2023-08-08T13:45+02:00,26743.4
2023-08-08T14:00+02:00,26293.5
2023-08-08T14:15+02:00,25848.2
2023-08-08T14:30+02:00,25306.3
2023-08-08T14:45+02:00,24652.7
2023-08-08T15:00+02:00,23928
2023-08-08T15:15+02:00,23127.4
2023-08-08T15:30+02:00,22222.7
2023-08-08T15:45+02:00,21219.6
2023-08-08T16:00+02:00,20185.2
2023-08-08T16:15+02:00,19104.1
2023-08-08T16:30+02:00,17955.6
2023-08-08T16:45+02:00,16721.3
2023-08-08T17:00+02:00,15418.6
2023-08-08T17:15+02:00,14006.5
2023-08-08T17:30+02:00,12556.6
2023-08-08T17:45+02:00,11117.1
2023-08-08T18:00+02:00,9724.1
2023-08-08T18:15+02:00,8349.9
2023-08-08T18:30+02:00,7015.2
2023-08-08T18:45+02:00,5757.7
2023-08-08T19:00+02:00,4573.2
2023-08-08T19:15+02:00,3452.8
2023-08-08T19:30+02:00,2451.7
2023-08-08T19:45+02:00,1631.9
2023-08-08T20:00+02:00,992.1
2023-08-08T20:15+02:00,548.4
2023-08-08T20:30+02:00,269.3
2023-08-08T20:45+02:00,95.5
2023-08-08T21:00+02:00,21.9
2023-08-08T21:15+02:00,11.9
2023-08-08T21:30+02:00,0
2023-08-08T21:45+02:00,0
2023-08-08T22:00+02:00,0
2023-08-08T22:15+02:00,0
2023-08-08T22:30+02:00,0
2023-08-08T22:45+02:00,0
2023-08-08T23:00+02:00,0
2023-08-08T23:15+02:00,0
2023-08-08T23:30+02:00,0
2023-08-08T23:45+02:00,0
2023-08-09T00:00+02:00,0
2023-08-09T00:15+02:00,0
2023-08-09T00:30+02:00,0
2023-08-09T00:45+02:00,0
2023-08-09T01:00+02:00,0
2023-08-09T01:15+02:00,0
2023-08-09T01:30+02:00,0
2023-08-09T01:45+02:00,0
2023-08-09T02:00+02:00,0
2023-08-09T02:15+02:00,0
2023-08-09T02:30+02:00,0
2023-08-09T02:45+02:00,0
2023-08-09T03:00+02:00,0
2023-08-09T03:15+02:00,0
2023-08-09T03:30+02:00,0
2023-08-09T03:45+02:00,0
2023-08-09T04:00+02:00,0
2023-08-09T04:15+02:00,0
2023-08-09T04:30+02:00,0
2023-08-09T04:45+02:00,0
2023-08-09T05:00+02:00,0
2023-08-09T05:15+02:00,0
2023-08-09T05:30+02:00,0
2023-08-09T05:45+02:00,25.9
2023-08-09T06:00+02:00,129
2023-08-09T06:15+02:00,327.4
2023-08-09T06:30+02:00,617
2023-08-09T06:45+02:00,1017.6
2023-08-09T07:00+02:00,1571.3
2023-08-09T07:15+02:00,2302.9
2023-08-09T07:30+02:00,3186.4
2023-08-09T07:45+02:00,4202.2
2023-08-09T08:00+02:00,5318.2
2023-08-09T08:15+02:00,6507.8
2023-08-09T08:30+02:00,7779.4
2023-08-09T08:45+02:00,9093.3
2023-08-09T09:00+02:00,10412
2023-08-09T09:15+02:00,11752.8
2023-08-09T09:30+02:00,13077.2
2023-08-09T09:45+02:00,14366
2023-08-09T10:00+02:00,15605.8
2023-08-09T10:15+02:00,16810.4
2023-08-09T10:30+02:00,17964.3
2023-08-09T10:45+02:00,19035.5
2023-08-09T11:00+02:00,20054.3
2023-08-09T11:15+02:00,20998.3
2023-08-09T11:30+02:00,21884.8
2023-08-09T11:45+02:00,22695
2023-08-09T12:00+02:00,23433.5
2023-08-09T12:15+02:00,24097.5
2023-08-09T12:30+02:00,24676.3
2023-08-09T12:45+02:00,25159.2
2023-08-09T13:00+02:00,25561
2023-08-09T13:15+02:00,25868.3
2023-08-09T13:30+02:00,26041.2
2023-08-09T13:45+02:00,26068.9
2023-08-09T14:00+02:00,26011.5
2023-08-09T14:15+02:00,25881.5
2023-08-09T14:30+02:00,25634.6
2023-08-09T14:45+02:00,25244
2023-08-09T15:00+02:00,24745.3
2023-08-09T15:15+02:00,24138.7
2023-08-09T15:30+02:00,23406.3
2023-08-09T15:45+02:00,22530.1
2023-08-09T16:00+02:00,21551.8
2023-08-09T16:15+02:00,20449.6
2023-08-09T16:30+02:00,19224.7
2023-08-09T16:45+02:00,17922
2023-08-09T17:00+02:00,16591.7
2023-08-09T17:15+02:00,15192.2
2023-08-09T17:30+02:00,13773.6
2023-08-09T17:45+02:00,12331.5
2023-08-09T18:00+02:00,10837.3
2023-08-09T18:15+02:00,9290.2
2023-08-09T18:30+02:00,7732.6
2023-08-09T18:45+02:00,6241.2
2023-08-09T19:00+02:00,4850.5
2023-08-09T19:15+02:00,3568.2
2023-08-09T19:30+02:00,2458.1
2023-08-09T19:45+02:00,1599.5
2023-08-09T20:00+02:00,983.7
2023-08-09T20:15+02:00,553.5
2023-08-09T20:30+02:00,270.8
2023-08-09T20:45+02:00,89.7
2023-08-09T21:00+02:00,13.2
2023-08-09T21:15+02:00,0
2023-08-09T21:30+02:00,0
2023-08-09T21:45+02:00,0
2023-08-09T22:00+02:00,0
2023-08-09T22:15+02:00,0
2023-08-09T22:30+02:00,0
2023-08-09T22:45+02:00,0
2023-08-09T23:00+02:00,0
2023-08-09T23:15+02:00,0
2023-08-09T23:30+02:00,0
2023-08-09T23:45+02:00,0
2023-08-10T00:00+02:00,0
2023-08-10T00:15+02:00,0
2023-08-10T00:30+02:00,0
2023-08-10T00:45+02:00,0
2023-08-10T01:00+02:00,0
2023-08-10T01:15+02:00,0
2023-08-10T01:30+02:00,0
2023-08-10T01:45+02:00,0
2023-08-10T02:00+02:00,0
2023-08-10T02:15+02:00,0
2023-08-10T02:30+02:00,0
2023-08-10T02:45+02:00,0
2023-08-10T03:00+02:00,0
2023-08-10T03:15+02:00,0
2023-08-10T03:30+02:00,0
2023-08-10T03:45+02:00,0
2023-08-10T04:00+02:00,0
2023-08-10T04:15+02:00,0
2023-08-10T04:30+02:00,0
2023-08-10T04:45+02:00,0
2023-08-10T05:00+02:00,0
2023-08-10T05:15+02:00,0
2023-08-10T05:30+02:00,0
2023-08-10T05:45+02:00,7.7
2023-08-10T06:00+02:00,155.8
2023-08-10T06:15+02:00,519
2023-08-10T06:30+02:00,1046.2
2023-08-10T06:45+02:00,1746
2023-08-10T07:00+02:00,2729.9
2023-08-10T07:15+02:00,4032.7
2023-08-10T07:30+02:00,5610.6
2023-08-10T07:45+02:00,7397.2
2023-08-10T08:00+02:00,9342.8
2023-08-10T08:15+02:00,11448.7
2023-08-10T08:30+02:00,13691.3
2023-08-10T08:45+02:00,15957.5
2023-08-10T09:00+02:00,18179.7
2023-08-10T09:15+02:00,20352.2
2023-08-10T09:30+02:00,22433.5
2023-08-10T09:45+02:00,24383
2023-08-10T10:00+02:00,26163.3
2023-08-10T10:15+02:00,27777.6
2023-08-10T10:30+02:00,29244
2023-08-10T10:45+02:00,30571.5
2023-08-10T11:00+02:00,31759.9
2023-08-10T11:15+02:00,32813.3
2023-08-10T11:30+02:00,33763.8
2023-08-10T11:45+02:00,34608.3
2023-08-10T12:00+02:00,35314.7
2023-08-10T12:15+02:00,35874.5
2023-08-10T12:30+02:00,36306.7
2023-08-10T12:45+02:00,36616
2023-08-10T13:00+02:00,36800.8
2023-08-10T13:15+02:00,36832.4
2023-08-10T13:30+02:00,36751.4
2023-08-10T13:45+02:00,36550.8
2023-08-10T14:00+02:00,36220.3
2023-08-10T14:15+02:00,35759.2
2023-08-10T14:30+02:00,35193
2023-08-10T14:45+02:00,34520.1
2023-08-10T15:00+02:00,33705.7
2023-08-10T15:15+02:00,32773
2023-08-10T15:30+02:00,31719.5
2023-08-10T15:45+02:00,30531.3
2023-08-10T16:00+02:00,29177.2
2023-08-10T16:15+02:00,27651.2
2023-08-10T16:30+02:00,25974.7
2023-08-10T16:45+02:00,24176.6
2023-08-10T17:00+02:00,22276.4
2023-08-10T17:15+02:00,20263.1
2023-08-10T17:30+02:00,18157.3
2023-08-10T17:45+02:00,15975.7
2023-08-10T18:00+02:00,13713.8
2023-08-10T18:15+02:00,11404.7
2023-08-10T18:30+02:00,9148.5
2023-08-10T18:45+02:00,7047.5
2023-08-10T19:00+02:00,5212.8
2023-08-10T19:15+02:00,3655.2
2023-08-10T19:30+02:00,2456.7
2023-08-10T19:45+02:00,1607.4
2023-08-10T20:00+02:00,1005.8
2023-08-10T20:15+02:00,570.5
2023-08-10T20:30+02:00,267.2
2023-08-10T20:45+02:00,87.4
2023-08-10T21:00+02:00,23.9
2023-08-10T21:15+02:00,0
2023-08-10T21:30+02:00,0
2023-08-10T21:45+02:00,0
2023-08-10T22:00+02:00,0
2023-08-10T22:15+02:00,0
2023-08-10T22:30+02:00,0
2023-08-10T22:45+02:00,0
2023-08-10T23:00+02:00,0
2023-08-10T23:15+02:00,0
2023-08-10T23:30+02:00,0
2023-08-10T23:45+02:00,0
2023-08-11T00:00+02:00,0
2023-08-11T00:15+02:00,0
2023-08-11T00:30+02:00,0
2023-08-11T00:45+02:00,0
2023-08-11T01:00+02:00,0
2023-08-11T01:15+02:00,0
2023-08-11T01:30+02:00,0
2023-08-11T01:45+02:00,0
2023-08-11T02:00+02:00,0
2023-08-11T02:15+02:00,0
2023-08-11T02:30+02:00,0
2023-08-11T02:45+02:00,0
2023-08-11T03:00+02:00,0
2023-08-11T03:15+02:00,0
2023-08-11T03:30+02:00,0
2023-08-11T03:45+02:00,0
2023-08-11T04:00+02:00,0
2023-08-11T04:15+02:00,0
2023-08-11T04:30+02:00,0
2023-08-11T04:45+02:00,0
2023-08-11T05:00+02:00,0
2023-08-11T05:15+02:00,0
2023-08-11T05:30+02:00,0
2023-08-11T05:45+02:00,12
2023-08-11T06:00+02:00,139.6
2023-08-11T06:15+02:00,474.6
2023-08-11T06:30+02:00,977.1
2023-08-11T06:45+02:00,1633.9
2023-08-11T07:00+02:00,2598.5
2023-08-11T07:15+02:00,3935.9
2023-08-11T07:30+02:00,5615.2
2023-08-11T07:45+02:00,7552.9
2023-08-11T08:00+02:00,9683
2023-08-11T08:15+02:00,12030.7
2023-08-11T08:30+02:00,14527.3
2023-08-11T08:45+02:00,17041.9
2023-08-11T09:00+02:00,19444.1
2023-08-11T09:15+02:00,21759.8
2023-08-11T09:30+02:00,23979.6
2023-08-11T09:45+02:00,26036.4
2023-08-11T10:00+02:00,27925.6
2023-08-11T10:15+02:00,29652.3
2023-08-11T10:30+02:00,31243.3
2023-08-11T10:45+02:00,32700.8
2023-08-11T11:00+02:00,34021.2
2023-08-11T11:15+02:00,35224.8
2023-08-11T11:30+02:00,36308.2
2023-08-11T11:45+02:00,37250.6
2023-08-11T12:00+02:00,38039.4
2023-08-11T12:15+02:00,38663.4
2023-08-11T12:30+02:00,39111.6
2023-08-11T12:45+02:00,39379.9
2023-08-11T13:00+02:00,39494.9
2023-08-11T13:15+02:00,39444.1
2023-08-11T13:30+02:00,39219.8
2023-08-11T13:45+02:00,38839.5
2023-08-11T14:00+02:00,38330.1
2023-08-11T14:15+02:00,37695.3
2023-08-11T14:30+02:00,36927.2
2023-08-11T14:45+02:00,36033.7
2023-08-11T15:00+02:00,35040.1
2023-08-11T15:15+02:00,33951.9
2023-08-11T15:30+02:00,32762.2
2023-08-11T15:45+02:00,31438.4
2023-08-11T16:00+02:00,29959.2
2023-08-11T16:15+02:00,28324.1
2023-08-11T16:30+02:00,26539.3
2023-08-11T16:45+02:00,24622.9
2023-08-11T17:00+02:00,22585.4
2023-08-11T17:15+02:00,20426.7
2023-08-11T17:30+02:00,18174.4
2023-08-11T17:45+02:00,15857.7
2023-08-11T18:00+02:00,13502.3
2023-08-11T18:15+02:00,11144.5
2023-08-11T18:30+02:00,8892.6
2023-08-11T18:45+02:00,6816.7
2023-08-11T19:00+02:00,5031.4
2023-08-11T19:15+02:00,3567.7
2023-08-11T19:30+02:00,2448.7
2023-08-11T19:45+02:00,1653.6
2023-08-11T20:00+02:00,1037.6
2023-08-11T20:15+02:00,568.1
2023-08-11T20:30+02:00,239.5
2023-08-11T20:45+02:00,69.2
2023-08-11T21:00+02:00,21.7
2023-08-11T21:15+02:00,0
2023-08-11T21:30+02:00,0
2023-08-11T21:45+02:00,0
2023-08-11T22:00+02:00,0
2023-08-11T22:15+02:00,0
2023-08-11T22:30+02:00,0
2023-08-11T22:45+02:00,0
2023-08-11T23:00+02:00,0
2023-08-11T23:15+02:00,0
2023-08-11T23:30+02:00,0
2023-08-11T23:45+02:00,0
2023-08-12T00:00+02:00,0
2023-08-12T00:15+02:00,0
2023-08-12T00:30+02:00,0
2023-08-12T00:45+02:00,0
2023-08-12T01:00+02:00,0
2023-08-12T01:15+02:00,0
2023-08-12T01:30+02:00,0
2023-08-12T01:45+02:00,0
2023-08-12T02:00+02:00,0
2023-08-12T02:15+02:00,0
2023-08-12T02:30+02:00,0
2023-08-12T02:45+02:00,0
2023-08-12T03:00+02:00,0
2023-08-12T03:15+02:00,0
2023-08-12T03:30+02:00,0
2023-08-12T03:45+02:00,0
2023-08-12T04:00+02:00,0
2023-08-12T04:15+02:00,0
2023-08-12T04:30+02:00,0
2023-08-12T04:45+02:00,0
2023-08-12T05:00+02:00,0
2023-08-12T05:15+02:00,0
2023-08-12T05:30+02:00,0
2023-08-12T05:45+02:00,23.2
2023-08-12T06:00+02:00,142.4
2023-08-12T06:15+02:00,397.1
2023-08-12T06:30+02:00,773.5
2023-08-12T06:45+02:00,1302.3
2023-08-12T07:00+02:00,2044.1
2023-08-12T07:15+02:00,3007.7
2023-08-12T07:30+02:00,4124.6
2023-08-12T07:45+02:00,5338.5
2023-08-12T08:00+02:00,6644.3
2023-08-12T08:15+02:00,8040.4
2023-08-12T08:30+02:00,9517.7
2023-08-12T08:45+02:00,10982.9
2023-08-12T09:00+02:00,12407.6
2023-08-12T09:15+02:00,13816.7
2023-08-12T09:30+02:00,15174.5
2023-08-12T09:45+02:00,16429.4
2023-08-12T10:00+02:00,17586.5
2023-08-12T10:15+02:00,18672.3
2023-08-12T10:30+02:00,19663
2023-08-12T10:45+02:00,20558.6
2023-08-12T11:00+02:00,21401.2
2023-08-12T11:15+02:00,22175.9
2023-08-12T11:30+02:00,22844.5
2023-08-12T11:45+02:00,23384.9
2023-08-12T12:00+02:00,23777.1
2023-08-12T12:15+02:00,24062.9
2023-08-12T12:30+02:00,24273.3
2023-08-12T12:45+02:00,24375.7
2023-08-12T13:00+02:00,24433
2023-08-12T13:15+02:00,24379.5
2023-08-12T13:30+02:00,24286
2023-08-12T13:45+02:00,24154
2023-08-12T14:00+02:00,23898.4
2023-08-12T14:15+02:00,23735.7
2023-08-12T14:30+02:00,23486.2
2023-08-12T14:45+02:00,23127.5
2023-08-12T15:00+02:00,22675.4
2023-08-12T15:15+02:00,22117.8
2023-08-12T15:30+02:00,21396.9
2023-08-12T15:45+02:00,20547.2
2023-08-12T16:00+02:00,19659.2
2023-08-12T16:15+02:00,18731
2023-08-12T16:30+02:00,17723.1
2023-08-12T16:45+02:00,16586.8
2023-08-12T17:00+02:00,15276.3
2023-08-12T17:15+02:00,13869.1
2023-08-12T17:30+02:00,12386.4
2023-08-12T17:45+02:00,10869
2023-08-12T18:00+02:00,9389
2023-08-12T18:15+02:00,7973.6
2023-08-12T18:30+02:00,6621.8
2023-08-12T18:45+02:00,5342.5
2023-08-12T19:00+02:00,4152.5
2023-08-12T19:15+02:00,3047.3
2023-08-12T19:30+02:00,2098.8
2023-08-12T19:45+02:00,1346.9
2023-08-12T20:00+02:00,789.7
2023-08-12T20:15+02:00,410.4
2023-08-12T20:30+02:00,176.9
2023-08-12T20:45+02:00,60.5
2023-08-12T21:00+02:00,20.7
2023-08-12T21:15+02:00,0
2023-08-12T21:30+02:00,0
2023-08-12T21:45+02:00,0
2023-08-12T22:00+02:00,0
2023-08-12T22:15+02:00,0
2023-08-12T22:30+02:00,0
2023-08-12T22:45+02:00,0
2023-08-12T23:00+02:00,0
2023-08-12T23:15+02:00,0
2023-08-12T23:30+02:00,0
2023-08-12T23:45+02:00,0
2023-08-13T00:00+02:00,0
2023-08-13T00:15+02:00,0
2023-08-13T00:30+02:00,0
2023-08-13T00:45+02:00,0
2023-08-13T01:00+02:00,0
2023-08-13T01:15+02:00,0
2023-08-13T01:30+02:00,0
2023-08-13T01:45+02:00,0
2023-08-13T02:00+02:00,0
2023-08-13T02:15+02:00,0
2023-08-13T02:30+02:00,0
2023-08-13T02:45+02:00,0
2023-08-13T03:00+02:00,0
2023-08-13T03:15+02:00,0
2023-08-13T03:30+02:00,0
2023-08-13T03:45+02:00,0
2023-08-13T04:00+02:00,0
2023-08-13T04:15+02:00,0
2023-08-13T04:30+02:00,0
2023-08-13T04:45+02:00,0
2023-08-13T05:00+02:00,0
2023-08-13T05:15+02:00,0
2023-08-13T05:30+02:00,0
2023-08-13T05:45+02:00,15.1
2023-08-13T06:00+02:00,128.1
2023-08-13T06:15+02:00,376.2
2023-08-13T06:30+02:00,775.3
2023-08-13T06:45+02:00,1342.8
2023-08-13T07:00+02:00,2152.4
2023-08-13T07:15+02:00,3227.2
2023-08-13T07:30+02:00,4496.1
2023-08-13T07:45+02:00,5901.9
2023-08-13T08:00+02:00,7411.9
2023-08-13T08:15+02:00,9029.1
2023-08-13T08:30+02:00,10726.4
2023-08-13T08:45+02:00,12455
2023-08-13T09:00+02:00,14169.4
2023-08-13T09:15+02:00,15891.7
2023-08-13T09:30+02:00,17600.6
2023-08-13T09:45+02:00,19208.5
2023-08-13T10:00+02:00,20706.1
2023-08-13T10:15+02:00,22111.7
2023-08-13T10:30+02:00,23379.2
2023-08-13T10:45+02:00,24497
2023-08-13T11:00+02:00,25495.8
2023-08-13T11:15+02:00,26378.2
2023-08-13T11:30+02:00,27137.3
2023-08-13T11:45+02:00,27768.8
2023-08-13T12:00+02:00,28277.3
2023-08-13T12:15+02:00,28604.6
2023-08-13T12:30+02:00,28740.4
2023-08-13T12:45+02:00,28761.4
2023-08-13T13:00+02:00,28722.3
2023-08-13T13:15+02:00,28555.6
2023-08-13T13:30+02:00,28311.3
2023-08-13T13:45+02:00,27995.2
2023-08-13T14:00+02:00,27634.8
2023-08-13T14:15+02:00,27203.6
2023-08-13T14:30+02:00,26666.2
2023-08-13T14:45+02:00,26005.9
2023-08-13T15:00+02:00,25245.3
2023-08-13T15:15+02:00,24374.2
2023-08-13T15:30+02:00,23383.5
2023-08-13T15:45+02:00,22283.1
2023-08-13T16:00+02:00,21157.4
2023-08-13T16:15+02:00,19976.1
2023-08-13T16:30+02:00,18778.8
2023-08-13T16:45+02:00,17488.6
2023-08-13T17:00+02:00,15982.4
2023-08-13T17:15+02:00,14431.2
2023-08-13T17:30+02:00,12811.6
2023-08-13T17:45+02:00,11196.5
2023-08-13T18:00+02:00,9648.7
2023-08-13T18:15+02:00,8158.6
2023-08-13T18:30+02:00,6734.1
2023-08-13T18:45+02:00,5389
2023-08-13T19:00+02:00,4141.1
2023-08-13T19:15+02:00,3009.9
2023-08-13T19:30+02:00,2062.8
2023-08-13T19:45+02:00,1327.1
2023-08-13T20:00+02:00,763.9
2023-08-13T20:15+02:00,392.8
2023-08-13T20:30+02:00,172.3
2023-08-13T20:45+02:00,56.5
2023-08-13T21:00+02:00,17.7
2023-08-13T21:15+02:00,0
2023-08-13T21:30+02:00,0
2023-08-13T21:45+02:00,0
2023-08-13T22:00+02:00,0
2023-08-13T22:15+02:00,0
2023-08-13T22:30+02:00,0
2023-08-13T22:45+02:00,0
2023-08-13T23:00+02:00,0
2023-08-13T23:15+02:00,0
2023-08-13T23:30+02:00,0
2023-08-13T23:45+02:00,0
2023-08-14T00:00+02:00,0
2023-08-14T00:15+02:00,0
2023-08-14T00:30+02:00,0
2023-08-14T00:45+02:00,0
2023-08-14T01:00+02:00,0
2023-08-14T01:15+02:00,0
2023-08-14T01:30+02:00,0
2023-08-14T01:45+02:00,0
2023-08-14T02:00+02:00,0
2023-08-14T02:15+02:00,0
2023-08-14T02:30+02:00,0
2023-08-14T02:45+02:00,0
2023-08-14T03:00+02:00,0
2023-08-14T03:15+02:00,0
2023-08-14T03:30+02:00,0
2023-08-14T03:45+02:00,0
2023-08-14T04:00+02:00,0
2023-08-14T04:15+02:00,0
2023-08-14T04:30+02:00,0
2023-08-14T04:45+02:00,0
2023-08-14T05:00+02:00,0
2023-08-14T05:15+02:00,0
2023-08-14T05:30+02:00,0
2023-08-14T05:45+02:00,6.9
2023-08-14T06:00+02:00,117.4
2023-08-14T06:15+02:00,383.9
2023-08-14T06:30+02:00,833.6
2023-08-14T06:45+02:00,1468.2
2023-08-14T07:00+02:00,2371.8
2023-08-14T07:15+02:00,3584.7
2023-08-14T07:30+02:00,5025.6
2023-08-14T07:45+02:00,6658
2023-08-14T08:00+02:00,8444.6
2023-08-14T08:15+02:00,10385.7
2023-08-14T08:30+02:00,12429.8
2023-08-14T08:45+02:00,14469.9
2023-08-14T09:00+02:00,16466.2
2023-08-14T09:15+02:00,18440.5
2023-08-14T09:30+02:00,20363.1
2023-08-14T09:45+02:00,22153.7
2023-08-14T10:00+02:00,23790.6
2023-08-14T10:15+02:00,25293.8
2023-08-14T10:30+02:00,26665.8
2023-08-14T10:45+02:00,27903
2023-08-14T11:00+02:00,28920.8
2023-08-14T11:15+02:00,29860
2023-08-14T11:30+02:00,30650.2
2023-08-14T11:45+02:00,31306.4
2023-08-14T12:00+02:00,31827.2
2023-08-14T12:15+02:00,32227
2023-08-14T12:30+02:00,32481.5
2023-08-14T12:45+02:00,32599.6
2023-08-14T13:00+02:00,32575.4
2023-08-14T13:15+02:00,32398.5
2023-08-14T13:30+02:00,32085.3
2023-08-14T13:45+02:00,31653.1
2023-08-14T14:00+02:00,31153.5
2023-08-14T14:15+02:00,30576.5
2023-08-14T14:30+02:00,29938.1
2023-08-14T14:45+02:00,29221.9
2023-08-14T15:00+02:00,28414.9
2023-08-14T15:15+02:00,27492.6
2023-08-14T15:30+02:00,26439.9
2023-08-14T15:45+02:00,25256.4
2023-08-14T16:00+02:00,23975.3
2023-08-14T16:15+02:00,22585.1
2023-08-14T16:30+02:00,21080
2023-08-14T16:45+02:00,19482.6
2023-08-14T17:00+02:00,17778.1
2023-08-14T17:15+02:00,16012
2023-08-14T17:30+02:00,14185.1
2023-08-14T17:45+02:00,12371.6
2023-08-14T18:00+02:00,10595.8
2023-08-14T18:15+02:00,8880
2023-08-14T18:30+02:00,7235.4
2023-08-14T18:45+02:00,5714.8
2023-08-14T19:00+02:00,4337.6
2023-08-14T19:15+02:00,3118.1
2023-08-14T19:30+02:00,2122.1
2023-08-14T19:45+02:00,1338.7
2023-08-14T20:00+02:00,762.4
2023-08-14T20:15+02:00,372.1
2023-08-14T20:30+02:00,145.5
2023-08-14T20:45+02:00,51.2
2023-08-14T21:00+02:00,24.4
2023-08-14T21:15+02:00,0
2023-08-14T21:30+02:00,0
2023-08-14T21:45+02:00,0
2023-08-14T22:00+02:00,0
2023-08-14T22:15+02:00,0
2023-08-14T22:30+02:00,0
2023-08-14T22:45+02:00,0
2023-08-14T23:00+02:00,0
2023-08-14T23:15+02:00,0
2023-08-14T23:30+02:00,0
2023-08-14T23:45+02:00,0
2023-08-15T00:00+02:00,0
2023-08-15T00:15+02:00,0
2023-08-15T00:30+02:00,0
2023-08-15T00:45+02:00,0
2023-08-15T01:00+02:00,0
2023-08-15T01:15+02:00,0
2023-08-15T01:30+02:00,0
2023-08-15T01:45+02:00,0
2023-08-15T02:00+02:00,0
2023-08-15T02:15+02:00,0
2023-08-15T02:30+02:00,0
2023-08-15T02:45+02:00,0
2023-08-15T03:00+02:00,0
2023-08-15T03:15+02:00,0
2023-08-15T03:30+02:00,0
2023-08-15T03:45+02:00,0
2023-08-15T04:00+02:00,0
2023-08-15T04:15+02:00,0
2023-08-15T04:30+02:00,0
2023-08-15T04:45+02:00,0
2023-08-15T05:00+02:00,0
2023-08-15T05:15+02:00,0
2023-08-15T05:30+02:00,0
2023-08-15T05:45+02:00,5.8
2023-08-15T06:00+02:00,101.4
2023-08-15T06:15+02:00,324.7
2023-08-15T06:30+02:00,706.1
2023-08-15T06:45+02:00,1280.9
2023-08-15T07:00+02:00,2124.6
2023-08-15T07:15+02:00,3267.8
2023-08-15T07:30+02:00,4623.8
2023-08-15T07:45+02:00,6110.7
2023-08-15T08:00+02:00,7763.9
2023-08-15T08:15+02:00,9567
2023-08-15T08:30+02:00,11420.6
2023-08-15T08:45+02:00,13276.4
2023-08-15T09:00+02:00,15037.5
2023-08-15T09:15+02:00,16752.2
2023-08-15T09:30+02:00,18420.8
2023-08-15T09:45+02:00,20014.5
2023-08-15T10:00+02:00,21526.1
2023-08-15T10:15+02:00,22968.1
2023-08-15T10:30+02:00,24279.7
2023-08-15T10:45+02:00,25458.6
2023-08-15T11:00+02:00,26504.9
2023-08-15T11:15+02:00,27393
2023-08-15T11:30+02:00,28138.4
2023-08-15T11:45+02:00,28731.6
2023-08-15T12:00+02:00,29171.6
2023-08-15T12:15+02:00,29465.2
2023-08-15T12:30+02:00,29637.8
2023-08-15T12:45+02:00,29720.6
2023-08-15T13:00+02:00,29684.5
2023-08-15T13:15+02:00,29525.4
2023-08-15T13:30+02:00,29251.8
2023-08-15T13:45+02:00,28880.5
2023-08-15T14:00+02:00,28552.8
2023-08-15T14:15+02:00,28031.6
2023-08-15T14:30+02:00,27440.6
2023-08-15T14:45+02:00,26761.6
2023-08-15T15:00+02:00,26001.6
2023-08-15T15:15+02:00,25159.8
2023-08-15T15:30+02:00,24206.8
2023-08-15T15:45+02:00,23122.8
2023-08-15T16:00+02:00,21918.4
2023-08-15T16:15+02:00,20585.8
2023-08-15T16:30+02:00,19154.8
2023-08-15T16:45+02:00,17660.4
2023-08-15T17:00+02:00,16126.3
2023-08-15T17:15+02:00,14491.9
2023-08-15T17:30+02:00,12832.5
2023-08-15T17:45+02:00,11175
2023-08-15T18:00+02:00,9573.8
2023-08-15T18:15+02:00,8022.4
2023-08-15T18:30+02:00,6531.3
2023-08-15T18:45+02:00,5154.3
2023-08-15T19:00+02:00,3919
2023-08-15T19:15+02:00,2827.3
2023-08-15T19:30+02:00,1926
2023-08-15T19:45+02:00,1206.1
2023-08-15T20:00+02:00,676.5
2023-08-15T20:15+02:00,328.1
2023-08-15T20:30+02:00,130.9
2023-08-15T20:45+02:00,45.7
2023-08-15T21:00+02:00,18.4
2023-08-15T21:15+02:00,0
2023-08-15T21:30+02:00,0
2023-08-15T21:45+02:00,0
2023-08-15T22:00+02:00,0
2023-08-15T22:15+02:00,0
2023-08-15T22:30+02:00,0
2023-08-15T22:45+02:00,0
2023-08-15T23:00+02:00,0
2023-08-15T23:15+02:00,0
2023-08-15T23:30+02:00,0
2023-08-15T23:45+02:00,0
2023-08-16T00:00+02:00,0
2023-08-16T00:15+02:00,0
2023-08-16T00:30+02:00,0
2023-08-16T00:45+02:00,0
2023-08-16T01:00+02:00,0
2023-08-16T01:15+02:00,0
2023-08-16T01:30+02:00,0
2023-08-16T01:45+02:00,0
2023-08-16T02:00+02:00,0
2023-08-16T02:15+02:00,0
2023-08-16T02:30+02:00,0
2023-08-16T02:45+02:00,0
2023-08-16T03:00+02:00,0
2023-08-16T03:15+02:00,0
2023-08-16T03:30+02:00,0
2023-08-16T03:45+02:00,0
2023-08-16T04:00+02:00,0
2023-08-16T04:15+02:00,0
2023-08-16T04:30+02:00,0
2023-08-16T04:45+02:00,0
2023-08-16T05:00+02:00,0
2023-08-16T05:15+02:00,0
2023-08-16T05:30+02:00,0
2023-08-16T05:45+02:00,3
2023-08-16T06:00+02:00,65.3
2023-08-16T06:15+02:00,238.6
2023-08-16T06:30+02:00,551.5
2023-08-16T06:45+02:00,1028.5
2023-08-16T07:00+02:00,1735.8
2023-08-16T07:15+02:00,2718.5
2023-08-16T07:30+02:00,3908.1
2023-08-16T07:45+02:00,5240.9
2023-08-16T08:00+02:00,6754.6
2023-08-16T08:15+02:00,8406
2023-08-16T08:30+02:00,10166
2023-08-16T08:45+02:00,11983
2023-08-16T09:00+02:00,13813.6
2023-08-16T09:15+02:00,15607.1
2023-08-16T09:30+02:00,17334.6
2023-08-16T09:45+02:00,18998.5
2023-08-16T10:00+02:00,20597.1
2023-08-16T10:15+02:00,22135.7
2023-08-16T10:30+02:00,23578.9
2023-08-16T10:45+02:00,24882.8
2023-08-16T11:00+02:00,25994.7
2023-08-16T11:15+02:00,27023.2
2023-08-16T11:30+02:00,27896.9
2023-08-16T11:45+02:00,28610.8
2023-08-16T12:00+02:00,29194.2
2023-08-16T12:15+02:00,29581.9
2023-08-16T12:30+02:00,29866.8
2023-08-16T12:45+02:00,30051
2023-08-16T13:00+02:00,30102.6
2023-08-16T13:15+02:00,30019.6
2023-08-16T13:30+02:00,29820.9
2023-08-16T13:45+02:00,29526
2023-08-16T14:00+02:00,29113.4
2023-08-16T14:15+02:00,28649.7
2023-08-16T14:30+02:00,28102.7
2023-08-16T14:45+02:00,27464.8
2023-08-16T15:00+02:00,26739.6
2023-08-16T15:15+02:00,25904.4
2023-08-16T15:30+02:00,24975.8
2023-08-16T15:45+02:00,23925.1
2023-08-16T16:00+02:00,22737.4
2023-08-16T16:15+02:00,21414.4
2023-08-16T16:30+02:00,19974.9
2023-08-16T16:45+02:00,18447.9
2023-08-16T17:00+02:00,16796.2
2023-08-16T17:15+02:00,15108.8
2023-08-16T17:30+02:00,13365.4
2023-08-16T17:45+02:00,11599.7
2023-08-16T18:00+02:00,9879.7
2023-08-16T18:15+02:00,8219
2023-08-16T18:30+02:00,6635.3
2023-08-16T18:45+02:00,5177.8
2023-08-16T19:00+02:00,3868.9
2023-08-16T19:15+02:00,2740.4
2023-08-16T19:30+02:00,1834.9
2023-08-16T19:45+02:00,1127.1
2023-08-16T20:00+02:00,601.5
2023-08-16T20:15+02:00,269.2
2023-08-16T20:30+02:00,95.6
2023-08-16T20:45+02:00,36.1
2023-08-16T21:00+02:00,21.2
2023-08-16T21:15+02:00,0
2023-08-16T21:30+02:00,0
2023-08-16T21:45+02:00,0
2023-08-16T22:00+02:00,0
2023-08-16T22:15+02:00,0
2023-08-16T22:30+02:00,0
2023-08-16T22:45+02:00,0
2023-08-16T23:00+02:00,0
2023-08-16T23:15+02:00,0
2023-08-16T23:30+02:00,0
2023-08-16T23:45+02:00,0
2023-08-17T00:00+02:00,0
2023-08-17T00:15+02:00,0
2023-08-17T00:30+02:00,0
2023-08-17T00:45+02:00,0
2023-08-17T01:00+02:00,0
2023-08-17T01:15+02:00,0
2023-08-17T01:30+02:00,0
2023-08-17T01:45+02:00,0
2023-08-17T02:00+02:00,0
2023-08-17T02:15+02:00,0
2023-08-17T02:30+02:00,0
2023-08-17T02:45+02:00,0
2023-08-17T03:00+02:00,0
2023-08-17T03:15+02:00,0
2023-08-17T03:30+02:00,0
2023-08-17T03:45+02:00,0
2023-08-17T04:00+02:00,0
2023-08-17T04:15+02:00,0
2023-08-17T04:30+02:00,0
2023-08-17T04:45+02:00,0
2023-08-17T05:00+02:00,0
2023-08-17T05:15+02:00,0
2023-08-17T05:30+02:00,0
2023-08-17T05:45+02:00,4.5
2023-08-17T06:00+02:00,55.4
2023-08-17T06:15+02:00,186.7
2023-08-17T06:30+02:00,463.2
2023-08-17T06:45+02:00,882.8
2023-08-17T07:00+02:00,1475.5
2023-08-17T07:15+02:00,2287.4
2023-08-17T07:30+02:00,3270.3
2023-08-17T07:45+02:00,4382.2
2023-08-17T08:00+02:00,5654
2023-08-17T08:15+02:00,7089.2
2023-08-17T08:30+02:00,8597.5
2023-08-17T08:45+02:00,10122.8
2023-08-17T09:00+02:00,11622.4
2023-08-17T09:15+02:00,13027.3
2023-08-17T09:30+02:00,14369.7
2023-08-17T09:45+02:00,15651.6
2023-08-17T10:00+02:00,16924.5
2023-08-17T10:15+02:00,18101.2
2023-08-17T10:30+02:00,19216.7
2023-08-17T10:45+02:00,20211.1
2023-08-17T11:00+02:00,21216
2023-08-17T11:15+02:00,22081.7
2023-08-17T11:30+02:00,22857.1
2023-08-17T11:45+02:00,23509.2
2023-08-17T12:00+02:00,24038.5
2023-08-17T12:15+02:00,24453.6
2023-08-17T12:30+02:00,24721.5
2023-08-17T12:45+02:00,24834.1
2023-08-17T13:00+02:00,24844.8
2023-08-17T13:15+02:00,24761.5
2023-08-17T13:30+02:00,24561.4
2023-08-17T13:45+02:00,24254.7
2023-08-17T14:00+02:00,23719.1
2023-08-17T14:15+02:00,23307.9
2023-08-17T14:30+02:00,22822.2
2023-08-17T14:45+02:00,22241.9
2023-08-17T15:00+02:00,21566.5
2023-08-17T15:15+02:00,20800.6
2023-08-17T15:30+02:00,19904
2023-08-17T15:45+02:00,18884.5
2023-08-17T16:00+02:00,17821.5
2023-08-17T16:15+02:00,16687.7
2023-08-17T16:30+02:00,15446.2
2023-08-17T16:45+02:00,14134.9
2023-08-17T17:00+02:00,12795
2023-08-17T17:15+02:00,11429.2
2023-08-17T17:30+02:00,10041.2
2023-08-17T17:45+02:00,8709
2023-08-17T18:00+02:00,7430.6
2023-08-17T18:15+02:00,6187.3
2023-08-17T18:30+02:00,5035.9
2023-08-17T18:45+02:00,3975.4
2023-08-17T19:00+02:00,3000.8
2023-08-17T19:15+02:00,2168.2
2023-08-17T19:30+02:00,1465.5
2023-08-17T19:45+02:00,899.8
2023-08-17T20:00+02:00,479.5
2023-08-17T20:15+02:00,202.8
2023-08-17T20:30+02:00,64.8
2023-08-17T20:45+02:00,25.7
2023-08-17T21:00+02:00,0
2023-08-17T21:15+02:00,0
2023-08-17T21:30+02:00,0
2023-08-17T21:45+02:00,0
2023-08-17T22:00+02:00,0
2023-08-17T22:15+02:00,0
2023-08-17T22:30+02:00,0
2023-08-17T22:45+02:00,0
2023-08-17T23:00+02:00,0
2023-08-17T23:15+02:00,0
2023-08-17T23:30+02:00,0
2023-08-17T23:45+02:00,0
2023-08-18T00:00+02:00,0
2023-08-18T00:15+02:00,0
2023-08-18T00:30+02:00,0
2023-08-18T00:45+02:00,0
2023-08-18T01:00+02:00,0
2023-08-18T01:15+02:00,0
2023-08-18T01:30+02:00,0
2023-08-18T01:45+02:00,0
2023-08-18T02:00+02:00,0
2023-08-18T02:15+02:00,0
2023-08-18T02:30+02:00,0
2023-08-18T02:45+02:00,0
2023-08-18T03:00+02:00,0
2023-08-18T03:15+02:00,0
2023-08-18T03:30+02:00,0
2023-08-18T03:45+02:00,0
2023-08-18T04:00+02:00,0
2023-08-18T04:15+02:00,0
2023-08-18T04:30+02:00,0
2023-08-18T04:45+02:00,0
2023-08-18T05:00+02:00,0
2023-08-18T05:15+02:00,0
2023-08-18T05:30+02:00,0
2023-08-18T05:45+02:00,5.8
2023-08-18T06:00+02:00,80.5
2023-08-18T06:15+02:00,227.5
2023-08-18T06:30+02:00,535.3
2023-08-18T06:45+02:00,1020.9
2023-08-18T07:00+02:00,1756.9
2023-08-18T07:15+02:00,2783.6
2023-08-18T07:30+02:00,4052.9
2023-08-18T07:45+02:00,5509.7
2023-08-18T08:00+02:00,7140.6
2023-08-18T08:15+02:00,8998
2023-08-18T08:30+02:00,10968.7
2023-08-18T08:45+02:00,12998
2023-08-18T09:00+02:00,15015.6
2023-08-18T09:15+02:00,16971.4
2023-08-18T09:30+02:00,18882.6
2023-08-18T09:45+02:00,20798.2
2023-08-18T10:00+02:00,22693.3
2023-08-18T10:15+02:00,24550
2023-08-18T10:30+02:00,26243.6
2023-08-18T10:45+02:00,27777.5
2023-08-18T11:00+02:00,29170.7
2023-08-18T11:15+02:00,30396.9
2023-08-18T11:30+02:00,31477
2023-08-18T11:45+02:00,32381.9
2023-08-18T12:00+02:00,33117.3
2023-08-18T12:15+02:00,33700.3
2023-08-18T12:30+02:00,34132.1
2023-08-18T12:45+02:00,34426.6
2023-08-18T13:00+02:00,34584.6
2023-08-18T13:15+02:00,34615.9
2023-08-18T13:30+02:00,34561.6
2023-08-18T13:45+02:00,34405.1
2023-08-18T14:00+02:00,34122
2023-08-18T14:15+02:00,33668.7
2023-08-18T14:30+02:00,33086.3
2023-08-18T14:45+02:00,32374.4
2023-08-18T15:00+02:00,31525.5
2023-08-18T15:15+02:00,30542
2023-08-18T15:30+02:00,29427.8
2023-08-18T15:45+02:00,28171.4
2023-08-18T16:00+02:00,26771.5
2023-08-18T16:15+02:00,25210.1
2023-08-18T16:30+02:00,23533.9
2023-08-18T16:45+02:00,21793.5
2023-08-18T17:00+02:00,19915.6
2023-08-18T17:15+02:00,17964
2023-08-18T17:30+02:00,15946.5
2023-08-18T17:45+02:00,13882.1
2023-08-18T18:00+02:00,11794.9
2023-08-18T18:15+02:00,9693.6
2023-08-18T18:30+02:00,7656.2
2023-08-18T18:45+02:00,5800
2023-08-18T19:00+02:00,4193.1
2023-08-18T19:15+02:00,2874
2023-08-18T19:30+02:00,1859.6
2023-08-18T19:45+02:00,1096.8
2023-08-18T20:00+02:00,584.1
2023-08-18T20:15+02:00,250
2023-08-18T20:30+02:00,84.7
2023-08-18T20:45+02:00,44.4
2023-08-18T21:00+02:00,0
2023-08-18T21:15+02:00,0
2023-08-18T21:30+02:00,0
2023-08-18T21:45+02:00,0
2023-08-18T22:00+02:00,0
2023-08-18T22:15+02:00,0
2023-08-18T22:30+02:00,0
2023-08-18T22:45+02:00,0
2023-08-18T23:00+02:00,0
2023-08-18T23:15+02:00,0
2023-08-18T23:30+02:00,0
2023-08-18T23:45+02:00,0
2023-08-19T00:00+02:00,0
2023-08-19T00:15+02:00,0
2023-08-19T00:30+02:00,0
2023-08-19T00:45+02:00,0
2023-08-19T01:00+02:00,0
2023-08-19T01:15+02:00,0
2023-08-19T01:30+02:00,0
2023-08-19T01:45+02:00,0
2023-08-19T02:00+02:00,0
2023-08-19T02:15+02:00,0
2023-08-19T02:30+02:00,0
2023-08-19T02:45+02:00,0
2023-08-19T03:00+02:00,0
2023-08-19T03:15+02:00,0
2023-08-19T03:30+02:00,0
2023-08-19T03:45+02:00,0
2023-08-19T04:00+02:00,0
2023-08-19T04:15+02:00,0
2023-08-19T04:30+02:00,0
2023-08-19T04:45+02:00,0
2023-08-19T05:00+02:00,0
2023-08-19T05:15+02:00,0
2023-08-19T05:30+02:00,0
2023-08-19T05:45+02:00,2.1
2023-08-19T06:00+02:00,82.6
2023-08-19T06:15+02:00,262.6
2023-08-19T06:30+02:00,626
2023-08-19T06:45+02:00,1206.2
2023-08-19T07:00+02:00,2113.2
2023-08-19T07:15+02:00,3380.2
2023-08-19T07:30+02:00,4917.7
2023-08-19T07:45+02:00,6679.1
2023-08-19T08:00+02:00,8630.9
2023-08-19T08:15+02:00,10743.6
2023-08-19T08:30+02:00,12951.5
2023-08-19T08:45+02:00,15166.4
2023-08-19T09:00+02:00,17254.6
2023-08-19T09:15+02:00,19232.1
2023-08-19T09:30+02:00,21145.7
2023-08-19T09:45+02:00,22925.4
2023-08-19T10:00+02:00,24546.8
2023-08-19T10:15+02:00,26037.5
2023-08-19T10:30+02:00,27382.6
2023-08-19T10:45+02:00,28579
2023-08-19T11:00+02:00,29641.3
2023-08-19T11:15+02:00,30583.6
2023-08-19T11:30+02:00,31369
2023-08-19T11:45+02:00,31990.8
2023-08-19T12:00+02:00,32485.4
2023-08-19T12:15+02:00,32837.1
2023-08-19T12:30+02:00,33017.6
2023-08-19T12:45+02:00,33066.5
2023-08-19T13:00+02:00,33000.5
2023-08-19T13:15+02:00,32788.8
2023-08-19T13:30+02:00,32435.6
2023-08-19T13:45+02:00,31957.4
2023-08-19T14:00+02:00,31396.4
2023-08-19T14:15+02:00,30756
2023-08-19T14:30+02:00,29957.4
2023-08-19T14:45+02:00,29009
2023-08-19T15:00+02:00,27987.7
2023-08-19T15:15+02:00,26892.9
2023-08-19T15:30+02:00,25681.7
2023-08-19T15:45+02:00,24338.9
2023-08-19T16:00+02:00,22889
2023-08-19T16:15+02:00,21340.4
2023-08-19T16:30+02:00,19722.2
2023-08-19T16:45+02:00,18068.7
2023-08-19T17:00+02:00,16357.6
2023-08-19T17:15+02:00,14585.2
2023-08-19T17:30+02:00,12784.2
2023-08-19T17:45+02:00,11016.6
2023-08-19T18:00+02:00,9300.5
2023-08-19T18:15+02:00,7618.3
2023-08-19T18:30+02:00,6046.5
2023-08-19T18:45+02:00,4626.7
2023-08-19T19:00+02:00,3390.3
2023-08-19T19:15+02:00,2367.2
2023-08-19T19:30+02:00,1545.2
2023-08-19T19:45+02:00,903.6
2023-08-19T20:00+02:00,439.1
2023-08-19T20:15+02:00,181.3
2023-08-19T20:30+02:00,75.2
2023-08-19T20:45+02:00,48.5
2023-08-19T21:00+02:00,0
2023-08-19T21:15+02:00,0
2023-08-19T21:30+02:00,0
2023-08-19T21:45+02:00,0
2023-08-19T22:00+02:00,0
2023-08-19T22:15+02:00,0
2023-08-19T22:30+02:00,0
2023-08-19T22:45+02:00,0
2023-08-19T23:00+02:00,0
2023-08-19T23:15+02:00,0
2023-08-19T23:30+02:00,0
2023-08-19T23:45+02:00,0
2023-08-20T00:00+02:00,0
2023-08-20T00:15+02:00,0
2023-08-20T00:30+02:00,0
2023-08-20T00:45+02:00,0
2023-08-20T01:00+02:00,0
2023-08-20T01:15+02:00,0
2023-08-20T01:30+02:00,0
2023-08-20T01:45+02:00,0
2023-08-20T02:00+02:00,0
2023-08-20T02:15+02:00,0
2023-08-20T02:30+02:00,0
2023-08-20T02:45+02:00,0
2023-08-20T03:00+02:00,0
2023-08-20T03:15+02:00,0
2023-08-20T03:30+02:00,0
2023-08-20T03:45+02:00,0
2023-08-20T04:00+02:00,0
2023-08-20T04:15+02:00,0
2023-08-20T04:30+02:00,0
2023-08-20T04:45+02:00,0
2023-08-20T05:00+02:00,0
2023-08-20T05:15+02:00,0
2023-08-20T05:30+02:00,0
2023-08-20T05:45+02:00,0
2023-08-20T06:00+02:00,48.4
2023-08-20T06:15+02:00,179.8
2023-08-20T06:30+02:00,482.7
2023-08-20T06:45+02:00,988.4
2023-08-20T07:00+02:00,1784.6
2023-08-20T07:15+02:00,2894.8
2023-08-20T07:30+02:00,4267.7
2023-08-20T07:45+02:00,5880
2023-08-20T08:00+02:00,7648.9
2023-08-20T08:15+02:00,9538.6
2023-08-20T08:30+02:00,11564.2
2023-08-20T08:45+02:00,13663.5
2023-08-20T09:00+02:00,15713
2023-08-20T09:15+02:00,17743.8
2023-08-20T09:30+02:00,19761.7
2023-08-20T09:45+02:00,21705.3
2023-08-20T10:00+02:00,23551.6
2023-08-20T10:15+02:00,25296
2023-08-20T10:30+02:00,26936.2
2023-08-20T10:45+02:00,28436.1
2023-08-20T11:00+02:00,29782.4
2023-08-20T11:15+02:00,30983.2
2023-08-20T11:30+02:00,32050.5
2023-08-20T11:45+02:00,32981.6
2023-08-20T12:00+02:00,33767.1
2023-08-20T12:15+02:00,34407.3
2023-08-20T12:30+02:00,34894.3
2023-08-20T12:45+02:00,35224.3
2023-08-20T13:00+02:00,35405.4
2023-08-20T13:15+02:00,35451.9
2023-08-20T13:30+02:00,35367.9
2023-08-20T13:45+02:00,35144.3
2023-08-20T14:00+02:00,34791.4
2023-08-20T14:15+02:00,34309.9
2023-08-20T14:30+02:00,33712.9
2023-08-20T14:45+02:00,32991.9
2023-08-20T15:00+02:00,32119.3
2023-08-20T15:15+02:00,31095.9
2023-08-20T15:30+02:00,29942.9
2023-08-20T15:45+02:00,28658.7
2023-08-20T16:00+02:00,27208.7
2023-08-20T16:15+02:00,25561.3
2023-08-20T16:30+02:00,23787
2023-08-20T16:45+02:00,21939.8
2023-08-20T17:00+02:00,19979.2
2023-08-20T17:15+02:00,17951.2
2023-08-20T17:30+02:00,15851.4
2023-08-20T17:45+02:00,13737
2023-08-20T18:00+02:00,11632.3
2023-08-20T18:15+02:00,9557.5
2023-08-20T18:30+02:00,7549.4
2023-08-20T18:45+02:00,5701
2023-08-20T19:00+02:00,4088.2
2023-08-20T19:15+02:00,2751.9
2023-08-20T19:30+02:00,1716.8
2023-08-20T19:45+02:00,978
2023-08-20T20:00+02:00,478.5
2023-08-20T20:15+02:00,180.6
2023-08-20T20:30+02:00,63.9
2023-08-20T20:45+02:00,40.7
2023-08-20T21:00+02:00,0
2023-08-20T21:15+02:00,0
2023-08-20T21:30+02:00,0
2023-08-20T21:45+02:00,0
2023-08-20T22:00+02:00,0
2023-08-20T22:15+02:00,0
2023-08-20T22:30+02:00,0
2023-08-20T22:45+02:00,0
2023-08-20T23:00+02:00,0
2023-08-20T23:15+02:00,0
2023-08-20T23:30+02:00,0
2023-08-20T23:45+02:00,0
2023-08-21T00:00+02:00,0
2023-08-21T00:15+02:00,0
2023-08-21T00:30+02:00,0
2023-08-21T00:45+02:00,0
2023-08-21T01:00+02:00,0
2023-08-21T01:15+02:00,0
2023-08-21T01:30+02:00,0
2023-08-21T01:45+02:00,0
2023-08-21T02:00+02:00,0
2023-08-21T02:15+02:00,0
2023-08-21T02:30+02:00,0
2023-08-21T02:45+02:00,0
2023-08-21T03:00+02:00,0
2023-08-21T03:15+02:00,0
2023-08-21T03:30+02:00,0
2023-08-21T03:45+02:00,0
2023-08-21T04:00+02:00,0
2023-08-21T04:15+02:00,0
2023-08-21T04:30+02:00,0
2023-08-21T04:45+02:00,0
2023-08-21T05:00+02:00,0
2023-08-21T05:15+02:00,0
2023-08-21T05:30+02:00,0
2023-08-21T05:45+02:00,0
2023-08-21T06:00+02:00,38.8
2023-08-21T06:15+02:00,159.2
2023-08-21T06:30+02:00,485.2
2023-08-21T06:45+02:00,1021.9
2023-08-21T07:00+02:00,1847.7
2023-08-21T07:15+02:00,3000
2023-08-21T07:30+02:00,4427.2
2023-08-21T07:45+02:00,6121.8
2023-08-21T08:00+02:00,7986.2
2023-08-21T08:15+02:00,10022.2
2023-08-21T08:30+02:00,12207.4
2023-08-21T08:45+02:00,14459.4
2023-08-21T09:00+02:00,16666.8
2023-08-21T09:15+02:00,18840.3
2023-08-21T09:30+02:00,20991.8
2023-08-21T09:45+02:00,23054.9
2023-08-21T10:00+02:00,25011.1
2023-08-21T10:15+02:00,26844.5
2023-08-21T10:30+02:00,28530
2023-08-21T10:45+02:00,30033.2
2023-08-21T11:00+02:00,31303.9
2023-08-21T11:15+02:00,32412.7
2023-08-21T11:30+02:00,33349
2023-08-21T11:45+02:00,34109.4
2023-08-21T12:00+02:00,34702.8
2023-08-21T12:15+02:00,35131.3
2023-08-21T12:30+02:00,35392.6
2023-08-21T12:45+02:00,35495.2
2023-08-21T13:00+02:00,35458.2
2023-08-21T13:15+02:00,35262.3
2023-08-21T13:30+02:00,34961.5
2023-08-21T13:45+02:00,34570.1
2023-08-21T14:00+02:00,34073.1
2023-08-21T14:15+02:00,33452
2023-08-21T14:30+02:00,32749.4
2023-08-21T14:45+02:00,31967.1
2023-08-21T15:00+02:00,31055.2
2023-08-21T15:15+02:00,30014.2
2023-08-21T15:30+02:00,28885.6
2023-08-21T15:45+02:00,27659.5
2023-08-21T16:00+02:00,26272.1
2023-08-21T16:15+02:00,24715.9
2023-08-21T16:30+02:00,23036.3
2023-08-21T16:45+02:00,21268.3
2023-08-21T17:00+02:00,19409.1
2023-08-21T17:15+02:00,17418.3
2023-08-21T17:30+02:00,15351
2023-08-21T17:45+02:00,13250
2023-08-21T18:00+02:00,11176.5
2023-08-21T18:15+02:00,9148.7
2023-08-21T18:30+02:00,7189.6
2023-08-21T18:45+02:00,5385.7
2023-08-21T19:00+02:00,3843
2023-08-21T19:15+02:00,2574.6
2023-08-21T19:30+02:00,1602.4
2023-08-21T19:45+02:00,900.8
2023-08-21T20:00+02:00,423.9
2023-08-21T20:15+02:00,155.2
2023-08-21T20:30+02:00,57.8
2023-08-21T20:45+02:00,36.9
2023-08-21T21:00+02:00,0
2023-08-21T21:15+02:00,0
2023-08-21T21:30+02:00,0
2023-08-21T21:45+02:00,0
2023-08-21T22:00+02:00,0
2023-08-21T22:15+02:00,0
2023-08-21T22:30+02:00,0
2023-08-21T22:45+02:00,0
2023-08-21T23:00+02:00,0
2023-08-21T23:15+02:00,0
2023-08-21T23:30+02:00,0
2023-08-21T23:45+02:00,0
2023-08-22T00:00+02:00,0
2023-08-22T00:15+02:00,0
2023-08-22T00:30+02:00,0
2023-08-22T00:45+02:00,0
2023-08-22T01:00+02:00,0
2023-08-22T01:15+02:00,0
2023-08-22T01:30+02:00,0
2023-08-22T01:45+02:00,0
2023-08-22T02:00+02:00,0
2023-08-22T02:15+02:00,0
2023-08-22T02:30+02:00,0
2023-08-22T02:45+02:00,0
2023-08-22T03:00+02:00,0
2023-08-22T03:15+02:00,0
2023-08-22T03:30+02:00,0
2023-08-22T03:45+02:00,0
2023-08-22T04:00+02:00,0
2023-08-22T04:15+02:00,0
2023-08-22T04:30+02:00,0
2023-08-22T04:45+02:00,0
2023-08-22T05:00+02:00,0
2023-08-22T05:15+02:00,0
2023-08-22T05:30+02:00,0
2023-08-22T05:45+02:00,0
2023-08-22T06:00+02:00,32.4
2023-08-22T06:15+02:00,133.5
2023-08-22T06:30+02:00,406.4
2023-08-22T06:45+02:00,895.2
2023-08-22T07:00+02:00,1670.6
2023-08-22T07:15+02:00,2819.4
2023-08-22T07:30+02:00,4261.1
2023-08-22T07:45+02:00,5911.1
2023-08-22T08:00+02:00,7729.2
2023-08-22T08:15+02:00,9703.3
2023-08-22T08:30+02:00,11782.9
2023-08-22T08:45+02:00,13888.8
2023-08-22T09:00+02:00,15920.4
2023-08-22T09:15+02:00,17908.7
2023-08-22T09:30+02:00,19867.1
2023-08-22T09:45+02:00,21759.2
2023-08-22T10:00+02:00,23606
2023-08-22T10:15+02:00,25367.1
2023-08-22T10:30+02:00,27015.1
2023-08-22T10:45+02:00,28524.2
2023-08-22T11:00+02:00,29848.5
2023-08-22T11:15+02:00,31015.7
2023-08-22T11:30+02:00,32007.9
2023-08-22T11:45+02:00,32824.8
2023-08-22T12:00+02:00,33453
2023-08-22T12:15+02:00,33921.2
2023-08-22T12:30+02:00,34255.8
2023-08-22T12:45+02:00,34455.2
2023-08-22T13:00+02:00,34527.9
2023-08-22T13:15+02:00,34466.6
2023-08-22T13:30+02:00,34323.7
2023-08-22T13:45+02:00,34072.8
2023-08-22T14:00+02:00,33711.2
2023-08-22T14:15+02:00,33221.2
2023-08-22T14:30+02:00,32628.3
2023-08-22T14:45+02:00,31920.3
2023-08-22T15:00+02:00,31062.3
2023-08-22T15:15+02:00,30044.8
2023-08-22T15:30+02:00,28906.8
2023-08-22T15:45+02:00,27655.1
2023-08-22T16:00+02:00,26279.1
2023-08-22T16:15+02:00,24766.8
2023-08-22T16:30+02:00,23149.8
2023-08-22T16:45+02:00,21433.2
2023-08-22T17:00+02:00,19603.9
2023-08-22T17:15+02:00,17620.2
2023-08-22T17:30+02:00,15535
2023-08-22T17:45+02:00,13387.6
2023-08-22T18:00+02:00,11274.4
2023-08-22T18:15+02:00,9203.2
2023-08-22T18:30+02:00,7212.2
2023-08-22T18:45+02:00,5441.5
2023-08-22T19:00+02:00,3928.8
2023-08-22T19:15+02:00,2643.2
2023-08-22T19:30+02:00,1653.7
2023-08-22T19:45+02:00,904.6
2023-08-22T20:00+02:00,399
2023-08-22T20:15+02:00,129.7
2023-08-22T20:30+02:00,45.9
2023-08-22T20:45+02:00,32.3
2023-08-22T21:00+02:00,0
2023-08-22T21:15+02:00,0
2023-08-22T21:30+02:00,0
2023-08-22T21:45+02:00,0
2023-08-22T22:00+02:00,0
2023-08-22T22:15+02:00,0
2023-08-22T22:30+02:00,0
2023-08-22T22:45+02:00,0
2023-08-22T23:00+02:00,0
2023-08-22T23:15+02:00,0
2023-08-22T23:30+02:00,0
2023-08-22T23:45+02:00,0
2023-08-23T00:00+02:00,0
2023-08-23T00:15+02:00,0
2023-08-23T00:30+02:00,0
2023-08-23T00:45+02:00,0
2023-08-23T01:00+02:00,0
2023-08-23T01:15+02:00,0
2023-08-23T01:30+02:00,0
2023-08-23T01:45+02:00,0
2023-08-23T02:00+02:00,0
2023-08-23T02:15+02:00,0
2023-08-23T02:30+02:00,0
2023-08-23T02:45+02:00,0
2023-08-23T03:00+02:00,0
2023-08-23T03:15+02:00,0
2023-08-23T03:30+02:00,0
2023-08-23T03:45+02:00,0
2023-08-23T04:00+02:00,0
2023-08-23T04:15+02:00,0
2023-08-23T04:30+02:00,0
2023-08-23T04:45+02:00,0
2023-08-23T05:00+02:00,0
2023-08-23T05:15+02:00,0
2023-08-23T05:30+02:00,0
2023-08-23T05:45+02:00,0
2023-08-23T06:00+02:00,32.7
2023-08-23T06:15+02:00,125.9
2023-08-23T06:30+02:00,425.4
2023-08-23T06:45+02:00,996.7
2023-08-23T07:00+02:00,1817.9
2023-08-23T07:15+02:00,3004
2023-08-23T07:30+02:00,4507.2
2023-08-23T07:45+02:00,6261.7
2023-08-23T08:00+02:00,8258.1
2023-08-23T08:15+02:00,10415
2023-08-23T08:30+02:00,12702.5
2023-08-23T08:45+02:00,15010.3
2023-08-23T09:00+02:00,17242.2
2023-08-23T09:15+02:00,19349.3
2023-08-23T09:30+02:00,21386.7
2023-08-23T09:45+02:00,23299.3
2023-08-23T10:00+02:00,25072.8
2023-08-23T10:15+02:00,26711
2023-08-23T10:30+02:00,28249.2
2023-08-23T10:45+02:00,29647.8
2023-08-23T11:00+02:00,30884.1
2023-08-23T11:15+02:00,31963.7
2023-08-23T11:30+02:00,32907.4
2023-08-23T11:45+02:00,33706
2023-08-23T12:00+02:00,34354.8
2023-08-23T12:15+02:00,34853.9
2023-08-23T12:30+02:00,35214.8
2023-08-23T12:45+02:00,35436.1
2023-08-23T13:00+02:00,35526.3
2023-08-23T13:15+02:00,35469.4
2023-08-23T13:30+02:00,35300.1
2023-08-23T13:45+02:00,35031.7
2023-08-23T14:00+02:00,34658.2
2023-08-23T14:15+02:00,34151.7
2023-08-23T14:30+02:00,33538.8
2023-08-23T14:45+02:00,32812.7
2023-08-23T15:00+02:00,31938.1
2023-08-23T15:15+02:00,30916.3
2023-08-23T15:30+02:00,29754.1
2023-08-23T15:45+02:00,28455.7
2023-08-23T16:00+02:00,26992.4
2023-08-23T16:15+02:00,25342.2
2023-08-23T16:30+02:00,23552
2023-08-23T16:45+02:00,21643.9
2023-08-23T17:00+02:00,19668.3
2023-08-23T17:15+02:00,17579.4
2023-08-23T17:30+02:00,15427.2
2023-08-23T17:45+02:00,13256.8
2023-08-23T18:00+02:00,11096
2023-08-23T18:15+02:00,9004.1
2023-08-23T18:30+02:00,6978.8
2023-08-23T18:45+02:00,5197.2
2023-08-23T19:00+02:00,3671.8
2023-08-23T19:15+02:00,2430
2023-08-23T19:30+02:00,1541.3
2023-08-23T19:45+02:00,881.9
2023-08-23T20:00+02:00,386.7
2023-08-23T20:15+02:00,120.7
2023-08-23T20:30+02:00,41.1
2023-08-23T20:45+02:00,0
2023-08-23T21:00+02:00,0
2023-08-23T21:15+02:00,0
2023-08-23T21:30+02:00,0
2023-08-23T21:45+02:00,0
2023-08-23T22:00+02:00,0
2023-08-23T22:15+02:00,0
2023-08-23T22:30+02:00,0
2023-08-23T22:45+02:00,0
2023-08-23T23:00+02:00,0
2023-08-23T23:15+02:00,0
2023-08-23T23:30+02:00,0
2023-08-23T23:45+02:00,0
2023-08-24T00:00+02:00,0
2023-08-24T00:15+02:00,0
2023-08-24T00:30+02:00,0
2023-08-24T00:45+02:00,0
2023-08-24T01:00+02:00,0
2023-08-24T01:15+02:00,0
2023-08-24T01:30+02:00,0
2023-08-24T01:45+02:00,0
2023-08-24T02:00+02:00,0
2023-08-24T02:15+02:00,0
2023-08-24T02:30+02:00,0
2023-08-24T02:45+02:00,0
2023-08-24T03:00+02:00,0
2023-08-24T03:15+02:00,0
2023-08-24T03:30+02:00,0
2023-08-24T03:45+02:00,0
2023-08-24T04:00+02:00,0
2023-08-24T04:15+02:00,0
2023-08-24T04:30+02:00,0
2023-08-24T04:45+02:00,0
2023-08-24T05:00+02:00,0
2023-08-24T05:15+02:00,0
2023-08-24T05:30+02:00,0
2023-08-24T05:45+02:00,0
2023-08-24T06:00+02:00,33.9
2023-08-24T06:15+02:00,130.3
2023-08-24T06:30+02:00,401
2023-08-24T06:45+02:00,905.8
2023-08-24T07:00+02:00,1698.3
2023-08-24T07:15+02:00,2871.2
2023-08-24T07:30+02:00,4357.6
2023-08-24T07:45+02:00,6016.4
2023-08-24T08:00+02:00,7809.3
2023-08-24T08:15+02:00,9768.6
2023-08-24T08:30+02:00,11861.2
2023-08-24T08:45+02:00,13974.8
2023-08-24T09:00+02:00,16077.9
2023-08-24T09:15+02:00,18158.6
2023-08-24T09:30+02:00,20206.7
2023-08-24T09:45+02:00,22191.8
2023-08-24T10:00+02:00,24081.3
2023-08-24T10:15+02:00,25887.5
2023-08-24T10:30+02:00,27534.1
2023-08-24T10:45+02:00,28976.5
2023-08-24T11:00+02:00,30293.1
2023-08-24T11:15+02:00,31389.5
2023-08-24T11:30+02:00,32244.3
2023-08-24T11:45+02:00,32841.1
2023-08-24T12:00+02:00,33257.5
2023-08-24T12:15+02:00,33488
2023-08-24T12:30+02:00,33507.9
2023-08-24T12:45+02:00,33334.8
2023-08-24T13:00+02:00,33063
2023-08-24T13:15+02:00,32647.3
2023-08-24T13:30+02:00,32101.7
2023-08-24T13:45+02:00,31447.4
2023-08-24T14:00+02:00,30697.5
2023-08-24T14:15+02:00,29870
2023-08-24T14:30+02:00,28965.8
2023-08-24T14:45+02:00,27992
2023-08-24T15:00+02:00,26931.8
2023-08-24T15:15+02:00,25779.2
2023-08-24T15:30+02:00,24489.6
2023-08-24T15:45+02:00,23064.9
2023-08-24T16:00+02:00,21540.1
2023-08-24T16:15+02:00,19911.7
2023-08-24T16:30+02:00,18224.5
2023-08-24T16:45+02:00,16524.7
2023-08-24T17:00+02:00,14789.7
2023-08-24T17:15+02:00,12998.4
2023-08-24T17:30+02:00,11184.7
2023-08-24T17:45+02:00,9438.8
2023-08-24T18:00+02:00,7803.7
2023-08-24T18:15+02:00,6296.6
2023-08-24T18:30+02:00,4901.9
2023-08-24T18:45+02:00,3654.2
2023-08-24T19:00+02:00,2624
2023-08-24T19:15+02:00,1779
2023-08-24T19:30+02:00,1108.2
2023-08-24T19:45+02:00,609.7
2023-08-24T20:00+02:00,263.3
2023-08-24T20:15+02:00,86.5
2023-08-24T20:30+02:00,40.4
2023-08-24T20:45+02:00,1.2
2023-08-24T21:00+02:00,0
2023-08-24T21:15+02:00,0
2023-08-24T21:30+02:00,0
2023-08-24T21:45+02:00,0
2023-08-24T22:00+02:00,0
2023-08-24T22:15+02:00,0
2023-08-24T22:30+02:00,0
2023-08-24T22:45+02:00,0
2023-08-24T23:00+02:00,0
2023-08-24T23:15+02:00,0
2023-08-24T23:30+02:00,0
2023-08-24T23:45+02:00,0
2023-08-25T00:00+02:00,0
2023-08-25T00:15+02:00,0
2023-08-25T00:30+02:00,0
2023-08-25T00:45+02:00,0
2023-08-25T01:00+02:00,0
2023-08-25T01:15+02:00,0
2023-08-25T01:30+02:00,0
2023-08-25T01:45+02:00,0
2023-08-25T02:00+02:00,0
2023-08-25T02:15+02:00,0
2023-08-25T02:30+02:00,0
2023-08-25T02:45+02:00,0
2023-08-25T03:00+02:00,0
2023-08-25T03:15+02:00,0
2023-08-25T03:30+02:00,0
2023-08-25T03:45+02:00,0
2023-08-25T04:00+02:00,0
2023-08-25T04:15+02:00,0
2023-08-25T04:30+02:00,0
2023-08-25T04:45+02:00,0
2023-08-25T05:00+02:00,0
2023-08-25T05:15+02:00,0
2023-08-25T05:30+02:00,0
2023-08-25T05:45+02:00,0
2023-08-25T06:00+02:00,21.3
2023-08-25T06:15+02:00,83.3
2023-08-25T06:30+02:00,269.5
2023-08-25T06:45+02:00,658.7
2023-08-25T07:00+02:00,1279.9
2023-08-25T07:15+02:00,2148.6
2023-08-25T07:30+02:00,3243.6
2023-08-25T07:45+02:00,4484.2
2023-08-25T08:00+02:00,5683.1
2023-08-25T08:15+02:00,7096
2023-08-25T08:30+02:00,8561.9
2023-08-25T08:45+02:00,10043.8
2023-08-25T09:00+02:00,11519.3
2023-08-25T09:15+02:00,12999.6
2023-08-25T09:30+02:00,14407.7
2023-08-25T09:45+02:00,15696.2
2023-08-25T10:00+02:00,16892.9
2023-08-25T10:15+02:00,18036.1
2023-08-25T10:30+02:00,19116.4
2023-08-25T10:45+02:00,20074.4
2023-08-25T11:00+02:00,20964.8
2023-08-25T11:15+02:00,21669
2023-08-25T11:30+02:00,22200.9
2023-08-25T11:45+02:00,22586.3
2023-08-25T12:00+02:00,22878
2023-08-25T12:15+02:00,23097.4
2023-08-25T12:30+02:00,23231
2023-08-25T12:45+02:00,23283.2
2023-08-25T13:00+02:00,23260.8
2023-08-25T13:15+02:00,23175
2023-08-25T13:30+02:00,22950.1
2023-08-25T13:45+02:00,22569.1
2023-08-25T14:00+02:00,22072.5
2023-08-25T14:15+02:00,21518.2
2023-08-25T14:30+02:00,20873.4
2023-08-25T14:45+02:00,20135.4
2023-08-25T15:00+02:00,19380
2023-08-25T15:15+02:00,18605
2023-08-25T15:30+02:00,17725.1
2023-08-25T15:45+02:00,16744.7
2023-08-25T16:00+02:00,15737.7
2023-08-25T16:15+02:00,14703.8
2023-08-25T16:30+02:00,13623.8
2023-08-25T16:45+02:00,12498.2
2023-08-25T17:00+02:00,11420
2023-08-25T17:15+02:00,10244.8
2023-08-25T17:30+02:00,9006
2023-08-25T17:45+02:00,7751.2
2023-08-25T18:00+02:00,6566.1
2023-08-25T18:15+02:00,5406.9
2023-08-25T18:30+02:00,4298.9
2023-08-25T18:45+02:00,3261.2
2023-08-25T19:00+02:00,2353.1
2023-08-25T19:15+02:00,1612.8
2023-08-25T19:30+02:00,1020.8
2023-08-25T19:45+02:00,571
2023-08-25T20:00+02:00,243.5
2023-08-25T20:15+02:00,74.8
2023-08-25T20:30+02:00,28.1
2023-08-25T20:45+02:00,2.7
2023-08-25T21:00+02:00,0
2023-08-25T21:15+02:00,0
2023-08-25T21:30+02:00,0
2023-08-25T21:45+02:00,0
2023-08-25T22:00+02:00,0
2023-08-25T22:15+02:00,0
2023-08-25T22:30+02:00,0
2023-08-25T22:45+02:00,0
2023-08-25T23:00+02:00,0
2023-08-25T23:15+02:00,0
2023-08-25T23:30+02:00,0
2023-08-25T23:45+02:00,0
2023-08-26T00:00+02:00,0
2023-08-26T00:15+02:00,0
2023-08-26T00:30+02:00,0
2023-08-26T00:45+02:00,0
2023-08-26T01:00+02:00,0
2023-08-26T01:15+02:00,0
2023-08-26T01:30+02:00,0
2023-08-26T01:45+02:00,0
2023-08-26T02:00+02:00,0
2023-08-26T02:15+02:00,0
2023-08-26T02:30+02:00,0
2023-08-26T02:45+02:00,0
2023-08-26T03:00+02:00,0
2023-08-26T03:15+02:00,0
2023-08-26T03:30+02:00,0
2023-08-26T03:45+02:00,0
2023-08-26T04:00+02:00,0
2023-08-26T04:15+02:00,0
2023-08-26T04:30+02:00,0
2023-08-26T04:45+02:00,0
2023-08-26T05:00+02:00,0
2023-08-26T05:15+02:00,0
2023-08-26T05:30+02:00,0
2023-08-26T05:45+02:00,0
2023-08-26T06:00+02:00,16.5
2023-08-26T06:15+02:00,59.6
2023-08-26T06:30+02:00,186.6
2023-08-26T06:45+02:00,483.4
2023-08-26T07:00+02:00,978.8
2023-08-26T07:15+02:00,1688.1
2023-08-26T07:30+02:00,2635.5
2023-08-26T07:45+02:00,3790.3
2023-08-26T08:00+02:00,5124.1
2023-08-26T08:15+02:00,6526.1
2023-08-26T08:30+02:00,8029
2023-08-26T08:45+02:00,9606.9
2023-08-26T09:00+02:00,11205.7
2023-08-26T09:15+02:00,12840.3
2023-08-26T09:30+02:00,14472.3
2023-08-26T09:45+02:00,16034.4
2023-08-26T10:00+02:00,17582.9
2023-08-26T10:15+02:00,19118.8
2023-08-26T10:30+02:00,20589.6
2023-08-26T10:45+02:00,21915.5
2023-08-26T11:00+02:00,23187.3
2023-08-26T11:15+02:00,24241.7
2023-08-26T11:30+02:00,25129.7
2023-08-26T11:45+02:00,25836.6
2023-08-26T12:00+02:00,26382.2
2023-08-26T12:15+02:00,26787.7
2023-08-26T12:30+02:00,27044.6
2023-08-26T12:45+02:00,27169.3
2023-08-26T13:00+02:00,27188.6
2023-08-26T13:15+02:00,27106.5
2023-08-26T13:30+02:00,26883.7
2023-08-26T13:45+02:00,26532.7
2023-08-26T14:00+02:00,25935.3
2023-08-26T14:15+02:00,25366.6
2023-08-26T14:30+02:00,24697.4
2023-08-26T14:45+02:00,23899.8
2023-08-26T15:00+02:00,23005.3
2023-08-26T15:15+02:00,22018.7
2023-08-26T15:30+02:00,20913
2023-08-26T15:45+02:00,19696.9
2023-08-26T16:00+02:00,18415.6
2023-08-26T16:15+02:00,17030.9
2023-08-26T16:30+02:00,15577.5
2023-08-26T16:45+02:00,14136.5
2023-08-26T17:00+02:00,12727.5
2023-08-26T17:15+02:00,11217.9
2023-08-26T17:30+02:00,9731.4
2023-08-26T17:45+02:00,8294.7
2023-08-26T18:00+02:00,6920.4
2023-08-26T18:15+02:00,5617.6
2023-08-26T18:30+02:00,4394.1
2023-08-26T18:45+02:00,3279
2023-08-26T19:00+02:00,2308.2
2023-08-26T19:15+02:00,1533.5
2023-08-26T19:30+02:00,931.7
2023-08-26T19:45+02:00,505.1
2023-08-26T20:00+02:00,217.6
2023-08-26T20:15+02:00,56.1
2023-08-26T20:30+02:00,12.5
2023-08-26T20:45+02:00,2
2023-08-26T21:00+02:00,0
2023-08-26T21:15+02:00,0
2023-08-26T21:30+02:00,0
2023-08-26T21:45+02:00,0
2023-08-26T22:00+02:00,0
2023-08-26T22:15+02:00,0
2023-08-26T22:30+02:00,0
2023-08-26T22:45+02:00,0
2023-08-26T23:00+02:00,0
2023-08-26T23:15+02:00,0
2023-08-26T23:30+02:00,0
2023-08-26T23:45+02:00,0
2023-08-27T00:00+02:00,0
2023-08-27T00:15+02:00,0
2023-08-27T00:30+02:00,0
2023-08-27T00:45+02:00,0
2023-08-27T01:00+02:00,0
2023-08-27T01:15+02:00,0
2023-08-27T01:30+02:00,0
2023-08-27T01:45+02:00,0
2023-08-27T02:00+02:00,0
2023-08-27T02:15+02:00,0
2023-08-27T02:30+02:00,0
2023-08-27T02:45+02:00,0
2023-08-27T03:00+02:00,0
2023-08-27T03:15+02:00,0
2023-08-27T03:30+02:00,0
2023-08-27T03:45+02:00,0
2023-08-27T04:00+02:00,0
2023-08-27T04:15+02:00,0
2023-08-27T04:30+02:00,0
2023-08-27T04:45+02:00,0
2023-08-27T05:00+02:00,0
2023-08-27T05:15+02:00,0
2023-08-27T05:30+02:00,0
2023-08-27T05:45+02:00,0
2023-08-27T06:00+02:00,22.2
2023-08-27T06:15+02:00,87.7
2023-08-27T06:30+02:00,217.8
2023-08-27T06:45+02:00,487.9
2023-08-27T07:00+02:00,912.2
2023-08-27T07:15+02:00,1517.3
2023-08-27T07:30+02:00,2298.1
2023-08-27T07:45+02:00,3159.6
2023-08-27T08:00+02:00,4037.2
2023-08-27T08:15+02:00,4939.2
2023-08-27T08:30+02:00,5854
2023-08-27T08:45+02:00,6750.4
2023-08-27T09:00+02:00,7637.5
2023-08-27T09:15+02:00,8524.8
2023-08-27T09:30+02:00,9365
2023-08-27T09:45+02:00,10135.1
2023-08-27T10:00+02:00,10833.7
2023-08-27T10:15+02:00,11460.9
2023-08-27T10:30+02:00,11966.2
2023-08-27T10:45+02:00,12375.4
2023-08-27T11:00+02:00,12553.1
2023-08-27T11:15+02:00,12826.3
2023-08-27T11:30+02:00,13010.4
2023-08-27T11:45+02:00,13125.1
2023-08-27T12:00+02:00,13218.7
2023-08-27T12:15+02:00,13301.5
2023-08-27T12:30+02:00,13317.5
2023-08-27T12:45+02:00,13249.2
2023-08-27T13:00+02:00,13130.3
2023-08-27T13:15+02:00,12954.8
2023-08-27T13:30+02:00,12729.1
2023-08-27T13:45+02:00,12479
2023-08-27T14:00+02:00,12198.5
2023-08-27T14:15+02:00,11918.8
2023-08-27T14:30+02:00,11606.5
2023-08-27T14:45+02:00,11232.5
2023-08-27T15:00+02:00,10875.1
2023-08-27T15:15+02:00,10503.8
2023-08-27T15:30+02:00,10058.6
2023-08-27T15:45+02:00,9552.5
2023-08-27T16:00+02:00,9009.1
2023-08-27T16:15+02:00,8417.1
2023-08-27T16:30+02:00,7795.7
2023-08-27T16:45+02:00,7156.5
2023-08-27T17:00+02:00,6540.6
2023-08-27T17:15+02:00,5885.6
2023-08-27T17:30+02:00,5220.1
2023-08-27T17:45+02:00,4572
2023-08-27T18:00+02:00,3936.4
2023-08-27T18:15+02:00,3314.1
2023-08-27T18:30+02:00,2720.8
2023-08-27T18:45+02:00,2089.4
2023-08-27T19:00+02:00,1522
2023-08-27T19:15+02:00,1062.1
2023-08-27T19:30+02:00,688.4
2023-08-27T19:45+02:00,400.4
2023-08-27T20:00+02:00,186.1
2023-08-27T20:15+02:00,70.5
2023-08-27T20:30+02:00,35
2023-08-27T20:45+02:00,4
2023-08-27T21:00+02:00,0
2023-08-27T21:15+02:00,0
2023-08-27T21:30+02:00,0
2023-08-27T21:45+02:00,0
2023-08-27T22:00+02:00,0
2023-08-27T22:15+02:00,0
2023-08-27T22:30+02:00,0
2023-08-27T22:45+02:00,0
2023-08-27T23:00+02:00,0
2023-08-27T23:15+02:00,0
2023-08-27T23:30+02:00,0
2023-08-27T23:45+02:00,0
2023-08-28T00:00+02:00,0
2023-08-28T00:15+02:00,0
2023-08-28T00:30+02:00,0
2023-08-28T00:45+02:00,0
2023-08-28T01:00+02:00,0
2023-08-28T01:15+02:00,0
2023-08-28T01:30+02:00,0
2023-08-28T01:45+02:00,0
2023-08-28T02:00+02:00,0
2023-08-28T02:15+02:00,0
2023-08-28T02:30+02:00,0
2023-08-28T02:45+02:00,0
2023-08-28T03:00+02:00,0
2023-08-28T03:15+02:00,0
2023-08-28T03:30+02:00,0
2023-08-28T03:45+02:00,0
2023-08-28T04:00+02:00,0
2023-08-28T04:15+02:00,0
2023-08-28T04:30+02:00,0
2023-08-28T04:45+02:00,0
2023-08-28T05:00+02:00,0
2023-08-28T05:15+02:00,0
2023-08-28T05:30+02:00,0
2023-08-28T05:45+02:00,0
2023-08-28T06:00+02:00,20.1
2023-08-28T06:15+02:00,66.5
2023-08-28T06:30+02:00,171.4
2023-08-28T06:45+02:00,420.2
2023-08-28T07:00+02:00,850
2023-08-28T07:15+02:00,1453.8
2023-08-28T07:30+02:00,2234.9
2023-08-28T07:45+02:00,3116.3
2023-08-28T08:00+02:00,4011.6
2023-08-28T08:15+02:00,4939.6
2023-08-28T08:30+02:00,5889.6
2023-08-28T08:45+02:00,6855.2
2023-08-28T09:00+02:00,7818.7
2023-08-28T09:15+02:00,8788.6
2023-08-28T09:30+02:00,9715.6
2023-08-28T09:45+02:00,10568.5
2023-08-28T10:00+02:00,11348.1
2023-08-28T10:15+02:00,12027.1
2023-08-28T10:30+02:00,12598.9
2023-08-28T10:45+02:00,13080.5
2023-08-28T11:00+02:00,13565.2
2023-08-28T11:15+02:00,13989.7
2023-08-28T11:30+02:00,14371.2
2023-08-28T11:45+02:00,14671.6
2023-08-28T12:00+02:00,14891.5
2023-08-28T12:15+02:00,15047.1
2023-08-28T12:30+02:00,15094.2
2023-08-28T12:45+02:00,15060
2023-08-28T13:00+02:00,14994.2
2023-08-28T13:15+02:00,14883.4
2023-08-28T13:30+02:00,14719.3
2023-08-28T13:45+02:00,14487.2
2023-08-28T14:00+02:00,14177.2
2023-08-28T14:15+02:00,13843.1
2023-08-28T14:30+02:00,13424.3
2023-08-28T14:45+02:00,12935.3
2023-08-28T15:00+02:00,12430.9
2023-08-28T15:15+02:00,11905.9
2023-08-28T15:30+02:00,11320.6
2023-08-28T15:45+02:00,10683.2
2023-08-28T16:00+02:00,10004.7
2023-08-28T16:15+02:00,9278.3
2023-08-28T16:30+02:00,8506.7
2023-08-28T16:45+02:00,7709.5
2023-08-28T17:00+02:00,6959.5
2023-08-28T17:15+02:00,6171.8
2023-08-28T17:30+02:00,5394
2023-08-28T17:45+02:00,4640
2023-08-28T18:00+02:00,3919.1
2023-08-28T18:15+02:00,3218.8
2023-08-28T18:30+02:00,2539.8
2023-08-28T18:45+02:00,1915.2
2023-08-28T19:00+02:00,1392.6
2023-08-28T19:15+02:00,945.5
2023-08-28T19:30+02:00,592
2023-08-28T19:45+02:00,325.3
2023-08-28T20:00+02:00,142.2
2023-08-28T20:15+02:00,46.7
2023-08-28T20:30+02:00,20.7
2023-08-28T20:45+02:00,3.7
2023-08-28T21:00+02:00,0
2023-08-28T21:15+02:00,0
2023-08-28T21:30+02:00,0
2023-08-28T21:45+02:00,0
2023-08-28T22:00+02:00,0
2023-08-28T22:15+02:00,0
2023-08-28T22:30+02:00,0
2023-08-28T22:45+02:00,0
2023-08-28T23:00+02:00,0
2023-08-28T23:15+02:00,0
2023-08-28T23:30+02:00,0
2023-08-28T23:45+02:00,0
2023-08-29T00:00+02:00,0
2023-08-29T00:15+02:00,0
2023-08-29T00:30+02:00,0
2023-08-29T00:45+02:00,0
2023-08-29T01:00+02:00,0
2023-08-29T01:15+02:00,0
2023-08-29T01:30+02:00,0
2023-08-29T01:45+02:00,0
2023-08-29T02:00+02:00,0
2023-08-29T02:15+02:00,0
2023-08-29T02:30+02:00,0
2023-08-29T02:45+02:00,0
2023-08-29T03:00+02:00,0
2023-08-29T03:15+02:00,0
2023-08-29T03:30+02:00,0
2023-08-29T03:45+02:00,0
2023-08-29T04:00+02:00,0
2023-08-29T04:15+02:00,0
2023-08-29T04:30+02:00,0
2023-08-29T04:45+02:00,0
2023-08-29T05:00+02:00,0
2023-08-29T05:15+02:00,0
2023-08-29T05:30+02:00,0
2023-08-29T05:45+02:00,0
2023-08-29T06:00+02:00,10.4
2023-08-29T06:15+02:00,46
2023-08-29T06:30+02:00,114.8
2023-08-29T06:45+02:00,261.1
2023-08-29T07:00+02:00,513.9
2023-08-29T07:15+02:00,871.5
2023-08-29T07:30+02:00,1325.9
2023-08-29T07:45+02:00,1841.4
2023-08-29T08:00+02:00,2416
2023-08-29T08:15+02:00,2991.7
2023-08-29T08:30+02:00,3591.4
2023-08-29T08:45+02:00,4214.7
2023-08-29T09:00+02:00,4853.8
2023-08-29T09:15+02:00,5484.5
2023-08-29T09:30+02:00,6132
2023-08-29T09:45+02:00,6786.5
2023-08-29T10:00+02:00,7466.9
2023-08-29T10:15+02:00,8159.5
2023-08-29T10:30+02:00,8811.3
2023-08-29T10:45+02:00,9390.7
2023-08-29T11:00+02:00,9931.2
2023-08-29T11:15+02:00,10377.9
2023-08-29T11:30+02:00,10741.5
2023-08-29T11:45+02:00,11020.7
2023-08-29T12:00+02:00,11273.1
2023-08-29T12:15+02:00,11431.8
2023-08-29T12:30+02:00,11536.7
2023-08-29T12:45+02:00,11587.6
2023-08-29T13:00+02:00,11594
2023-08-29T13:15+02:00,11579
2023-08-29T13:30+02:00,11529.2
2023-08-29T13:45+02:00,11454.5
2023-08-29T14:00+02:00,11381.3
2023-08-29T14:15+02:00,11268.2
2023-08-29T14:30+02:00,11094
2023-08-29T14:45+02:00,10885.5
2023-08-29T15:00+02:00,10593.7
2023-08-29T15:15+02:00,10214.9
2023-08-29T15:30+02:00,9744.9
2023-08-29T15:45+02:00,9220
2023-08-29T16:00+02:00,8674.4
2023-08-29T16:15+02:00,8123.2
2023-08-29T16:30+02:00,7535.5
2023-08-29T16:45+02:00,6927.9
2023-08-29T17:00+02:00,6302.6
2023-08-29T17:15+02:00,5663.4
2023-08-29T17:30+02:00,5010.1
2023-08-29T17:45+02:00,4361
2023-08-29T18:00+02:00,3724.9
2023-08-29T18:15+02:00,3098.8
2023-08-29T18:30+02:00,2488.1
2023-08-29T18:45+02:00,1900.1
2023-08-29T19:00+02:00,1383.3
2023-08-29T19:15+02:00,938.2
2023-08-29T19:30+02:00,592.8
2023-08-29T19:45+02:00,322.8
2023-08-29T20:00+02:00,132.8
2023-08-29T20:15+02:00,47.2
2023-08-29T20:30+02:00,18.2
2023-08-29T20:45+02:00,2.1
2023-08-29T21:00+02:00,0
2023-08-29T21:15+02:00,0
2023-08-29T21:30+02:00,0
2023-08-29T21:45+02:00,0
2023-08-29T22:00+02:00,0
2023-08-29T22:15+02:00,0
2023-08-29T22:30+02:00,0
2023-08-29T22:45+02:00,0
2023-08-29T23:00+02:00,0
2023-08-29T23:15+02:00,0
2023-08-29T23:30+02:00,0
2023-08-29T23:45+02:00,0
2023-08-30T00:00+02:00,0
2023-08-30T00:15+02:00,0
2023-08-30T00:30+02:00,0
2023-08-30T00:45+02:00,0
2023-08-30T01:00+02:00,0
2023-08-30T01:15+02:00,0
2023-08-30T01:30+02:00,0
2023-08-30T01:45+02:00,0
2023-08-30T02:00+02:00,0
2023-08-30T02:15+02:00,0
2023-08-30T02:30+02:00,0
2023-08-30T02:45+02:00,0
2023-08-30T03:00+02:00,0
2023-08-30T03:15+02:00,0
2023-08-30T03:30+02:00,0
2023-08-30T03:45+02:00,0
2023-08-30T04:00+02:00,0
2023-08-30T04:15+02:00,0
2023-08-30T04:30+02:00,0
2023-08-30T04:45+02:00,0
2023-08-30T05:00+02:00,0
2023-08-30T05:15+02:00,0
2023-08-30T05:30+02:00,0
2023-08-30T05:45+02:00,0
2023-08-30T06:00+02:00,11.8
2023-08-30T06:15+02:00,41.9
2023-08-30T06:30+02:00,141.2
2023-08-30T06:45+02:00,438
2023-08-30T07:00+02:00,958.7
2023-08-30T07:15+02:00,1703.9
2023-08-30T07:30+02:00,2715.9
2023-08-30T07:45+02:00,3909.9
2023-08-30T08:00+02:00,5199.7
2023-08-30T08:15+02:00,6574.2
2023-08-30T08:30+02:00,8044.4
2023-08-30T08:45+02:00,9588.4
2023-08-30T09:00+02:00,11202.2
2023-08-30T09:15+02:00,12865.4
2023-08-30T09:30+02:00,14523.5
2023-08-30T09:45+02:00,16111.8
2023-08-30T10:00+02:00,17604.8
2023-08-30T10:15+02:00,18985.6
2023-08-30T10:30+02:00,20157.9
2023-08-30T10:45+02:00,21125.5
2023-08-30T11:00+02:00,21901.6
2023-08-30T11:15+02:00,22597.3
2023-08-30T11:30+02:00,23200.1
2023-08-30T11:45+02:00,23630.7
2023-08-30T12:00+02:00,23978.6
2023-08-30T12:15+02:00,24206.3
2023-08-30T12:30+02:00,24333
2023-08-30T12:45+02:00,24382.7
2023-08-30T13:00+02:00,24369.4
2023-08-30T13:15+02:00,24238.1
2023-08-30T13:30+02:00,23986.1
2023-08-30T13:45+02:00,23639.2
2023-08-30T14:00+02:00,23299.3
2023-08-30T14:15+02:00,22863.8
2023-08-30T14:30+02:00,22326.2
2023-08-30T14:45+02:00,21685.7
2023-08-30T15:00+02:00,20963
2023-08-30T15:15+02:00,20191.5
2023-08-30T15:30+02:00,19346.2
2023-08-30T15:45+02:00,18437.9
2023-08-30T16:00+02:00,17474.9
2023-08-30T16:15+02:00,16427.2
2023-08-30T16:30+02:00,15263.8
2023-08-30T16:45+02:00,13992.1
2023-08-30T17:00+02:00,12590.2
2023-08-30T17:15+02:00,11179.6
2023-08-30T17:30+02:00,9685.4
2023-08-30T17:45+02:00,8179.3
2023-08-30T18:00+02:00,6756.7
2023-08-30T18:15+02:00,5388
2023-08-30T18:30+02:00,4090.8
2023-08-30T18:45+02:00,2937.3
2023-08-30T19:00+02:00,1975
2023-08-30T19:15+02:00,1262.7
2023-08-30T19:30+02:00,751.8
2023-08-30T19:45+02:00,358.3
2023-08-30T20:00+02:00,100.6
2023-08-30T20:15+02:00,21.8
2023-08-30T20:30+02:00,0
2023-08-30T20:45+02:00,0
2023-08-30T21:00+02:00,0
2023-08-30T21:15+02:00,0
2023-08-30T21:30+02:00,0
2023-08-30T21:45+02:00,0
2023-08-30T22:00+02:00,0
2023-08-30T22:15+02:00,0
2023-08-30T22:30+02:00,0
2023-08-30T22:45+02:00,0
2023-08-30T23:00+02:00,0
2023-08-30T23:15+02:00,0
2023-08-30T23:30+02:00,0
2023-08-30T23:45+02:00,0
2023-08-31T00:00+02:00,0
2023-08-31T00:15+02:00,0
2023-08-31T00:30+02:00,0
2023-08-31T00:45+02:00,0
2023-08-31T01:00+02:00,0
2023-08-31T01:15+02:00,0
2023-08-31T01:30+02:00,0
2023-08-31T01:45+02:00,0
2023-08-31T02:00+02:00,0
2023-08-31T02:15+02:00,0
2023-08-31T02:30+02:00,0
2023-08-31T02:45+02:00,0
2023-08-31T03:00+02:00,0
2023-08-31T03:15+02:00,0
2023-08-31T03:30+02:00,0
2023-08-31T03:45+02:00,0
2023-08-31T04:00+02:00,0
2023-08-31T04:15+02:00,0
2023-08-31T04:30+02:00,0
2023-08-31T04:45+02:00,0
2023-08-31T05:00+02:00,0
2023-08-31T05:15+02:00,0
2023-08-31T05:30+02:00,0
2023-08-31T05:45+02:00,0
2023-08-31T06:00+02:00,7.4
2023-08-31T06:15+02:00,26.9
2023-08-31T06:30+02:00,85.8
2023-08-31T06:45+02:00,333.5
2023-08-31T07:00+02:00,857.4
2023-08-31T07:15+02:00,1616.9
2023-08-31T07:30+02:00,2672
2023-08-31T07:45+02:00,4081.5
2023-08-31T08:00+02:00,5590.8
2023-08-31T08:15+02:00,7183.9
2023-08-31T08:30+02:00,8849.5
2023-08-31T08:45+02:00,10542.6
2023-08-31T09:00+02:00,12249.1
2023-08-31T09:15+02:00,13950.9
2023-08-31T09:30+02:00,15584.5
2023-08-31T09:45+02:00,17074.6
2023-08-31T10:00+02:00,18475.4
2023-08-31T10:15+02:00,19785.5
2023-08-31T10:30+02:00,20958
2023-08-31T10:45+02:00,21994.4
2023-08-31T11:00+02:00,23034.8
2023-08-31T11:15+02:00,23824.1
2023-08-31T11:30+02:00,24452
2023-08-31T11:45+02:00,24930.8
2023-08-31T12:00+02:00,25299.7
2023-08-31T12:15+02:00,25576.3
2023-08-31T12:30+02:00,25715.1
2023-08-31T12:45+02:00,25750
2023-08-31T13:00+02:00,25714.3
2023-08-31T13:15+02:00,25571.5
2023-08-31T13:30+02:00,25366.2
2023-08-31T13:45+02:00,25104.7
2023-08-31T14:00+02:00,24749.1
2023-08-31T14:15+02:00,24345.2
2023-08-31T14:30+02:00,23786.1
2023-08-31T14:45+02:00,23127.2
2023-08-31T15:00+02:00,22331.5
2023-08-31T15:15+02:00,21453.9
2023-08-31T15:30+02:00,20465.9
2023-08-31T15:45+02:00,19391.7
2023-08-31T16:00+02:00,18289.9
2023-08-31T16:15+02:00,17141.2
2023-08-31T16:30+02:00,15853.1
2023-08-31T16:45+02:00,14455.2
2023-08-31T17:00+02:00,13059.9
2023-08-31T17:15+02:00,11525.4
2023-08-31T17:30+02:00,9920.7
2023-08-31T17:45+02:00,8355.3
2023-08-31T18:00+02:00,6881.2
2023-08-31T18:15+02:00,5467.6
2023-08-31T18:30+02:00,4144.8
2023-08-31T18:45+02:00,2953.1
2023-08-31T19:00+02:00,1987.6
2023-08-31T19:15+02:00,1254.9
2023-08-31T19:30+02:00,726.3
2023-08-31T19:45+02:00,344.1
2023-08-31T20:00+02:00,98.5
2023-08-31T20:15+02:00,24.7
2023-08-31T20:30+02:00,0
2023-08-31T20:45+02:00,0
2023-08-31T21:00+02:00,0
2023-08-31T21:15+02:00,0
2023-08-31T21:30+02:00,0
2023-08-31T21:45+02:00,0
2023-08-31T22:00+02:00,0
2023-08-31T22:15+02:00,0
2023-08-31T22:30+02:00,0
2023-08-31T22:45+02:00,0
2023-08-31T23:00+02:00,0
2023-08-31T23:15+02:00,0
2023-08-31T23:30+02:00,0
2023-08-31T23:45+02:00,0
2023-09-01T00:00+02:00,0
2023-09-01T00:15+02:00,0
2023-09-01T00:30+02:00,0
2023-09-01T00:45+02:00,0
2023-09-01T01:00+02:00,0
2023-09-01T01:15+02:00,0
2023-09-01T01:30+02:00,0
2023-09-01T01:45+02:00,0
2023-09-01T02:00+02:00,0
2023-09-01T02:15+02:00,0
2023-09-01T02:30+02:00,0
2023-09-01T02:45+02:00,0
2023-09-01T03:00+02:00,0
2023-09-01T03:15+02:00,0
2023-09-01T03:30+02:00,0
2023-09-01T03:45+02:00,0
2023-09-01T04:00+02:00,0
2023-09-01T04:15+02:00,0
2023-09-01T04:30+02:00,0
2023-09-01T04:45+02:00,0
2023-09-01T05:00+02:00,0
2023-09-01T05:15+02:00,0
2023-09-01T05:30+02:00,0
2023-09-01T05:45+02:00,0
2023-09-01T06:00+02:00,14
2023-09-01T06:15+02:00,43
2023-09-01T06:30+02:00,130.8
2023-09-01T06:45+02:00,361.2
2023-09-01T07:00+02:00,777.4
2023-09-01T07:15+02:00,1378
2023-09-01T07:30+02:00,2139.2
2023-09-01T07:45+02:00,3077.1
2023-09-01T08:00+02:00,4093.5
2023-09-01T08:15+02:00,5212.5
2023-09-01T08:30+02:00,6401.5
2023-09-01T08:45+02:00,7602.7
2023-09-01T09:00+02:00,8762.2
2023-09-01T09:15+02:00,9889.9
2023-09-01T09:30+02:00,10983.3
2023-09-01T09:45+02:00,12038.5
2023-09-01T10:00+02:00,13076.2
2023-09-01T10:15+02:00,14094.7
2023-09-01T10:30+02:00,14959.5
2023-09-01T10:45+02:00,15701.4
2023-09-01T11:00+02:00,16425.2
2023-09-01T11:15+02:00,17110.2
2023-09-01T11:30+02:00,17713.6
2023-09-01T11:45+02:00,18230.5
2023-09-01T12:00+02:00,18669.9
2023-09-01T12:15+02:00,19040.4
2023-09-01T12:30+02:00,19289.7
2023-09-01T12:45+02:00,19447.2
2023-09-01T13:00+02:00,19575.5
2023-09-01T13:15+02:00,19654.2
2023-09-01T13:30+02:00,19625.4
2023-09-01T13:45+02:00,19489.5
2023-09-01T14:00+02:00,19192.9
2023-09-01T14:15+02:00,18920.4
2023-09-01T14:30+02:00,18521.2
2023-09-01T14:45+02:00,18013.9
2023-09-01T15:00+02:00,17467
2023-09-01T15:15+02:00,16878
2023-09-01T15:30+02:00,16219.9
2023-09-01T15:45+02:00,15504.4
2023-09-01T16:00+02:00,14735.1
2023-09-01T16:15+02:00,13880.4
2023-09-01T16:30+02:00,12915.9
2023-09-01T16:45+02:00,11857.5
2023-09-01T17:00+02:00,10737.2
2023-09-01T17:15+02:00,9544.4
2023-09-01T17:30+02:00,8299.2
2023-09-01T17:45+02:00,7056.7
2023-09-01T18:00+02:00,5857.3
2023-09-01T18:15+02:00,4667.4
2023-09-01T18:30+02:00,3510.2
2023-09-01T18:45+02:00,2480.5
2023-09-01T19:00+02:00,1669.7
2023-09-01T19:15+02:00,1060.2
2023-09-01T19:30+02:00,600.9
2023-09-01T19:45+02:00,256.4
2023-09-01T20:00+02:00,73.2
2023-09-01T20:15+02:00,29.7
2023-09-01T20:30+02:00,0
2023-09-01T20:45+02:00,0
2023-09-01T21:00+02:00,0
2023-09-01T21:15+02:00,0
2023-09-01T21:30+02:00,0
2023-09-01T21:45+02:00,0
2023-09-01T22:00+02:00,0
2023-09-01T22:15+02:00,0
2023-09-01T22:30+02:00,0
2023-09-01T22:45+02:00,0
2023-09-01T23:00+02:00,0
2023-09-01T23:15+02:00,0
2023-09-01T23:30+02:00,0
2023-09-01T23:45+02:00,0
2023-09-02T00:00+02:00,0
2023-09-02T00:15+02:00,0
2023-09-02T00:30+02:00,0
2023-09-02T00:45+02:00,0
2023-09-02T01:00+02:00,0
2023-09-02T01:15+02:00,0
2023-09-02T01:30+02:00,0
2023-09-02T01:45+02:00,0
2023-09-02T02:00+02:00,0
2023-09-02T02:15+02:00,0
2023-09-02T02:30+02:00,0
2023-09-02T02:45+02:00,0
2023-09-02T03:00+02:00,0
2023-09-02T03:15+02:00,0
2023-09-02T03:30+02:00,0
2023-09-02T03:45+02:00,0
2023-09-02T04:00+02:00,0
2023-09-02T04:15+02:00,0
2023-09-02T04:30+02:00,0
2023-09-02T04:45+02:00,0
2023-09-02T05:00+02:00,0
2023-09-02T05:15+02:00,0
2023-09-02T05:30+02:00,0
2023-09-02T05:45+02:00,0
2023-09-02T06:00+02:00,10.2
2023-09-02T06:15+02:00,22.8
2023-09-02T06:30+02:00,80.8
2023-09-02T06:45+02:00,336.6
2023-09-02T07:00+02:00,907.7
2023-09-02T07:15+02:00,1749.6
2023-09-02T07:30+02:00,2864.5
2023-09-02T07:45+02:00,4231.2
2023-09-02T08:00+02:00,5679.3
2023-09-02T08:15+02:00,7276.4
2023-09-02T08:30+02:00,8942.3
2023-09-02T08:45+02:00,10695.4
2023-09-02T09:00+02:00,12464.9
2023-09-02T09:15+02:00,14239.2
2023-09-02T09:30+02:00,15998.9
2023-09-02T09:45+02:00,17735.8
2023-09-02T10:00+02:00,19439.2
2023-09-02T10:15+02:00,21035.2
2023-09-02T10:30+02:00,22505.2
2023-09-02T10:45+02:00,23828.3
2023-09-02T11:00+02:00,24919.4
2023-09-02T11:15+02:00,25942
2023-09-02T11:30+02:00,26842.6
2023-09-02T11:45+02:00,27598.3
2023-09-02T12:00+02:00,28237.9
2023-09-02T12:15+02:00,28752.5
2023-09-02T12:30+02:00,29108.8
2023-09-02T12:45+02:00,29300.9
2023-09-02T13:00+02:00,29395.3
2023-09-02T13:15+02:00,29404.5
2023-09-02T13:30+02:00,29336.3
2023-09-02T13:45+02:00,29186.6
2023-09-02T14:00+02:00,28896.7
2023-09-02T14:15+02:00,28566.1
2023-09-02T14:30+02:00,28174
2023-09-02T14:45+02:00,27653.9
2023-09-02T15:00+02:00,26970.4
2023-09-02T15:15+02:00,26123.6
2023-09-02T15:30+02:00,25029.8
2023-09-02T15:45+02:00,23805.4
2023-09-02T16:00+02:00,22475.3
2023-09-02T16:15+02:00,21040.2
2023-09-02T16:30+02:00,19528.1
2023-09-02T16:45+02:00,17902.3
2023-09-02T17:00+02:00,16123.4
2023-09-02T17:15+02:00,14158.2
2023-09-02T17:30+02:00,12118.6
2023-09-02T17:45+02:00,10090.8
2023-09-02T18:00+02:00,8158.8
2023-09-02T18:15+02:00,6321.7
2023-09-02T18:30+02:00,4638.4
2023-09-02T18:45+02:00,3167.8
2023-09-02T19:00+02:00,2038.7
2023-09-02T19:15+02:00,1230.9
2023-09-02T19:30+02:00,689.6
2023-09-02T19:45+02:00,291.8
2023-09-02T20:00+02:00,71.8
2023-09-02T20:15+02:00,35
2023-09-02T20:30+02:00,0
2023-09-02T20:45+02:00,0
2023-09-02T21:00+02:00,0
2023-09-02T21:15+02:00,0
2023-09-02T21:30+02:00,0
2023-09-02T21:45+02:00,0
2023-09-02T22:00+02:00,0
2023-09-02T22:15+02:00,0
2023-09-02T22:30+02:00,0
2023-09-02T22:45+02:00,0
2023-09-02T23:00+02:00,0
2023-09-02T23:15+02:00,0
2023-09-02T23:30+02:00,0
2023-09-02T23:45+02:00,0
2023-09-03T00:00+02:00,0
2023-09-03T00:15+02:00,0
2023-09-03T00:30+02:00,0
2023-09-03T00:45+02:00,0
2023-09-03T01:00+02:00,0
2023-09-03T01:15+02:00,0
2023-09-03T01:30+02:00,0
2023-09-03T01:45+02:00,0
2023-09-03T02:00+02:00,0
2023-09-03T02:15+02:00,0
2023-09-03T02:30+02:00,0
2023-09-03T02:45+02:00,0
2023-09-03T03:00+02:00,0
2023-09-03T03:15+02:00,0
2023-09-03T03:30+02:00,0
2023-09-03T03:45+02:00,0
2023-09-03T04:00+02:00,0
2023-09-03T04:15+02:00,0
2023-09-03T04:30+02:00,0
2023-09-03T04:45+02:00,0
2023-09-03T05:00+02:00,0
2023-09-03T05:15+02:00,0
2023-09-03T05:30+02:00,0
2023-09-03T05:45+02:00,0
2023-09-03T06:00+02:00,7.3
2023-09-03T06:15+02:00,18.8
2023-09-03T06:30+02:00,73.9
2023-09-03T06:45+02:00,314
2023-09-03T07:00+02:00,836.5
2023-09-03T07:15+02:00,1619.1
2023-09-03T07:30+02:00,2655.9
2023-09-03T07:45+02:00,3923.6
2023-09-03T08:00+02:00,5280.1
2023-09-03T08:15+02:00,6749.3
2023-09-03T08:30+02:00,8334.4
2023-09-03T08:45+02:00,10042
2023-09-03T09:00+02:00,11826.4
2023-09-03T09:15+02:00,13694.2
2023-09-03T09:30+02:00,15561.5
2023-09-03T09:45+02:00,17404.4
2023-09-03T10:00+02:00,19148.5
2023-09-03T10:15+02:00,20809.9
2023-09-03T10:30+02:00,22325.7
2023-09-03T10:45+02:00,23685.5
2023-09-03T11:00+02:00,24882
2023-09-03T11:15+02:00,25954.7
2023-09-03T11:30+02:00,26902
2023-09-03T11:45+02:00,27744.7
2023-09-03T12:00+02:00,28444.6
2023-09-03T12:15+02:00,28979.2
2023-09-03T12:30+02:00,29387.6
2023-09-03T12:45+02:00,29662.8
2023-09-03T13:00+02:00,29804.5
2023-09-03T13:15+02:00,29813.9
2023-09-03T13:30+02:00,29737.4
2023-09-03T13:45+02:00,29575.1
2023-09-03T14:00+02:00,29302.6
2023-09-03T14:15+02:00,28861
2023-09-03T14:30+02:00,28296.9
2023-09-03T14:45+02:00,27592.3
2023-09-03T15:00+02:00,26739
2023-09-03T15:15+02:00,25700.6
2023-09-03T15:30+02:00,24536.7
2023-09-03T15:45+02:00,23275
2023-09-03T16:00+02:00,21935.1
2023-09-03T16:15+02:00,20491.1
2023-09-03T16:30+02:00,18941.7
2023-09-03T16:45+02:00,17276.5
2023-09-03T17:00+02:00,15473.8
2023-09-03T17:15+02:00,13490.3
2023-09-03T17:30+02:00,11430.5
2023-09-03T17:45+02:00,9447
2023-09-03T18:00+02:00,7587.5
2023-09-03T18:15+02:00,5865.1
2023-09-03T18:30+02:00,4322.6
2023-09-03T18:45+02:00,2973.4
2023-09-03T19:00+02:00,1915.8
2023-09-03T19:15+02:00,1166.8
2023-09-03T19:30+02:00,635.2
2023-09-03T19:45+02:00,253.4
2023-09-03T20:00+02:00,57.2
2023-09-03T20:15+02:00,24.7
2023-09-03T20:30+02:00,0
2023-09-03T20:45+02:00,0
2023-09-03T21:00+02:00,0
2023-09-03T21:15+02:00,0
2023-09-03T21:30+02:00,0
2023-09-03T21:45+02:00,0
2023-09-03T22:00+02:00,0
2023-09-03T22:15+02:00,0
2023-09-03T22:30+02:00,0
2023-09-03T22:45+02:00,0
2023-09-03T23:00+02:00,0
2023-09-03T23:15+02:00,0
2023-09-03T23:30+02:00,0
2023-09-03T23:45+02:00,0
2023-09-04T00:00+02:00,0
2023-09-04T00:15+02:00,0
2023-09-04T00:30+02:00,0
2023-09-04T00:45+02:00,0
2023-09-04T01:00+02:00,0
2023-09-04T01:15+02:00,0
2023-09-04T01:30+02:00,0
2023-09-04T01:45+02:00,0
2023-09-04T02:00+02:00,0
2023-09-04T02:15+02:00,0
2023-09-04T02:30+02:00,0
2023-09-04T02:45+02:00,0
2023-09-04T03:00+02:00,0
2023-09-04T03:15+02:00,0
2023-09-04T03:30+02:00,0
2023-09-04T03:45+02:00,0
2023-09-04T04:00+02:00,0
2023-09-04T04:15+02:00,0
2023-09-04T04:30+02:00,0
2023-09-04T04:45+02:00,0
2023-09-04T05:00+02:00,0
2023-09-04T05:15+02:00,0
2023-09-04T05:30+02:00,0
2023-09-04T05:45+02:00,0
2023-09-04T06:00+02:00,7.8
2023-09-04T06:15+02:00,16.6
2023-09-04T06:30+02:00,77.9
2023-09-04T06:45+02:00,370.9
2023-09-04T07:00+02:00,1070.3
2023-09-04T07:15+02:00,2158.4
2023-09-04T07:30+02:00,3667.2
2023-09-04T07:45+02:00,5460.3
2023-09-04T08:00+02:00,7521.5
2023-09-04T08:15+02:00,9789.6
2023-09-04T08:30+02:00,12274.9
2023-09-04T08:45+02:00,14824.2
2023-09-04T09:00+02:00,17372.4
2023-09-04T09:15+02:00,19890.5
2023-09-04T09:30+02:00,22368.7
2023-09-04T09:45+02:00,24723.2
2023-09-04T10:00+02:00,26885.2
2023-09-04T10:15+02:00,28898.8
2023-09-04T10:30+02:00,30747.6
2023-09-04T10:45+02:00,32405.8
2023-09-04T11:00+02:00,33840.6
2023-09-04T11:15+02:00,35068.5
2023-09-04T11:30+02:00,36131.6
2023-09-04T11:45+02:00,37046.4
2023-09-04T12:00+02:00,37815.1
2023-09-04T12:15+02:00,38430.9
2023-09-04T12:30+02:00,38887.9
2023-09-04T12:45+02:00,39173.7
2023-09-04T13:00+02:00,39278.7
2023-09-04T13:15+02:00,39223.7
2023-09-04T13:30+02:00,39010.5
2023-09-04T13:45+02:00,38651.1
2023-09-04T14:00+02:00,38148.1
2023-09-04T14:15+02:00,37511.5
2023-09-04T14:30+02:00,36732.5
2023-09-04T14:45+02:00,35791.8
2023-09-04T15:00+02:00,34668.9
2023-09-04T15:15+02:00,33347.4
2023-09-04T15:30+02:00,31855.3
2023-09-04T15:45+02:00,30216.9
2023-09-04T16:00+02:00,28433
2023-09-04T16:15+02:00,26496
2023-09-04T16:30+02:00,24422.8
2023-09-04T16:45+02:00,22216.4
2023-09-04T17:00+02:00,19828.9
2023-09-04T17:15+02:00,17229.5
2023-09-04T17:30+02:00,14503.9
2023-09-04T17:45+02:00,11835.3
2023-09-04T18:00+02:00,9388.2
2023-09-04T18:15+02:00,7119
2023-09-04T18:30+02:00,5092.3
2023-09-04T18:45+02:00,3373
2023-09-04T19:00+02:00,2088.4
2023-09-04T19:15+02:00,1234.6
2023-09-04T19:30+02:00,665.4
2023-09-04T19:45+02:00,258.7
2023-09-04T20:00+02:00,63.9
2023-09-04T20:15+02:00,42.5
2023-09-04T20:30+02:00,0
2023-09-04T20:45+02:00,0
2023-09-04T21:00+02:00,0
2023-09-04T21:15+02:00,0
2023-09-04T21:30+02:00,0
2023-09-04T21:45+02:00,0
2023-09-04T22:00+02:00,0
2023-09-04T22:15+02:00,0
2023-09-04T22:30+02:00,0
2023-09-04T22:45+02:00,0
2023-09-04T23:00+02:00,0
2023-09-04T23:15+02:00,0
2023-09-04T23:30+02:00,0
2023-09-04T23:45+02:00,0
2023-09-05T00:00+02:00,0
2023-09-05T00:15+02:00,0
2023-09-05T00:30+02:00,0
2023-09-05T00:45+02:00,0
2023-09-05T01:00+02:00,0
2023-09-05T01:15+02:00,0
2023-09-05T01:30+02:00,0
2023-09-05T01:45+02:00,0
2023-09-05T02:00+02:00,0
2023-09-05T02:15+02:00,0
2023-09-05T02:30+02:00,0
2023-09-05T02:45+02:00,0
2023-09-05T03:00+02:00,0
2023-09-05T03:15+02:00,0
2023-09-05T03:30+02:00,0
2023-09-05T03:45+02:00,0
2023-09-05T04:00+02:00,0
2023-09-05T04:15+02:00,0
2023-09-05T04:30+02:00,0
2023-09-05T04:45+02:00,0
2023-09-05T05:00+02:00,0
2023-09-05T05:15+02:00,0
2023-09-05T05:30+02:00,0
2023-09-05T05:45+02:00,0
2023-09-05T06:00+02:00,7.8
2023-09-05T06:15+02:00,16.3
2023-09-05T06:30+02:00,68.1
2023-09-05T06:45+02:00,320.4
2023-09-05T07:00+02:00,1016.2
2023-09-05T07:15+02:00,2141.7
2023-09-05T07:30+02:00,3712.3
2023-09-05T07:45+02:00,5607.2
2023-09-05T08:00+02:00,7731.9
2023-09-05T08:15+02:00,10071.6
2023-09-05T08:30+02:00,12594.5
2023-09-05T08:45+02:00,15170.5
2023-09-05T09:00+02:00,17695.2
2023-09-05T09:15+02:00,20160.2
2023-09-05T09:30+02:00,22573.2
2023-09-05T09:45+02:00,24858.6
2023-09-05T10:00+02:00,26954.3
2023-09-05T10:15+02:00,28914.5
2023-09-05T10:30+02:00,30713.9
2023-09-05T10:45+02:00,32319.9
2023-09-05T11:00+02:00,33698.1
2023-09-05T11:15+02:00,34871.9
2023-09-05T11:30+02:00,35869.9
2023-09-05T11:45+02:00,36726.2
2023-09-05T12:00+02:00,37451.9
2023-09-05T12:15+02:00,38045.2
2023-09-05T12:30+02:00,38492.6
2023-09-05T12:45+02:00,38779.3
2023-09-05T13:00+02:00,38883.8
2023-09-05T13:15+02:00,38844.2
2023-09-05T13:30+02:00,38640.9
2023-09-05T13:45+02:00,38288
2023-09-05T14:00+02:00,37796.3
2023-09-05T14:15+02:00,37172.4
2023-09-05T14:30+02:00,36412
2023-09-05T14:45+02:00,35492.6
2023-09-05T15:00+02:00,34389
2023-09-05T15:15+02:00,33088.5
2023-09-05T15:30+02:00,31614.3
2023-09-05T15:45+02:00,29991.3
2023-09-05T16:00+02:00,28218.6
2023-09-05T16:15+02:00,26296
2023-09-05T16:30+02:00,24240.7
2023-09-05T16:45+02:00,22048
2023-09-05T17:00+02:00,19686.1
2023-09-05T17:15+02:00,17067.5
2023-09-05T17:30+02:00,14351.3
2023-09-05T17:45+02:00,11677.2
2023-09-05T18:00+02:00,9230.5
2023-09-05T18:15+02:00,6956.1
2023-09-05T18:30+02:00,4910.8
2023-09-05T18:45+02:00,3196.6
2023-09-05T19:00+02:00,1931.7
2023-09-05T19:15+02:00,1117.3
2023-09-05T19:30+02:00,588
2023-09-05T19:45+02:00,221.9
2023-09-05T20:00+02:00,56.1
2023-09-05T20:15+02:00,0
2023-09-05T20:30+02:00,0
2023-09-05T20:45+02:00,0
2023-09-05T21:00+02:00,0
2023-09-05T21:15+02:00,0
2023-09-05T21:30+02:00,0
2023-09-05T21:45+02:00,0
2023-09-05T22:00+02:00,0
2023-09-05T22:15+02:00,0
2023-09-05T22:30+02:00,0
2023-09-05T22:45+02:00,0
2023-09-05T23:00+02:00,0
2023-09-05T23:15+02:00,0
2023-09-05T23:30+02:00,0
2023-09-05T23:45+02:00,0
2023-09-06T00:00+02:00,0
2023-09-06T00:15+02:00,0
2023-09-06T00:30+02:00,0
2023-09-06T00:45+02:00,0
2023-09-06T01:00+02:00,0
2023-09-06T01:15+02:00,0
2023-09-06T01:30+02:00,0
2023-09-06T01:45+02:00,0
2023-09-06T02:00+02:00,0
2023-09-06T02:15+02:00,0
2023-09-06T02:30+02:00,0
2023-09-06T02:45+02:00,0
2023-09-06T03:00+02:00,0
2023-09-06T03:15+02:00,0
2023-09-06T03:30+02:00,0
2023-09-06T03:45+02:00,0
2023-09-06T04:00+02:00,0
2023-09-06T04:15+02:00,0
2023-09-06T04:30+02:00,0
2023-09-06T04:45+02:00,0
2023-09-06T05:00+02:00,0
2023-09-06T05:15+02:00,0
2023-09-06T05:30+02:00,0
2023-09-06T05:45+02:00,0
2023-09-06T06:00+02:00,5.2
2023-09-06T06:15+02:00,6.3
2023-09-06T06:30+02:00,41.7
2023-09-06T06:45+02:00,284
2023-09-06T07:00+02:00,1014.7
2023-09-06T07:15+02:00,2122.9
2023-09-06T07:30+02:00,3625.8
2023-09-06T07:45+02:00,5500.1
2023-09-06T08:00+02:00,7662.6
2023-09-06T08:15+02:00,10062.6
2023-09-06T08:30+02:00,12611.5
2023-09-06T08:45+02:00,15238.8
2023-09-06T09:00+02:00,17887.8
2023-09-06T09:15+02:00,20425.5
2023-09-06T09:30+02:00,22877.7
2023-09-06T09:45+02:00,25174.9
2023-09-06T10:00+02:00,27289.8
2023-09-06T10:15+02:00,29272.2
2023-09-06T10:30+02:00,31088.2
2023-09-06T10:45+02:00,32702.2
2023-09-06T11:00+02:00,34130.4
2023-09-06T11:15+02:00,35360.7
2023-09-06T11:30+02:00,36413.5
2023-09-06T11:45+02:00,37315.1
2023-09-06T12:00+02:00,38074.6
2023-09-06T12:15+02:00,38697.3
2023-09-06T12:30+02:00,39152
2023-09-06T12:45+02:00,39409.5
2023-09-06T13:00+02:00,39509.6
2023-09-06T13:15+02:00,39448
2023-09-06T13:30+02:00,39227.8
2023-09-06T13:45+02:00,38855.7
2023-09-06T14:00+02:00,38350.2
2023-09-06T14:15+02:00,37721
2023-09-06T14:30+02:00,36954.6
2023-09-06T14:45+02:00,36013.4
2023-09-06T15:00+02:00,34898.6
2023-09-06T15:15+02:00,33591.6
2023-09-06T15:30+02:00,32097.9
2023-09-06T15:45+02:00,30463.6
2023-09-06T16:00+02:00,28656.1
2023-09-06T16:15+02:00,26686.8
2023-09-06T16:30+02:00,24578.1
2023-09-06T16:45+02:00,22337
2023-09-06T17:00+02:00,19930
2023-09-06T17:15+02:00,17320
2023-09-06T17:30+02:00,14629.4
2023-09-06T17:45+02:00,11995.9
2023-09-06T18:00+02:00,9527.8
2023-09-06T18:15+02:00,7205.7
2023-09-06T18:30+02:00,5111.7
2023-09-06T18:45+02:00,3353.3
2023-09-06T19:00+02:00,2029
2023-09-06T19:15+02:00,1139.3
2023-09-06T19:30+02:00,560.8
2023-09-06T19:45+02:00,199
2023-09-06T20:00+02:00,58
2023-09-06T20:15+02:00,0
2023-09-06T20:30+02:00,0
2023-09-06T20:45+02:00,0
2023-09-06T21:00+02:00,0
2023-09-06T21:15+02:00,0
2023-09-06T21:30+02:00,0
2023-09-06T21:45+02:00,0
2023-09-06T22:00+02:00,0
2023-09-06T22:15+02:00,0
2023-09-06T22:30+02:00,0
2023-09-06T22:45+02:00,0
2023-09-06T23:00+02:00,0
2023-09-06T23:15+02:00,0
2023-09-06T23:30+02:00,0
2023-09-06T23:45+02:00,0
2023-09-07T00:00+02:00,0
2023-09-07T00:15+02:00,0
2023-09-07T00:30+02:00,0
2023-09-07T00:45+02:00,0
2023-09-07T01:00+02:00,0
2023-09-07T01:15+02:00,0
2023-09-07T01:30+02:00,0
2023-09-07T01:45+02:00,0
2023-09-07T02:00+02:00,0
2023-09-07T02:15+02:00,0
2023-09-07T02:30+02:00,0
2023-09-07T02:45+02:00,0
2023-09-07T03:00+02:00,0
2023-09-07T03:15+02:00,0
2023-09-07T03:30+02:00,0
2023-09-07T03:45+02:00,0
2023-09-07T04:00+02:00,0
2023-09-07T04:15+02:00,0
2023-09-07T04:30+02:00,0
2023-09-07T04:45+02:00,0
2023-09-07T05:00+02:00,0
2023-09-07T05:15+02:00,0
2023-09-07T05:30+02:00,0
2023-09-07T05:45+02:00,0
2023-09-07T06:00+02:00,0
2023-09-07T06:15+02:00,0
2023-09-07T06:30+02:00,31.2
2023-09-07T06:45+02:00,243.8
2023-09-07T07:00+02:00,910
2023-09-07T07:15+02:00,1970.3
2023-09-07T07:30+02:00,3504.9
2023-09-07T07:45+02:00,5416
2023-09-07T08:00+02:00,7609.3
2023-09-07T08:15+02:00,10027.8
2023-09-07T08:30+02:00,12628.3
2023-09-07T08:45+02:00,15273.5
2023-09-07T09:00+02:00,17893.3
2023-09-07T09:15+02:00,20415.4
2023-09-07T09:30+02:00,22851.1
2023-09-07T09:45+02:00,25140.1
2023-09-07T10:00+02:00,27094.3
2023-09-07T10:15+02:00,29047
2023-09-07T10:30+02:00,30826.7
2023-09-07T10:45+02:00,32420.6
2023-09-07T11:00+02:00,33808.9
2023-09-07T11:15+02:00,35005.5
2023-09-07T11:30+02:00,36034.3
2023-09-07T11:45+02:00,36914.2
2023-09-07T12:00+02:00,37659.4
2023-09-07T12:15+02:00,38267.5
2023-09-07T12:30+02:00,38711.8
2023-09-07T12:45+02:00,38987.9
2023-09-07T13:00+02:00,39098
2023-09-07T13:15+02:00,39044.9
2023-09-07T13:30+02:00,38828.9
2023-09-07T13:45+02:00,38463.2
2023-09-07T14:00+02:00,37957.9
2023-09-07T14:15+02:00,37319.3
2023-09-07T14:30+02:00,36540.1
2023-09-07T14:45+02:00,35602.3
2023-09-07T15:00+02:00,34484.6
2023-09-07T15:15+02:00,33203.9
2023-09-07T15:30+02:00,31747.2
2023-09-07T15:45+02:00,30134.6
2023-09-07T16:00+02:00,28347.1
2023-09-07T16:15+02:00,26389.1
2023-09-07T16:30+02:00,24288.1
2023-09-07T16:45+02:00,22180.8
2023-09-07T17:00+02:00,19760.3
2023-09-07T17:15+02:00,17138.1
2023-09-07T17:30+02:00,14424.1
2023-09-07T17:45+02:00,11698
2023-09-07T18:00+02:00,9134.9
2023-09-07T18:15+02:00,6743
2023-09-07T18:30+02:00,4608.2
2023-09-07T18:45+02:00,2884.4
2023-09-07T19:00+02:00,1674.6
2023-09-07T19:15+02:00,915.3
2023-09-07T19:30+02:00,456.2
2023-09-07T19:45+02:00,155.2
2023-09-07T20:00+02:00,46.9
2023-09-07T20:15+02:00,0
2023-09-07T20:30+02:00,0
2023-09-07T20:45+02:00,0
2023-09-07T21:00+02:00,0
2023-09-07T21:15+02:00,0
2023-09-07T21:30+02:00,0
2023-09-07T21:45+02:00,0
2023-09-07T22:00+02:00,0
2023-09-07T22:15+02:00,0
2023-09-07T22:30+02:00,0
2023-09-07T22:45+02:00,0
2023-09-07T23:00+02:00,0
2023-09-07T23:15+02:00,0
2023-09-07T23:30+02:00,0
2023-09-07T23:45+02:00,0
2023-09-08T00:00+02:00,0
2023-09-08T00:15+02:00,0
2023-09-08T00:30+02:00,0
2023-09-08T00:45+02:00,0
2023-09-08T01:00+02:00,0
2023-09-08T01:15+02:00,0
2023-09-08T01:30+02:00,0
2023-09-08T01:45+02:00,0
2023-09-08T02:00+02:00,0
2023-09-08T02:15+02:00,0
2023-09-08T02:30+02:00,0
2023-09-08T02:45+02:00,0
2023-09-08T03:00+02:00,0
2023-09-08T03:15+02:00,0
2023-09-08T03:30+02:00,0
2023-09-08T03:45+02:00,0
2023-09-08T04:00+02:00,0
2023-09-08T04:15+02:00,0
2023-09-08T04:30+02:00,0
2023-09-08T04:45+02:00,0
2023-09-08T05:00+02:00,0
2023-09-08T05:15+02:00,0
2023-09-08T05:30+02:00,0
2023-09-08T05:45+02:00,0
2023-09-08T06:00+02:00,0
2023-09-08T06:15+02:00,0
2023-09-08T06:30+02:00,14.8
2023-09-08T06:45+02:00,189.4
2023-09-08T07:00+02:00,808.8
2023-09-08T07:15+02:00,1897.7
2023-09-08T07:30+02:00,3470.6
2023-09-08T07:45+02:00,5448.4
2023-09-08T08:00+02:00,7629.1
2023-09-08T08:15+02:00,10017.7
2023-09-08T08:30+02:00,12560.4
2023-09-08T08:45+02:00,15206.7
2023-09-08T09:00+02:00,17826.6
2023-09-08T09:15+02:00,20374.8
2023-09-08T09:30+02:00,22820.2
2023-09-08T09:45+02:00,25095.8
2023-09-08T10:00+02:00,27194.7
2023-09-08T10:15+02:00,29135.1
2023-09-08T10:30+02:00,30877
2023-09-08T10:45+02:00,32450.1
2023-09-08T11:00+02:00,33815.4
2023-09-08T11:15+02:00,34995.3
2023-09-08T11:30+02:00,36008.2
2023-09-08T11:45+02:00,36875.8
2023-09-08T12:00+02:00,37604.7
2023-09-08T12:15+02:00,38189.3
2023-09-08T12:30+02:00,38614.5
2023-09-08T12:45+02:00,38877.1
2023-09-08T13:00+02:00,38972.3
2023-09-08T13:15+02:00,38911.2
2023-09-08T13:30+02:00,38726.5
2023-09-08T13:45+02:00,38419.7
2023-09-08T14:00+02:00,37956.5
2023-09-08T14:15+02:00,37313.5
2023-09-08T14:30+02:00,36526.2
2023-09-08T14:45+02:00,35576.8
2023-09-08T15:00+02:00,34447.7
2023-09-08T15:15+02:00,33132.7
2023-09-08T15:30+02:00,31652.1
2023-09-08T15:45+02:00,30017
2023-09-08T16:00+02:00,28208.5
2023-09-08T16:15+02:00,26228.6
2023-09-08T16:30+02:00,24142.5
2023-09-08T16:45+02:00,21899.6
2023-09-08T17:00+02:00,19491.7
2023-09-08T17:15+02:00,16876.3
2023-09-08T17:30+02:00,14151.5
2023-09-08T17:45+02:00,11529.3
2023-09-08T18:00+02:00,9063.1
2023-09-08T18:15+02:00,6776.7
2023-09-08T18:30+02:00,4683.9
2023-09-08T18:45+02:00,2842.8
2023-09-08T19:00+02:00,1590.6
2023-09-08T19:15+02:00,858.4
2023-09-08T19:30+02:00,410.4
2023-09-08T19:45+02:00,137.6
2023-09-08T20:00+02:00,44
2023-09-08T20:15+02:00,0
2023-09-08T20:30+02:00,0
2023-09-08T20:45+02:00,0
2023-09-08T21:00+02:00,0
2023-09-08T21:15+02:00,0
2023-09-08T21:30+02:00,0
2023-09-08T21:45+02:00,0
2023-09-08T22:00+02:00,0
2023-09-08T22:15+02:00,0
2023-09-08T22:30+02:00,0
2023-09-08T22:45+02:00,0
2023-09-08T23:00+02:00,0
2023-09-08T23:15+02:00,0
2023-09-08T23:30+02:00,0
2023-09-08T23:45+02:00,0
2023-09-09T00:00+02:00,0
2023-09-09T00:15+02:00,0
2023-09-09T00:30+02:00,0
2023-09-09T00:45+02:00,0
2023-09-09T01:00+02:00,0
2023-09-09T01:15+02:00,0
2023-09-09T01:30+02:00,0
2023-09-09T01:45+02:00,0
2023-09-09T02:00+02:00,0
2023-09-09T02:15+02:00,0
2023-09-09T02:30+02:00,0
2023-09-09T02:45+02:00,0
2023-09-09T03:00+02:00,0
2023-09-09T03:15+02:00,0
2023-09-09T03:30+02:00,0
2023-09-09T03:45+02:00,0
2023-09-09T04:00+02:00,0
2023-09-09T04:15+02:00,0
2023-09-09T04:30+02:00,0
2023-09-09T04:45+02:00,0
2023-09-09T05:00+02:00,0
2023-09-09T05:15+02:00,0
2023-09-09T05:30+02:00,0
2023-09-09T05:45+02:00,0
2023-09-09T06:00+02:00,0
2023-09-09T06:15+02:00,0
2023-09-09T06:30+02:00,4.4
2023-09-09T06:45+02:00,150
2023-09-09T07:00+02:00,749
2023-09-09T07:15+02:00,1763
2023-09-09T07:30+02:00,3202.1
2023-09-09T07:45+02:00,5025.1
2023-09-09T08:00+02:00,7132.2
2023-09-09T08:15+02:00,9504.3
2023-09-09T08:30+02:00,12023.8
2023-09-09T08:45+02:00,14608.1
2023-09-09T09:00+02:00,17181.5
2023-09-09T09:15+02:00,19693.7
2023-09-09T09:30+02:00,22104.7
2023-09-09T09:45+02:00,24373.2
2023-09-09T10:00+02:00,26464.7
2023-09-09T10:15+02:00,28401.7
2023-09-09T10:30+02:00,30196.8
2023-09-09T10:45+02:00,31791.7
2023-09-09T11:00+02:00,33174.1
2023-09-09T11:15+02:00,34360.2
2023-09-09T11:30+02:00,35361.2
2023-09-09T11:45+02:00,36196.6
2023-09-09T12:00+02:00,36891.5
2023-09-09T12:15+02:00,37441.8
2023-09-09T12:30+02:00,37827.6
2023-09-09T12:45+02:00,38043.3
2023-09-09T13:00+02:00,38083.3
2023-09-09T13:15+02:00,37970.3
2023-09-09T13:30+02:00,37712.2
2023-09-09T13:45+02:00,37318
2023-09-09T14:00+02:00,36781
2023-09-09T14:15+02:00,36110.2
2023-09-09T14:30+02:00,35315.6
2023-09-09T14:45+02:00,34369.3
2023-09-09T15:00+02:00,33225.8
2023-09-09T15:15+02:00,31878.4
2023-09-09T15:30+02:00,30372.7
2023-09-09T15:45+02:00,28732
2023-09-09T16:00+02:00,26946.9
2023-09-09T16:15+02:00,25026.9
2023-09-09T16:30+02:00,23027
2023-09-09T16:45+02:00,20890.2
2023-09-09T17:00+02:00,18567.6
2023-09-09T17:15+02:00,16017.8
2023-09-09T17:30+02:00,13354.9
2023-09-09T17:45+02:00,10753.5
2023-09-09T18:00+02:00,8345.8
2023-09-09T18:15+02:00,6142.9
2023-09-09T18:30+02:00,4168.5
2023-09-09T18:45+02:00,2531.9
2023-09-09T19:00+02:00,1430.9
2023-09-09T19:15+02:00,760.9
2023-09-09T19:30+02:00,337.1
2023-09-09T19:45+02:00,105.1
2023-09-09T20:00+02:00,37.8
2023-09-09T20:15+02:00,0
2023-09-09T20:30+02:00,0
2023-09-09T20:45+02:00,0
2023-09-09T21:00+02:00,0
2023-09-09T21:15+02:00,0
2023-09-09T21:30+02:00,0
2023-09-09T21:45+02:00,0
2023-09-09T22:00+02:00,0
2023-09-09T22:15+02:00,0
2023-09-09T22:30+02:00,0
2023-09-09T22:45+02:00,0
2023-09-09T23:00+02:00,0
2023-09-09T23:15+02:00,0
2023-09-09T23:30+02:00,0
2023-09-09T23:45+02:00,0
2023-09-10T00:00+02:00,0
2023-09-10T00:15+02:00,0
2023-09-10T00:30+02:00,0
2023-09-10T00:45+02:00,0
2023-09-10T01:00+02:00,0
2023-09-10T01:15+02:00,0
2023-09-10T01:30+02:00,0
2023-09-10T01:45+02:00,0
2023-09-10T02:00+02:00,0
2023-09-10T02:15+02:00,0
2023-09-10T02:30+02:00,0
2023-09-10T02:45+02:00,0
2023-09-10T03:00+02:00,0
2023-09-10T03:15+02:00,0
2023-09-10T03:30+02:00,0
2023-09-10T03:45+02:00,0
2023-09-10T04:00+02:00,0
2023-09-10T04:15+02:00,0
2023-09-10T04:30+02:00,0
2023-09-10T04:45+02:00,0
2023-09-10T05:00+02:00,0
2023-09-10T05:15+02:00,0
2023-09-10T05:30+02:00,0
2023-09-10T05:45+02:00,0
2023-09-10T06:00+02:00,0
2023-09-10T06:15+02:00,0
2023-09-10T06:30+02:00,2.5
2023-09-10T06:45+02:00,135.2
2023-09-10T07:00+02:00,691.4
2023-09-10T07:15+02:00,1650.5
2023-09-10T07:30+02:00,3012.8
2023-09-10T07:45+02:00,4687.6
2023-09-10T08:00+02:00,6648.2
2023-09-10T08:15+02:00,8862.6
2023-09-10T08:30+02:00,11225.3
2023-09-10T08:45+02:00,13671.1
2023-09-10T09:00+02:00,16151.5
2023-09-10T09:15+02:00,18605.2
2023-09-10T09:30+02:00,20980.5
2023-09-10T09:45+02:00,23251.4
2023-09-10T10:00+02:00,25365
2023-09-10T10:15+02:00,27316.1
2023-09-10T10:30+02:00,29090
2023-09-10T10:45+02:00,30691.2
2023-09-10T11:00+02:00,32074.6
2023-09-10T11:15+02:00,33273.8
2023-09-10T11:30+02:00,34281.8
2023-09-10T11:45+02:00,35119.7
2023-09-10T12:00+02:00,35797.4
2023-09-10T12:15+02:00,36309.7
2023-09-10T12:30+02:00,36654.2
2023-09-10T12:45+02:00,36825.6
2023-09-10T13:00+02:00,36838.9
2023-09-10T13:15+02:00,36703.5
2023-09-10T13:30+02:00,36429
2023-09-10T13:45+02:00,36022.9
2023-09-10T14:00+02:00,35479.5
2023-09-10T14:15+02:00,34795.4
2023-09-10T14:30+02:00,33993.2
2023-09-10T14:45+02:00,33048.6
2023-09-10T15:00+02:00,31923.7
2023-09-10T15:15+02:00,30620.3
2023-09-10T15:30+02:00,29144.3
2023-09-10T15:45+02:00,27594.1
2023-09-10T16:00+02:00,25877.3
2023-09-10T16:15+02:00,24023.9
2023-09-10T16:30+02:00,22071.2
2023-09-10T16:45+02:00,19988.2
2023-09-10T17:00+02:00,17714.9
2023-09-10T17:15+02:00,15243.2
2023-09-10T17:30+02:00,12682.1
2023-09-10T17:45+02:00,10168.9
2023-09-10T18:00+02:00,7825.6
2023-09-10T18:15+02:00,5698.8
2023-09-10T18:30+02:00,3810
2023-09-10T18:45+02:00,2298.1
2023-09-10T19:00+02:00,1275.2
2023-09-10T19:15+02:00,663.1
2023-09-10T19:30+02:00,286.9
2023-09-10T19:45+02:00,89.3
2023-09-10T20:00+02:00,36.5
2023-09-10T20:15+02:00,0
2023-09-10T20:30+02:00,0
2023-09-10T20:45+02:00,0
2023-09-10T21:00+02:00,0
2023-09-10T21:15+02:00,0
2023-09-10T21:30+02:00,0
2023-09-10T21:45+02:00,0
2023-09-10T22:00+02:00,0
2023-09-10T22:15+02:00,0
2023-09-10T22:30+02:00,0
2023-09-10T22:45+02:00,0
2023-09-10T23:00+02:00,0
2023-09-10T23:15+02:00,0
2023-09-10T23:30+02:00,0
2023-09-10T23:45+02:00,0
2023-09-11T00:00+02:00,0
2023-09-11T00:15+02:00,0
2023-09-11T00:30+02:00,0
2023-09-11T00:45+02:00,0
2023-09-11T01:00+02:00,0
2023-09-11T01:15+02:00,0
2023-09-11T01:30+02:00,0
2023-09-11T01:45+02:00,0
2023-09-11T02:00+02:00,0
2023-09-11T02:15+02:00,0
2023-09-11T02:30+02:00,0
2023-09-11T02:45+02:00,0
2023-09-11T03:00+02:00,0
2023-09-11T03:15+02:00,0
2023-09-11T03:30+02:00,0
2023-09-11T03:45+02:00,0
2023-09-11T04:00+02:00,0
2023-09-11T04:15+02:00,0
2023-09-11T04:30+02:00,0
2023-09-11T04:45+02:00,0
2023-09-11T05:00+02:00,0
2023-09-11T05:15+02:00,0
2023-09-11T05:30+02:00,0
2023-09-11T05:45+02:00,0
2023-09-11T06:00+02:00,0
2023-09-11T06:15+02:00,0
2023-09-11T06:30+02:00,1.1
2023-09-11T06:45+02:00,91.9
2023-09-11T07:00+02:00,611.8
2023-09-11T07:15+02:00,1526.4
2023-09-11T07:30+02:00,2816
2023-09-11T07:45+02:00,4528.4
2023-09-11T08:00+02:00,6532.5
2023-09-11T08:15+02:00,8733.6
2023-09-11T08:30+02:00,11121.5
2023-09-11T08:45+02:00,13558.6
2023-09-11T09:00+02:00,16019.6
2023-09-11T09:15+02:00,18434.7
2023-09-11T09:30+02:00,20795.2
2023-09-11T09:45+02:00,23027.3
2023-09-11T10:00+02:00,25073.2
2023-09-11T10:15+02:00,26975.8
2023-09-11T10:30+02:00,28692.8
2023-09-11T10:45+02:00,30252
2023-09-11T11:00+02:00,31607
2023-09-11T11:15+02:00,32779.3
2023-09-11T11:30+02:00,33770.7
2023-09-11T11:45+02:00,34599.8
2023-09-11T12:00+02:00,35262.3
2023-09-11T12:15+02:00,35763.8
2023-09-11T12:30+02:00,36110.1
2023-09-11T12:45+02:00,36299.4
2023-09-11T13:00+02:00,36320.5
2023-09-11T13:15+02:00,36176.4
2023-09-11T13:30+02:00,35892.7
2023-09-11T13:45+02:00,35474.8
2023-09-11T14:00+02:00,34922.2
2023-09-11T14:15+02:00,34243.1
2023-09-11T14:30+02:00,33436.4
2023-09-11T14:45+02:00,32475.5
2023-09-11T15:00+02:00,31340.1
2023-09-11T15:15+02:00,30020.5
2023-09-11T15:30+02:00,28581.3
2023-09-11T15:45+02:00,27044.6
2023-09-11T16:00+02:00,25363.2
2023-09-11T16:15+02:00,23506.7
2023-09-11T16:30+02:00,21542.4
2023-09-11T16:45+02:00,19451.7
2023-09-11T17:00+02:00,17169.3
2023-09-11T17:15+02:00,14690.4
2023-09-11T17:30+02:00,12164.2
2023-09-11T17:45+02:00,9759.3
2023-09-11T18:00+02:00,7521.3
2023-09-11T18:15+02:00,5476.9
2023-09-11T18:30+02:00,3693
2023-09-11T18:45+02:00,2261.3
2023-09-11T19:00+02:00,1229.9
2023-09-11T19:15+02:00,590.1
2023-09-11T19:30+02:00,228.5
2023-09-11T19:45+02:00,67.1
2023-09-11T20:00+02:00,0
2023-09-11T20:15+02:00,0
2023-09-11T20:30+02:00,0
2023-09-11T20:45+02:00,0
2023-09-11T21:00+02:00,0
2023-09-11T21:15+02:00,0
2023-09-11T21:30+02:00,0
2023-09-11T21:45+02:00,0
2023-09-11T22:00+02:00,0
2023-09-11T22:15+02:00,0
2023-09-11T22:30+02:00,0
2023-09-11T22:45+02:00,0
2023-09-11T23:00+02:00,0
2023-09-11T23:15+02:00,0
2023-09-11T23:30+02:00,0
2023-09-11T23:45+02:00,0
2023-09-12T00:00+02:00,0
2023-09-12T00:15+02:00,0
2023-09-12T00:30+02:00,0
2023-09-12T00:45+02:00,0
2023-09-12T01:00+02:00,0
2023-09-12T01:15+02:00,0
2023-09-12T01:30+02:00,0
2023-09-12T01:45+02:00,0
2023-09-12T02:00+02:00,0
2023-09-12T02:15+02:00,0
2023-09-12T02:30+02:00,0
2023-09-12T02:45+02:00,0
2023-09-12T03:00+02:00,0
2023-09-12T03:15+02:00,0
2023-09-12T03:30+02:00,0
2023-09-12T03:45+02:00,0
2023-09-12T04:00+02:00,0
2023-09-12T04:15+02:00,0
2023-09-12T04:30+02:00,0
2023-09-12T04:45+02:00,0
2023-09-12T05:00+02:00,0
2023-09-12T05:15+02:00,0
2023-09-12T05:30+02:00,0
2023-09-12T05:45+02:00,0
2023-09-12T06:00+02:00,0
2023-09-12T06:15+02:00,0
2023-09-12T06:30+02:00,0.9
2023-09-12T06:45+02:00,105.8
2023-09-12T07:00+02:00,512.1
2023-09-12T07:15+02:00,1256.5
2023-09-12T07:30+02:00,2328.3
2023-09-12T07:45+02:00,3713.7
2023-09-12T08:00+02:00,5310.3
2023-09-12T08:15+02:00,7032.8
2023-09-12T08:30+02:00,8866
2023-09-12T08:45+02:00,10762.7
2023-09-12T09:00+02:00,12650.2
2023-09-12T09:15+02:00,14505.3
2023-09-12T09:30+02:00,16343.4
2023-09-12T09:45+02:00,18146.9
2023-09-12T10:00+02:00,19853.8
2023-09-12T10:15+02:00,21473.8
2023-09-12T10:30+02:00,22981.2
2023-09-12T10:45+02:00,24386.2
2023-09-12T11:00+02:00,25576.5
2023-09-12T11:15+02:00,26685.5
2023-09-12T11:30+02:00,27648.4
2023-09-12T11:45+02:00,28454.3
2023-09-12T12:00+02:00,29098.3
2023-09-12T12:15+02:00,29584.2
2023-09-12T12:30+02:00,29883.4
2023-09-12T12:45+02:00,30031.4
2023-09-12T13:00+02:00,30045
2023-09-12T13:15+02:00,29914.5
2023-09-12T13:30+02:00,29641.8
2023-09-12T13:45+02:00,29225.5
2023-09-12T14:00+02:00,28408.7
2023-09-12T14:15+02:00,27740
2023-09-12T14:30+02:00,26924.8
2023-09-12T14:45+02:00,25953.5
2023-09-12T15:00+02:00,24857.1
2023-09-12T15:15+02:00,23650.1
2023-09-12T15:30+02:00,22298
2023-09-12T15:45+02:00,20827.6
2023-09-12T16:00+02:00,19276.3
2023-09-12T16:15+02:00,17668.6
2023-09-12T16:30+02:00,15956
2023-09-12T16:45+02:00,14185.7
2023-09-12T17:00+02:00,12396.8
2023-09-12T17:15+02:00,10538
2023-09-12T17:30+02:00,8682.5
2023-09-12T17:45+02:00,6946.7
2023-09-12T18:00+02:00,5351.2
2023-09-12T18:15+02:00,3889.4
2023-09-12T18:30+02:00,2603.6
2023-09-12T18:45+02:00,1580.2
2023-09-12T19:00+02:00,847.5
2023-09-12T19:15+02:00,388.5
2023-09-12T19:30+02:00,129.8
2023-09-12T19:45+02:00,33.9
2023-09-12T20:00+02:00,0
2023-09-12T20:15+02:00,0
2023-09-12T20:30+02:00,0
2023-09-12T20:45+02:00,0
2023-09-12T21:00+02:00,0
2023-09-12T21:15+02:00,0
2023-09-12T21:30+02:00,0
2023-09-12T21:45+02:00,0
2023-09-12T22:00+02:00,0
2023-09-12T22:15+02:00,0
2023-09-12T22:30+02:00,0
2023-09-12T22:45+02:00,0
2023-09-12T23:00+02:00,0
2023-09-12T23:15+02:00,0
2023-09-12T23:30+02:00,0
2023-09-12T23:45+02:00,0
2023-09-13T00:00+02:00,0
2023-09-13T00:15+02:00,0
2023-09-13T00:30+02:00,0
2023-09-13T00:45+02:00,0
2023-09-13T01:00+02:00,0
2023-09-13T01:15+02:00,0
2023-09-13T01:30+02:00,0
2023-09-13T01:45+02:00,0
2023-09-13T02:00+02:00,0
2023-09-13T02:15+02:00,0
2023-09-13T02:30+02:00,0
2023-09-13T02:45+02:00,0
2023-09-13T03:00+02:00,0
2023-09-13T03:15+02:00,0
2023-09-13T03:30+02:00,0
2023-09-13T03:45+02:00,0
2023-09-13T04:00+02:00,0
2023-09-13T04:15+02:00,0
2023-09-13T04:30+02:00,0
2023-09-13T04:45+02:00,0
2023-09-13T05:00+02:00,0
2023-09-13T05:15+02:00,0
2023-09-13T05:30+02:00,0
2023-09-13T05:45+02:00,0
2023-09-13T06:00+02:00,0
2023-09-13T06:15+02:00,0
2023-09-13T06:30+02:00,2.6
2023-09-13T06:45+02:00,61
2023-09-13T07:00+02:00,252.6
2023-09-13T07:15+02:00,623
2023-09-13T07:30+02:00,1119.6
2023-09-13T07:45+02:00,1741
2023-09-13T08:00+02:00,2498
2023-09-13T08:15+02:00,3362.3
2023-09-13T08:30+02:00,4291
2023-09-13T08:45+02:00,5264.7
2023-09-13T09:00+02:00,6278.7
2023-09-13T09:15+02:00,7315
2023-09-13T09:30+02:00,8338.7
2023-09-13T09:45+02:00,9349.9
2023-09-13T10:00+02:00,10316.3
2023-09-13T10:15+02:00,11289.7
2023-09-13T10:30+02:00,12224.6
2023-09-13T10:45+02:00,13091
2023-09-13T11:00+02:00,13933.7
2023-09-13T11:15+02:00,14767.4
2023-09-13T11:30+02:00,15474.8
2023-09-13T11:45+02:00,16058.5
2023-09-13T12:00+02:00,16652.9
2023-09-13T12:15+02:00,17219
2023-09-13T12:30+02:00,17668.8
2023-09-13T12:45+02:00,17973.7
2023-09-13T13:00+02:00,18224.5
2023-09-13T13:15+02:00,18367.9
2023-09-13T13:30+02:00,18385.3
2023-09-13T13:45+02:00,18272.2
2023-09-13T14:00+02:00,17918.6
2023-09-13T14:15+02:00,17685.1
2023-09-13T14:30+02:00,17321.8
2023-09-13T14:45+02:00,16811.6
2023-09-13T15:00+02:00,16225.8
2023-09-13T15:15+02:00,15573.3
2023-09-13T15:30+02:00,14795.3
2023-09-13T15:45+02:00,13924
2023-09-13T16:00+02:00,12995.9
2023-09-13T16:15+02:00,12020.3
2023-09-13T16:30+02:00,10986.7
2023-09-13T16:45+02:00,9913.5
2023-09-13T17:00+02:00,8827.6
2023-09-13T17:15+02:00,7699.5
2023-09-13T17:30+02:00,6558.2
2023-09-13T17:45+02:00,5412.2
2023-09-13T18:00+02:00,4287.3
2023-09-13T18:15+02:00,3189.8
2023-09-13T18:30+02:00,2171.8
2023-09-13T18:45+02:00,1341.2
2023-09-13T19:00+02:00,733.9
2023-09-13T19:15+02:00,326.9
2023-09-13T19:30+02:00,99.5
2023-09-13T19:45+02:00,26.3
2023-09-13T20:00+02:00,0
2023-09-13T20:15+02:00,0
2023-09-13T20:30+02:00,0
2023-09-13T20:45+02:00,0
2023-09-13T21:00+02:00,0
2023-09-13T21:15+02:00,0
2023-09-13T21:30+02:00,0
2023-09-13T21:45+02:00,0
2023-09-13T22:00+02:00,0
2023-09-13T22:15+02:00,0
2023-09-13T22:30+02:00,0
2023-09-13T22:45+02:00,0
2023-09-13T23:00+02:00,0
2023-09-13T23:15+02:00,0
2023-09-13T23:30+02:00,0
2023-09-13T23:45+02:00,0
2023-09-14T00:00+02:00,0
2023-09-14T00:15+02:00,0
2023-09-14T00:30+02:00,0
2023-09-14T00:45+02:00,0
2023-09-14T01:00+02:00,0
2023-09-14T01:15+02:00,0
2023-09-14T01:30+02:00,0
2023-09-14T01:45+02:00,0
2023-09-14T02:00+02:00,0
2023-09-14T02:15+02:00,0
2023-09-14T02:30+02:00,0
2023-09-14T02:45+02:00,0
2023-09-14T03:00+02:00,0
2023-09-14T03:15+02:00,0
2023-09-14T03:30+02:00,0
2023-09-14T03:45+02:00,0
2023-09-14T04:00+02:00,0
2023-09-14T04:15+02:00,0
2023-09-14T04:30+02:00,0
2023-09-14T04:45+02:00,0
2023-09-14T05:00+02:00,0
2023-09-14T05:15+02:00,0
2023-09-14T05:30+02:00,0
2023-09-14T05:45+02:00,0
2023-09-14T06:00+02:00,0
2023-09-14T06:15+02:00,0
2023-09-14T06:30+02:00,0
2023-09-14T06:45+02:00,43.9
2023-09-14T07:00+02:00,363.7
2023-09-14T07:15+02:00,997.1
2023-09-14T07:30+02:00,1910.2
2023-09-14T07:45+02:00,3092.8
2023-09-14T08:00+02:00,4524.9
2023-09-14T08:15+02:00,6144.7
2023-09-14T08:30+02:00,7894.5
2023-09-14T08:45+02:00,9724.9
2023-09-14T09:00+02:00,11577.2
2023-09-14T09:15+02:00,13481.7
2023-09-14T09:30+02:00,15413.7
2023-09-14T09:45+02:00,17347
2023-09-14T10:00+02:00,19246.1
2023-09-14T10:15+02:00,21034.8
2023-09-14T10:30+02:00,22677.4
2023-09-14T10:45+02:00,24148.4
2023-09-14T11:00+02:00,25394.6
2023-09-14T11:15+02:00,26551.7
2023-09-14T11:30+02:00,27556
2023-09-14T11:45+02:00,28366.4
2023-09-14T12:00+02:00,29058.4
2023-09-14T12:15+02:00,29637.6
2023-09-14T12:30+02:00,30033.7
2023-09-14T12:45+02:00,30303.8
2023-09-14T13:00+02:00,30447.3
2023-09-14T13:15+02:00,30505.4
2023-09-14T13:30+02:00,30438.3
2023-09-14T13:45+02:00,30206.4
2023-09-14T14:00+02:00,29926.5
2023-09-14T14:15+02:00,29432.4
2023-09-14T14:30+02:00,28816.4
2023-09-14T14:45+02:00,28067.2
2023-09-14T15:00+02:00,27176.4
2023-09-14T15:15+02:00,26126.8
2023-09-14T15:30+02:00,24926.5
2023-09-14T15:45+02:00,23594
2023-09-14T16:00+02:00,22133.3
2023-09-14T16:15+02:00,20545.9
2023-09-14T16:30+02:00,18857
2023-09-14T16:45+02:00,17058.7
2023-09-14T17:00+02:00,15100.1
2023-09-14T17:15+02:00,12946.9
2023-09-14T17:30+02:00,10713.3
2023-09-14T17:45+02:00,8526.6
2023-09-14T18:00+02:00,6489.7
2023-09-14T18:15+02:00,4605.2
2023-09-14T18:30+02:00,2967.1
2023-09-14T18:45+02:00,1710.4
2023-09-14T19:00+02:00,870.2
2023-09-14T19:15+02:00,370.6
2023-09-14T19:30+02:00,123
2023-09-14T19:45+02:00,52.1
2023-09-14T20:00+02:00,0
2023-09-14T20:15+02:00,0
2023-09-14T20:30+02:00,0
2023-09-14T20:45+02:00,0
2023-09-14T21:00+02:00,0
2023-09-14T21:15+02:00,0
2023-09-14T21:30+02:00,0
2023-09-14T21:45+02:00,0
2023-09-14T22:00+02:00,0
2023-09-14T22:15+02:00,0
2023-09-14T22:30+02:00,0
2023-09-14T22:45+02:00,0
2023-09-14T23:00+02:00,0
2023-09-14T23:15+02:00,0
2023-09-14T23:30+02:00,0
2023-09-14T23:45+02:00,0
2023-09-15T00:00+02:00,0
2023-09-15T00:15+02:00,0
2023-09-15T00:30+02:00,0
2023-09-15T00:45+02:00,0
2023-09-15T01:00+02:00,0
2023-09-15T01:15+02:00,0
2023-09-15T01:30+02:00,0
2023-09-15T01:45+02:00,0
2023-09-15T02:00+02:00,0
2023-09-15T02:15+02:00,0
2023-09-15T02:30+02:00,0
2023-09-15T02:45+02:00,0
2023-09-15T03:00+02:00,0
2023-09-15T03:15+02:00,0
2023-09-15T03:30+02:00,0
2023-09-15T03:45+02:00,0
2023-09-15T04:00+02:00,0
2023-09-15T04:15+02:00,0
2023-09-15T04:30+02:00,0
2023-09-15T04:45+02:00,0
2023-09-15T05:00+02:00,0
2023-09-15T05:15+02:00,0
2023-09-15T05:30+02:00,0
2023-09-15T05:45+02:00,0
2023-09-15T06:00+02:00,0
2023-09-15T06:15+02:00,0
2023-09-15T06:30+02:00,0
2023-09-15T06:45+02:00,50.3
2023-09-15T07:00+02:00,437.2
2023-09-15T07:15+02:00,1216.2
2023-09-15T07:30+02:00,2410.8
2023-09-15T07:45+02:00,4017.6
2023-09-15T08:00+02:00,5933
2023-09-15T08:15+02:00,8122.3
2023-09-15T08:30+02:00,10502.4
2023-09-15T08:45+02:00,12953
2023-09-15T09:00+02:00,15430.5
2023-09-15T09:15+02:00,17872
2023-09-15T09:30+02:00,20231.3
2023-09-15T09:45+02:00,22493.5
2023-09-15T10:00+02:00,24591.9
2023-09-15T10:15+02:00,26568.3
2023-09-15T10:30+02:00,28406.2
2023-09-15T10:45+02:00,30083.1
2023-09-15T11:00+02:00,31526.1
2023-09-15T11:15+02:00,32759.6
2023-09-15T11:30+02:00,33803.3
2023-09-15T11:45+02:00,34661.7
2023-09-15T12:00+02:00,35340.7
2023-09-15T12:15+02:00,35850.2
2023-09-15T12:30+02:00,36169.2
2023-09-15T12:45+02:00,36297.7
2023-09-15T13:00+02:00,36269.2
2023-09-15T13:15+02:00,36081.4
2023-09-15T13:30+02:00,35747.8
2023-09-15T13:45+02:00,35260.5
2023-09-15T14:00+02:00,34610.4
2023-09-15T14:15+02:00,33814.3
2023-09-15T14:30+02:00,32884.6
2023-09-15T14:45+02:00,31803.3
2023-09-15T15:00+02:00,30539.2
2023-09-15T15:15+02:00,29083.1
2023-09-15T15:30+02:00,27495
2023-09-15T15:45+02:00,25809.2
2023-09-15T16:00+02:00,24022.1
2023-09-15T16:15+02:00,22131.9
2023-09-15T16:30+02:00,20170.4
2023-09-15T16:45+02:00,18104.5
2023-09-15T17:00+02:00,15897.5
2023-09-15T17:15+02:00,13536.2
2023-09-15T17:30+02:00,11097.5
2023-09-15T17:45+02:00,8783.1
2023-09-15T18:00+02:00,6647.4
2023-09-15T18:15+02:00,4674.4
2023-09-15T18:30+02:00,2985.2
2023-09-15T18:45+02:00,1679.1
2023-09-15T19:00+02:00,820.8
2023-09-15T19:15+02:00,335.4
2023-09-15T19:30+02:00,115.7
2023-09-15T19:45+02:00,63.1
2023-09-15T20:00+02:00,0
2023-09-15T20:15+02:00,0
2023-09-15T20:30+02:00,0
2023-09-15T20:45+02:00,0
2023-09-15T21:00+02:00,0
2023-09-15T21:15+02:00,0
2023-09-15T21:30+02:00,0
2023-09-15T21:45+02:00,0
2023-09-15T22:00+02:00,0
2023-09-15T22:15+02:00,0
2023-09-15T22:30+02:00,0
2023-09-15T22:45+02:00,0
2023-09-15T23:00+02:00,0
2023-09-15T23:15+02:00,0
2023-09-15T23:30+02:00,0
2023-09-15T23:45+02:00,0
2023-09-16T00:00+02:00,0
2023-09-16T00:15+02:00,0
2023-09-16T00:30+02:00,0
2023-09-16T00:45+02:00,0
2023-09-16T01:00+02:00,0
2023-09-16T01:15+02:00,0
2023-09-16T01:30+02:00,0
2023-09-16T01:45+02:00,0
2023-09-16T02:00+02:00,0
2023-09-16T02:15+02:00,0
2023-09-16T02:30+02:00,0
2023-09-16T02:45+02:00,0
2023-09-16T03:00+02:00,0
2023-09-16T03:15+02:00,0
2023-09-16T03:30+02:00,0
2023-09-16T03:45+02:00,0
2023-09-16T04:00+02:00,0
2023-09-16T04:15+02:00,0
2023-09-16T04:30+02:00,0
2023-09-16T04:45+02:00,0
2023-09-16T05:00+02:00,0
2023-09-16T05:15+02:00,0
2023-09-16T05:30+02:00,0
2023-09-16T05:45+02:00,0
2023-09-16T06:00+02:00,0
2023-09-16T06:15+02:00,0
2023-09-16T06:30+02:00,0
2023-09-16T06:45+02:00,51.4
2023-09-16T07:00+02:00,409.9
2023-09-16T07:15+02:00,1156.2
2023-09-16T07:30+02:00,2325.2
2023-09-16T07:45+02:00,3887.2
2023-09-16T08:00+02:00,5721.6
2023-09-16T08:15+02:00,7791.4
2023-09-16T08:30+02:00,10011.6
2023-09-16T08:45+02:00,12273.7
2023-09-16T09:00+02:00,14570.5
2023-09-16T09:15+02:00,16876.7
2023-09-16T09:30+02:00,19130.6
2023-09-16T09:45+02:00,21329.5
2023-09-16T10:00+02:00,23363.7
2023-09-16T10:15+02:00,25262.1
2023-09-16T10:30+02:00,27014.9
2023-09-16T10:45+02:00,28607.7
2023-09-16T11:00+02:00,30000.6
2023-09-16T11:15+02:00,31194.3
2023-09-16T11:30+02:00,32215.1
2023-09-16T11:45+02:00,33038.1
2023-09-16T12:00+02:00,33675.5
2023-09-16T12:15+02:00,34137.8
2023-09-16T12:30+02:00,34417.1
2023-09-16T12:45+02:00,34523.5
2023-09-16T13:00+02:00,34476.1
2023-09-16T13:15+02:00,34277.2
2023-09-16T13:30+02:00,33935.8
2023-09-16T13:45+02:00,33442.8
2023-09-16T14:00+02:00,32788.8
2023-09-16T14:15+02:00,31986.5
2023-09-16T14:30+02:00,31027
2023-09-16T14:45+02:00,29905.2
2023-09-16T15:00+02:00,28617.6
2023-09-16T15:15+02:00,27163.3
2023-09-16T15:30+02:00,25576.2
2023-09-16T15:45+02:00,23868.8
2023-09-16T16:00+02:00,22079.9
2023-09-16T16:15+02:00,20205.9
2023-09-16T16:30+02:00,18263
2023-09-16T16:45+02:00,16232
2023-09-16T17:00+02:00,14126.5
2023-09-16T17:15+02:00,11898.4
2023-09-16T17:30+02:00,9671.9
2023-09-16T17:45+02:00,7594.4
2023-09-16T18:00+02:00,5686.2
2023-09-16T18:15+02:00,3991.4
2023-09-16T18:30+02:00,2541.4
2023-09-16T18:45+02:00,1435.7
2023-09-16T19:00+02:00,671
2023-09-16T19:15+02:00,248.9
2023-09-16T19:30+02:00,77.1
2023-09-16T19:45+02:00,45.4
2023-09-16T20:00+02:00,0
2023-09-16T20:15+02:00,0
2023-09-16T20:30+02:00,0
2023-09-16T20:45+02:00,0
2023-09-16T21:00+02:00,0
2023-09-16T21:15+02:00,0
2023-09-16T21:30+02:00,0
2023-09-16T21:45+02:00,0
2023-09-16T22:00+02:00,0
2023-09-16T22:15+02:00,0
2023-09-16T22:30+02:00,0
2023-09-16T22:45+02:00,0
2023-09-16T23:00+02:00,0
2023-09-16T23:15+02:00,0
2023-09-16T23:30+02:00,0
2023-09-16T23:45+02:00,0
2023-09-17T00:00+02:00,0
2023-09-17T00:15+02:00,0
2023-09-17T00:30+02:00,0
2023-09-17T00:45+02:00,0
2023-09-17T01:00+02:00,0
2023-09-17T01:15+02:00,0
2023-09-17T01:30+02:00,0
2023-09-17T01:45+02:00,0
2023-09-17T02:00+02:00,0
2023-09-17T02:15+02:00,0
2023-09-17T02:30+02:00,0
2023-09-17T02:45+02:00,0
2023-09-17T03:00+02:00,0
2023-09-17T03:15+02:00,0
2023-09-17T03:30+02:00,0
2023-09-17T03:45+02:00,0
2023-09-17T04:00+02:00,0
2023-09-17T04:15+02:00,0
2023-09-17T04:30+02:00,0
2023-09-17T04:45+02:00,0
2023-09-17T05:00+02:00,0
2023-09-17T05:15+02:00,0
2023-09-17T05:30+02:00,0
2023-09-17T05:45+02:00,0
2023-09-17T06:00+02:00,0
2023-09-17T06:15+02:00,0
2023-09-17T06:30+02:00,0.2
2023-09-17T06:45+02:00,60.2
2023-09-17T07:00+02:00,341
2023-09-17T07:15+02:00,950.7
2023-09-17T07:30+02:00,1890.2
2023-09-17T07:45+02:00,3140.6
2023-09-17T08:00+02:00,4642.2
2023-09-17T08:15+02:00,6243.9
2023-09-17T08:30+02:00,7996
2023-09-17T08:45+02:00,9889.8
2023-09-17T09:00+02:00,11864.1
2023-09-17T09:15+02:00,13937.1
2023-09-17T09:30+02:00,16005
2023-09-17T09:45+02:00,18046.4
2023-09-17T10:00+02:00,19989.3
2023-09-17T10:15+02:00,21803.7
2023-09-17T10:30+02:00,23484.7
2023-09-17T10:45+02:00,25006.5
2023-09-17T11:00+02:00,26411.6
2023-09-17T11:15+02:00,27674.3
2023-09-17T11:30+02:00,28773.2
2023-09-17T11:45+02:00,29677.5
2023-09-17T12:00+02:00,30399.8
2023-09-17T12:15+02:00,30949.8
2023-09-17T12:30+02:00,31317.5
2023-09-17T12:45+02:00,31511
2023-09-17T13:00+02:00,31567.5
2023-09-17T13:15+02:00,31493
2023-09-17T13:30+02:00,31276.7
2023-09-17T13:45+02:00,30899.7
2023-09-17T14:00+02:00,30250.2
2023-09-17T14:15+02:00,29547.5
2023-09-17T14:30+02:00,28696.8
2023-09-17T14:45+02:00,27702.5
2023-09-17T15:00+02:00,26558.6
2023-09-17T15:15+02:00,25270.1
2023-09-17T15:30+02:00,23838
2023-09-17T15:45+02:00,22280
2023-09-17T16:00+02:00,20626.3
2023-09-17T16:15+02:00,18904.5
2023-09-17T16:30+02:00,17071.3
2023-09-17T16:45+02:00,15186.2
2023-09-17T17:00+02:00,13238.1
2023-09-17T17:15+02:00,11172.2
2023-09-17T17:30+02:00,9093
2023-09-17T17:45+02:00,7141
2023-09-17T18:00+02:00,5369.7
2023-09-17T18:15+02:00,3764.5
2023-09-17T18:30+02:00,2396.8
2023-09-17T18:45+02:00,1325.9
2023-09-17T19:00+02:00,623.1
2023-09-17T19:15+02:00,231.2
2023-09-17T19:30+02:00,72.8
2023-09-17T19:45+02:00,3.7
2023-09-17T20:00+02:00,0
2023-09-17T20:15+02:00,0
2023-09-17T20:30+02:00,0
2023-09-17T20:45+02:00,0
2023-09-17T21:00+02:00,0
2023-09-17T21:15+02:00,0
2023-09-17T21:30+02:00,0
2023-09-17T21:45+02:00,0
2023-09-17T22:00+02:00,0
2023-09-17T22:15+02:00,0
2023-09-17T22:30+02:00,0
2023-09-17T22:45+02:00,0
2023-09-17T23:00+02:00,0
2023-09-17T23:15+02:00,0
2023-09-17T23:30+02:00,0
2023-09-17T23:45+02:00,0
2023-09-18T00:00+02:00,0
2023-09-18T00:15+02:00,0
2023-09-18T00:30+02:00,0
2023-09-18T00:45+02:00,0
2023-09-18T01:00+02:00,0
2023-09-18T01:15+02:00,0
2023-09-18T01:30+02:00,0
2023-09-18T01:45+02:00,0
2023-09-18T02:00+02:00,0
2023-09-18T02:15+02:00,0
2023-09-18T02:30+02:00,0
2023-09-18T02:45+02:00,0
2023-09-18T03:00+02:00,0
2023-09-18T03:15+02:00,0
2023-09-18T03:30+02:00,0
2023-09-18T03:45+02:00,0
2023-09-18T04:00+02:00,0
2023-09-18T04:15+02:00,0
2023-09-18T04:30+02:00,0
2023-09-18T04:45+02:00,0
2023-09-18T05:00+02:00,0
2023-09-18T05:15+02:00,0
2023-09-18T05:30+02:00,0
2023-09-18T05:45+02:00,0
2023-09-18T06:00+02:00,0
2023-09-18T06:15+02:00,0
2023-09-18T06:30+02:00,0.5
2023-09-18T06:45+02:00,72.4
2023-09-18T07:00+02:00,322.3
2023-09-18T07:15+02:00,827.5
2023-09-18T07:30+02:00,1556.7
2023-09-18T07:45+02:00,2480.9
2023-09-18T08:00+02:00,3605.3
2023-09-18T08:15+02:00,4834
2023-09-18T08:30+02:00,6127.4
2023-09-18T08:45+02:00,7486.4
2023-09-18T09:00+02:00,8876.9
2023-09-18T09:15+02:00,10316.4
2023-09-18T09:30+02:00,11762.9
2023-09-18T09:45+02:00,13157
2023-09-18T10:00+02:00,14425.4
2023-09-18T10:15+02:00,15598.4
2023-09-18T10:30+02:00,16627.1
2023-09-18T10:45+02:00,17514.8
2023-09-18T11:00+02:00,18316.9
2023-09-18T11:15+02:00,19027.4
2023-09-18T11:30+02:00,19568.1
2023-09-18T11:45+02:00,19928.1
2023-09-18T12:00+02:00,20164.1
2023-09-18T12:15+02:00,20330.4
2023-09-18T12:30+02:00,20324.5
2023-09-18T12:45+02:00,20197.7
2023-09-18T13:00+02:00,20020
2023-09-18T13:15+02:00,19760.2
2023-09-18T13:30+02:00,19374
2023-09-18T13:45+02:00,18866.8
2023-09-18T14:00+02:00,17945
2023-09-18T14:15+02:00,17272
2023-09-18T14:30+02:00,16508.4
2023-09-18T14:45+02:00,15691.5
2023-09-18T15:00+02:00,14869.5
2023-09-18T15:15+02:00,13985.9
2023-09-18T15:30+02:00,13080.6
2023-09-18T15:45+02:00,12183.5
2023-09-18T16:00+02:00,11289.5
2023-09-18T16:15+02:00,10356
2023-09-18T16:30+02:00,9402.1
2023-09-18T16:45+02:00,8439.5
2023-09-18T17:00+02:00,7483
2023-09-18T17:15+02:00,6432.5
2023-09-18T17:30+02:00,5338.5
2023-09-18T17:45+02:00,4256.9
2023-09-18T18:00+02:00,3254.2
2023-09-18T18:15+02:00,2340
2023-09-18T18:30+02:00,1528.6
2023-09-18T18:45+02:00,901.8
2023-09-18T19:00+02:00,440.8
2023-09-18T19:15+02:00,157.9
2023-09-18T19:30+02:00,38.8
2023-09-18T19:45+02:00,9.6
2023-09-18T20:00+02:00,0
2023-09-18T20:15+02:00,0
2023-09-18T20:30+02:00,0
2023-09-18T20:45+02:00,0
2023-09-18T21:00+02:00,0
2023-09-18T21:15+02:00,0
2023-09-18T21:30+02:00,0
2023-09-18T21:45+02:00,0
2023-09-18T22:00+02:00,0
2023-09-18T22:15+02:00,0
2023-09-18T22:30+02:00,0
2023-09-18T22:45+02:00,0
2023-09-18T23:00+02:00,0
2023-09-18T23:15+02:00,0
2023-09-18T23:30+02:00,0
2023-09-18T23:45+02:00,0
2023-09-19T00:00+02:00,0
2023-09-19T00:15+02:00,0
2023-09-19T00:30+02:00,0
2023-09-19T00:45+02:00,0
2023-09-19T01:00+02:00,0
2023-09-19T01:15+02:00,0
2023-09-19T01:30+02:00,0
2023-09-19T01:45+02:00,0
2023-09-19T02:00+02:00,0
2023-09-19T02:15+02:00,0
2023-09-19T02:30+02:00,0
2023-09-19T02:45+02:00,0
2023-09-19T03:00+02:00,0
2023-09-19T03:15+02:00,0
2023-09-19T03:30+02:00,0
2023-09-19T03:45+02:00,0
2023-09-19T04:00+02:00,0
2023-09-19T04:15+02:00,0
2023-09-19T04:30+02:00,0
2023-09-19T04:45+02:00,0
2023-09-19T05:00+02:00,0
2023-09-19T05:15+02:00,0
2023-09-19T05:30+02:00,0
2023-09-19T05:45+02:00,0
2023-09-19T06:00+02:00,0
2023-09-19T06:15+02:00,0
2023-09-19T06:30+02:00,0
2023-09-19T06:45+02:00,38.3
2023-09-19T07:00+02:00,261.4
2023-09-19T07:15+02:00,749.4
2023-09-19T07:30+02:00,1493.7
2023-09-19T07:45+02:00,2486.1
2023-09-19T08:00+02:00,3722.4
2023-09-19T08:15+02:00,5085.9
2023-09-19T08:30+02:00,6517.4
2023-09-19T08:45+02:00,7996
2023-09-19T09:00+02:00,9569.4
2023-09-19T09:15+02:00,11218.5
2023-09-19T09:30+02:00,12882
2023-09-19T09:45+02:00,14467.9
2023-09-19T10:00+02:00,15943
2023-09-19T10:15+02:00,17356
2023-09-19T10:30+02:00,18689.4
2023-09-19T10:45+02:00,19881.1
2023-09-19T11:00+02:00,20941.3
2023-09-19T11:15+02:00,21953.6
2023-09-19T11:30+02:00,22854.6
2023-09-19T11:45+02:00,23616.6
2023-09-19T12:00+02:00,24285.9
2023-09-19T12:15+02:00,24837.8
2023-09-19T12:30+02:00,25243.3
2023-09-19T12:45+02:00,25507.2
2023-09-19T13:00+02:00,25653.7
2023-09-19T13:15+02:00,25681.1
2023-09-19T13:30+02:00,25587.4
2023-09-19T13:45+02:00,25349.4
2023-09-19T14:00+02:00,25208.2
2023-09-19T14:15+02:00,24740.5
2023-09-19T14:30+02:00,24144.9
2023-09-19T14:45+02:00,23427.1
2023-09-19T15:00+02:00,22630.5
2023-09-19T15:15+02:00,21752.5
2023-09-19T15:30+02:00,20738.2
2023-09-19T15:45+02:00,19591.9
2023-09-19T16:00+02:00,18277.9
2023-09-19T16:15+02:00,16770.5
2023-09-19T16:30+02:00,15127.1
2023-09-19T16:45+02:00,13411.8
2023-09-19T17:00+02:00,11684.7
2023-09-19T17:15+02:00,9872
2023-09-19T17:30+02:00,8056.3
2023-09-19T17:45+02:00,6327.6
2023-09-19T18:00+02:00,4747.8
2023-09-19T18:15+02:00,3271.2
2023-09-19T18:30+02:00,1997.1
2023-09-19T18:45+02:00,1044.8
2023-09-19T19:00+02:00,447.9
2023-09-19T19:15+02:00,139.7
2023-09-19T19:30+02:00,54
2023-09-19T19:45+02:00,1
2023-09-19T20:00+02:00,0
2023-09-19T20:15+02:00,0
2023-09-19T20:30+02:00,0
2023-09-19T20:45+02:00,0
2023-09-19T21:00+02:00,0
2023-09-19T21:15+02:00,0
2023-09-19T21:30+02:00,0
2023-09-19T21:45+02:00,0
2023-09-19T22:00+02:00,0
2023-09-19T22:15+02:00,0
2023-09-19T22:30+02:00,0
2023-09-19T22:45+02:00,0
2023-09-19T23:00+02:00,0
2023-09-19T23:15+02:00,0
2023-09-19T23:30+02:00,0
2023-09-19T23:45+02:00,0
2023-09-20T00:00+02:00,0
2023-09-20T00:15+02:00,0
2023-09-20T00:30+02:00,0
2023-09-20T00:45+02:00,0
2023-09-20T01:00+02:00,0
2023-09-20T01:15+02:00,0
2023-09-20T01:30+02:00,0
2023-09-20T01:45+02:00,0
2023-09-20T02:00+02:00,0
2023-09-20T02:15+02:00,0
2023-09-20T02:30+02:00,0
2023-09-20T02:45+02:00,0
2023-09-20T03:00+02:00,0
2023-09-20T03:15+02:00,0
2023-09-20T03:30+02:00,0
2023-09-20T03:45+02:00,0
2023-09-20T04:00+02:00,0
2023-09-20T04:15+02:00,0
2023-09-20T04:30+02:00,0
2023-09-20T04:45+02:00,0
2023-09-20T05:00+02:00,0
2023-09-20T05:15+02:00,0
2023-09-20T05:30+02:00,0
2023-09-20T05:45+02:00,0
2023-09-20T06:00+02:00,0
2023-09-20T06:15+02:00,0
2023-09-20T06:30+02:00,0
2023-09-20T06:45+02:00,30
2023-09-20T07:00+02:00,234.5
2023-09-20T07:15+02:00,790.4
2023-09-20T07:30+02:00,1753.8
2023-09-20T07:45+02:00,3123.1
2023-09-20T08:00+02:00,4757.7
2023-09-20T08:15+02:00,6585.9
2023-09-20T08:30+02:00,8568.7
2023-09-20T08:45+02:00,10638.5
2023-09-20T09:00+02:00,12780.9
2023-09-20T09:15+02:00,14977.3
2023-09-20T09:30+02:00,17148.3
2023-09-20T09:45+02:00,19227.5
2023-09-20T10:00+02:00,21147.4
2023-09-20T10:15+02:00,22932.8
2023-09-20T10:30+02:00,24527
2023-09-20T10:45+02:00,25935.6
2023-09-20T11:00+02:00,27198.9
2023-09-20T11:15+02:00,28347.4
2023-09-20T11:30+02:00,29346.7
2023-09-20T11:45+02:00,30165
2023-09-20T12:00+02:00,30824.3
2023-09-20T12:15+02:00,31321.6
2023-09-20T12:30+02:00,31638.2
2023-09-20T12:45+02:00,31790.5
2023-09-20T13:00+02:00,31834.1
2023-09-20T13:15+02:00,31775.8
2023-09-20T13:30+02:00,31601.1
2023-09-20T13:45+02:00,31278
2023-09-20T14:00+02:00,30800.3
2023-09-20T14:15+02:00,30151.1
2023-09-20T14:30+02:00,29368.9
2023-09-20T14:45+02:00,28469.7
2023-09-20T15:00+02:00,27463
2023-09-20T15:15+02:00,26318.7
2023-09-20T15:30+02:00,25023.2
2023-09-20T15:45+02:00,23559.7
2023-09-20T16:00+02:00,21914.5
2023-09-20T16:15+02:00,20107.2
2023-09-20T16:30+02:00,18194.2
2023-09-20T16:45+02:00,16194.8
2023-09-20T17:00+02:00,14076.2
2023-09-20T17:15+02:00,11850.8
2023-09-20T17:30+02:00,9616.7
2023-09-20T17:45+02:00,7469.1
2023-09-20T18:00+02:00,5511.9
2023-09-20T18:15+02:00,3697.5
2023-09-20T18:30+02:00,2188.5
2023-09-20T18:45+02:00,1116.4
2023-09-20T19:00+02:00,428.9
2023-09-20T19:15+02:00,105.4
2023-09-20T19:30+02:00,29.2
2023-09-20T19:45+02:00,0
2023-09-20T20:00+02:00,0
2023-09-20T20:15+02:00,0
2023-09-20T20:30+02:00,0
2023-09-20T20:45+02:00,0
2023-09-20T21:00+02:00,0
2023-09-20T21:15+02:00,0
2023-09-20T21:30+02:00,0
2023-09-20T21:45+02:00,0
2023-09-20T22:00+02:00,0
2023-09-20T22:15+02:00,0
2023-09-20T22:30+02:00,0
2023-09-20T22:45+02:00,0
2023-09-20T23:00+02:00,0
2023-09-20T23:15+02:00,0
2023-09-20T23:30+02:00,0
2023-09-20T23:45+02:00,0
2023-09-21T00:00+02:00,0
2023-09-21T00:15+02:00,0
2023-09-21T00:30+02:00,0
2023-09-21T00:45+02:00,0
2023-09-21T01:00+02:00,0
2023-09-21T01:15+02:00,0
2023-09-21T01:30+02:00,0
2023-09-21T01:45+02:00,0
2023-09-21T02:00+02:00,0
2023-09-21T02:15+02:00,0
2023-09-21T02:30+02:00,0
2023-09-21T02:45+02:00,0
2023-09-21T03:00+02:00,0
2023-09-21T03:15+02:00,0
2023-09-21T03:30+02:00,0
2023-09-21T03:45+02:00,0
2023-09-21T04:00+02:00,0
2023-09-21T04:15+02:00,0
2023-09-21T04:30+02:00,0
2023-09-21T04:45+02:00,0
2023-09-21T05:00+02:00,0
2023-09-21T05:15+02:00,0
2023-09-21T05:30+02:00,0
2023-09-21T05:45+02:00,0
2023-09-21T06:00+02:00,0
2023-09-21T06:15+02:00,0
2023-09-21T06:30+02:00,0
2023-09-21T06:45+02:00,17.9
2023-09-21T07:00+02:00,231.3
2023-09-21T07:15+02:00,734.6
2023-09-21T07:30+02:00,1555.6
2023-09-21T07:45+02:00,2685.6
2023-09-21T08:00+02:00,4066.5
2023-09-21T08:15+02:00,5634.5
2023-09-21T08:30+02:00,7320.8
2023-09-21T08:45+02:00,9042
2023-09-21T09:00+02:00,10772
2023-09-21T09:15+02:00,12557.3
2023-09-21T09:30+02:00,14312.8
2023-09-21T09:45+02:00,15960.9
2023-09-21T10:00+02:00,17466.1
2023-09-21T10:15+02:00,18856.4
2023-09-21T10:30+02:00,20138.3
2023-09-21T10:45+02:00,21295.3
2023-09-21T11:00+02:00,22389.5
2023-09-21T11:15+02:00,23340
2023-09-21T11:30+02:00,24136.5
2023-09-21T11:45+02:00,24755.8
2023-09-21T12:00+02:00,25255.5
2023-09-21T12:15+02:00,25618.2
2023-09-21T12:30+02:00,25797.8
2023-09-21T12:45+02:00,25795.7
2023-09-21T13:00+02:00,25734.8
2023-09-21T13:15+02:00,25537.5
2023-09-21T13:30+02:00,25192.5
2023-09-21T13:45+02:00,24711
2023-09-21T14:00+02:00,24144.4
2023-09-21T14:15+02:00,23465.6
2023-09-21T14:30+02:00,22648.2
2023-09-21T14:45+02:00,21701.3
2023-09-21T15:00+02:00,20673.7
2023-09-21T15:15+02:00,19562.4
2023-09-21T15:30+02:00,18316
2023-09-21T15:45+02:00,16930.5
2023-09-21T16:00+02:00,15473.1
2023-09-21T16:15+02:00,13923.4
2023-09-21T16:30+02:00,12284.2
2023-09-21T16:45+02:00,10654.8
2023-09-21T17:00+02:00,9038.1
2023-09-21T17:15+02:00,7466
2023-09-21T17:30+02:00,5940.3
2023-09-21T17:45+02:00,4549.8
2023-09-21T18:00+02:00,3315.1
2023-09-21T18:15+02:00,2234.4
2023-09-21T18:30+02:00,1347.1
2023-09-21T18:45+02:00,697.1
2023-09-21T19:00+02:00,269.2
2023-09-21T19:15+02:00,56.2
2023-09-21T19:30+02:00,14.6
2023-09-21T19:45+02:00,1
2023-09-21T20:00+02:00,0
2023-09-21T20:15+02:00,0
2023-09-21T20:30+02:00,0
2023-09-21T20:45+02:00,0
2023-09-21T21:00+02:00,0
2023-09-21T21:15+02:00,0
2023-09-21T21:30+02:00,0
2023-09-21T21:45+02:00,0
2023-09-21T22:00+02:00,0
2023-09-21T22:15+02:00,0
2023-09-21T22:30+02:00,0
2023-09-21T22:45+02:00,0
2023-09-21T23:00+02:00,0
2023-09-21T23:15+02:00,0
2023-09-21T23:30+02:00,0
2023-09-21T23:45+02:00,0
2023-09-22T00:00+02:00,0
2023-09-22T00:15+02:00,0
2023-09-22T00:30+02:00,0
2023-09-22T00:45+02:00,0
2023-09-22T01:00+02:00,0
2023-09-22T01:15+02:00,0
2023-09-22T01:30+02:00,0
2023-09-22T01:45+02:00,0
2023-09-22T02:00+02:00,0
2023-09-22T02:15+02:00,0
2023-09-22T02:30+02:00,0
2023-09-22T02:45+02:00,0
2023-09-22T03:00+02:00,0
2023-09-22T03:15+02:00,0
2023-09-22T03:30+02:00,0
2023-09-22T03:45+02:00,0
2023-09-22T04:00+02:00,0
2023-09-22T04:15+02:00,0
2023-09-22T04:30+02:00,0
2023-09-22T04:45+02:00,0
2023-09-22T05:00+02:00,0
2023-09-22T05:15+02:00,0
2023-09-22T05:30+02:00,0
2023-09-22T05:45+02:00,0
2023-09-22T06:00+02:00,0.9
2023-09-22T06:15+02:00,1.8
2023-09-22T06:30+02:00,5.2
2023-09-22T06:45+02:00,16.8
2023-09-22T07:00+02:00,82.2
2023-09-22T07:15+02:00,238.4
2023-09-22T07:30+02:00,542.1
2023-09-22T07:45+02:00,986.9
2023-09-22T08:00+02:00,1560.9
2023-09-22T08:15+02:00,2275.9
2023-09-22T08:30+02:00,3092
2023-09-22T08:45+02:00,3984.7
2023-09-22T09:00+02:00,4937.1
2023-09-22T09:15+02:00,5972.7
2023-09-22T09:30+02:00,7042
2023-09-22T09:45+02:00,8125.8
2023-09-22T10:00+02:00,9204.2
2023-09-22T10:15+02:00,10308.9
2023-09-22T10:30+02:00,11395.2
2023-09-22T10:45+02:00,12461.4
2023-09-22T11:00+02:00,13527
2023-09-22T11:15+02:00,14488.4
2023-09-22T11:30+02:00,15271.4
2023-09-22T11:45+02:00,15949.2
2023-09-22T12:00+02:00,16580.4
2023-09-22T12:15+02:00,17109.3
2023-09-22T12:30+02:00,17550.8
2023-09-22T12:45+02:00,17857.1
2023-09-22T13:00+02:00,17999
2023-09-22T13:15+02:00,18058.3
2023-09-22T13:30+02:00,18055.1
2023-09-22T13:45+02:00,17906.3
2023-09-22T14:00+02:00,17665.3
2023-09-22T14:15+02:00,17329.7
2023-09-22T14:30+02:00,16923.8
2023-09-22T14:45+02:00,16407.6
2023-09-22T15:00+02:00,15773.4
2023-09-22T15:15+02:00,15038.1
2023-09-22T15:30+02:00,14231.2
2023-09-22T15:45+02:00,13349.9
2023-09-22T16:00+02:00,12368
2023-09-22T16:15+02:00,11354.3
2023-09-22T16:30+02:00,10279.5
2023-09-22T16:45+02:00,9152.3
2023-09-22T17:00+02:00,8116.4
2023-09-22T17:15+02:00,6879
2023-09-22T17:30+02:00,5590.6
2023-09-22T17:45+02:00,4361.8
2023-09-22T18:00+02:00,3241.8
2023-09-22T18:15+02:00,2230.1
2023-09-22T18:30+02:00,1349.1
2023-09-22T18:45+02:00,684.2
2023-09-22T19:00+02:00,252.4
2023-09-22T19:15+02:00,51.9
2023-09-22T19:30+02:00,14.4
2023-09-22T19:45+02:00,0
2023-09-22T20:00+02:00,0
2023-09-22T20:15+02:00,0
2023-09-22T20:30+02:00,0
2023-09-22T20:45+02:00,0
2023-09-22T21:00+02:00,0
2023-09-22T21:15+02:00,0
2023-09-22T21:30+02:00,0
2023-09-22T21:45+02:00,0
2023-09-22T22:00+02:00,0
2023-09-22T22:15+02:00,0
2023-09-22T22:30+02:00,0
2023-09-22T22:45+02:00,0
2023-09-22T23:00+02:00,0
2023-09-22T23:15+02:00,0
2023-09-22T23:30+02:00,0
2023-09-22T23:45+02:00,0
2023-09-23T00:00+02:00,0
2023-09-23T00:15+02:00,0
2023-09-23T00:30+02:00,0
2023-09-23T00:45+02:00,0
2023-09-23T01:00+02:00,0
2023-09-23T01:15+02:00,0
2023-09-23T01:30+02:00,0
2023-09-23T01:45+02:00,0
2023-09-23T02:00+02:00,0
2023-09-23T02:15+02:00,0
2023-09-23T02:30+02:00,0
2023-09-23T02:45+02:00,0
2023-09-23T03:00+02:00,0
2023-09-23T03:15+02:00,0
2023-09-23T03:30+02:00,0
2023-09-23T03:45+02:00,0
2023-09-23T04:00+02:00,0
2023-09-23T04:15+02:00,0
2023-09-23T04:30+02:00,0
2023-09-23T04:45+02:00,0
2023-09-23T05:00+02:00,0
2023-09-23T05:15+02:00,0
2023-09-23T05:30+02:00,0
2023-09-23T05:45+02:00,0
2023-09-23T06:00+02:00,0
2023-09-23T06:15+02:00,0
2023-09-23T06:30+02:00,0
2023-09-23T06:45+02:00,22.4
2023-09-23T07:00+02:00,160.6
2023-09-23T07:15+02:00,509
2023-09-23T07:30+02:00,1117.1
2023-09-23T07:45+02:00,1980.1
2023-09-23T08:00+02:00,3106.8
2023-09-23T08:15+02:00,4412.7
2023-09-23T08:30+02:00,5834.1
2023-09-23T08:45+02:00,7283.1
2023-09-23T09:00+02:00,8776.1
2023-09-23T09:15+02:00,10345.4
2023-09-23T09:30+02:00,11880.3
2023-09-23T09:45+02:00,13301.1
2023-09-23T10:00+02:00,14592.2
2023-09-23T10:15+02:00,15749.2
2023-09-23T10:30+02:00,16770.7
2023-09-23T10:45+02:00,17697.2
2023-09-23T11:00+02:00,18562.7
2023-09-23T11:15+02:00,19363.9
2023-09-23T11:30+02:00,20076.4
2023-09-23T11:45+02:00,20690.4
2023-09-23T12:00+02:00,21199.9
2023-09-23T12:15+02:00,21620.1
2023-09-23T12:30+02:00,21921.2
2023-09-23T12:45+02:00,22111.9
2023-09-23T13:00+02:00,22245.5
2023-09-23T13:15+02:00,22281
2023-09-23T13:30+02:00,22172.2
2023-09-23T13:45+02:00,21918.3
2023-09-23T14:00+02:00,21555.3
2023-09-23T14:15+02:00,21049.3
2023-09-23T14:30+02:00,20438.6
2023-09-23T14:45+02:00,19726.4
2023-09-23T15:00+02:00,18959.3
2023-09-23T15:15+02:00,18120.4
2023-09-23T15:30+02:00,17174.1
2023-09-23T15:45+02:00,16090.9
2023-09-23T16:00+02:00,14904.9
2023-09-23T16:15+02:00,13597.6
2023-09-23T16:30+02:00,12243.3
2023-09-23T16:45+02:00,10847.8
2023-09-23T17:00+02:00,9418.6
2023-09-23T17:15+02:00,7982.9
2023-09-23T17:30+02:00,6531.2
2023-09-23T17:45+02:00,5106.9
2023-09-23T18:00+02:00,3732.4
2023-09-23T18:15+02:00,2483.6
2023-09-23T18:30+02:00,1434.3
2023-09-23T18:45+02:00,680.6
2023-09-23T19:00+02:00,214.5
2023-09-23T19:15+02:00,42.1
2023-09-23T19:30+02:00,0
2023-09-23T19:45+02:00,0
2023-09-23T20:00+02:00,0
2023-09-23T20:15+02:00,0
2023-09-23T20:30+02:00,0
2023-09-23T20:45+02:00,0
2023-09-23T21:00+02:00,0
2023-09-23T21:15+02:00,0
2023-09-23T21:30+02:00,0
2023-09-23T21:45+02:00,0
2023-09-23T22:00+02:00,0
2023-09-23T22:15+02:00,0
2023-09-23T22:30+02:00,0
2023-09-23T22:45+02:00,0
2023-09-23T23:00+02:00,0
2023-09-23T23:15+02:00,0
2023-09-23T23:30+02:00,0
2023-09-23T23:45+02:00,0
2023-09-24T00:00+02:00,0
2023-09-24T00:15+02:00,0
2023-09-24T00:30+02:00,0
2023-09-24T00:45+02:00,0
2023-09-24T01:00+02:00,0
2023-09-24T01:15+02:00,0
2023-09-24T01:30+02:00,0
2023-09-24T01:45+02:00,0
2023-09-24T02:00+02:00,0
2023-09-24T02:15+02:00,0
2023-09-24T02:30+02:00,0
2023-09-24T02:45+02:00,0
2023-09-24T03:00+02:00,0
2023-09-24T03:15+02:00,0
2023-09-24T03:30+02:00,0
2023-09-24T03:45+02:00,0
2023-09-24T04:00+02:00,0
2023-09-24T04:15+02:00,0
2023-09-24T04:30+02:00,0
2023-09-24T04:45+02:00,0
2023-09-24T05:00+02:00,0
2023-09-24T05:15+02:00,0
2023-09-24T05:30+02:00,0
2023-09-24T05:45+02:00,0
2023-09-24T06:00+02:00,0
2023-09-24T06:15+02:00,0
2023-09-24T06:30+02:00,0
2023-09-24T06:45+02:00,8.5
2023-09-24T07:00+02:00,153.9
2023-09-24T07:15+02:00,569.1
2023-09-24T07:30+02:00,1366.4
2023-09-24T07:45+02:00,2587
2023-09-24T08:00+02:00,4146.1
2023-09-24T08:15+02:00,5976.3
2023-09-24T08:30+02:00,7946
2023-09-24T08:45+02:00,10027.8
2023-09-24T09:00+02:00,12232.3
2023-09-24T09:15+02:00,14543.7
2023-09-24T09:30+02:00,16887.9
2023-09-24T09:45+02:00,19130.2
2023-09-24T10:00+02:00,21183.3
2023-09-24T10:15+02:00,23071.2
2023-09-24T10:30+02:00,24784.1
2023-09-24T10:45+02:00,26284.1
2023-09-24T11:00+02:00,27579.3
2023-09-24T11:15+02:00,28672.2
2023-09-24T11:30+02:00,29566.8
2023-09-24T11:45+02:00,30286.3
2023-09-24T12:00+02:00,30650.8
2023-09-24T12:15+02:00,31025.6
2023-09-24T12:30+02:00,31270.3
2023-09-24T12:45+02:00,31300.2
2023-09-24T13:00+02:00,30979
2023-09-24T13:15+02:00,30711.8
2023-09-24T13:30+02:00,30450.5
2023-09-24T13:45+02:00,30098.1
2023-09-24T14:00+02:00,29602.5
2023-09-24T14:15+02:00,28954.1
2023-09-24T14:30+02:00,28207.1
2023-09-24T14:45+02:00,27430.2
2023-09-24T15:00+02:00,26727.9
2023-09-24T15:15+02:00,25593.1
2023-09-24T15:30+02:00,24293.4
2023-09-24T15:45+02:00,22840.1
2023-09-24T16:00+02:00,21293.2
2023-09-24T16:15+02:00,19411.9
2023-09-24T16:30+02:00,17412.8
2023-09-24T16:45+02:00,15347.7
2023-09-24T17:00+02:00,13283.9
2023-09-24T17:15+02:00,11096.5
2023-09-24T17:30+02:00,8879
2023-09-24T17:45+02:00,6808.7
2023-09-24T18:00+02:00,4888.3
2023-09-24T18:15+02:00,3145.7
2023-09-24T18:30+02:00,1759.6
2023-09-24T18:45+02:00,780.7
2023-09-24T19:00+02:00,207.9
2023-09-24T19:15+02:00,49
2023-09-24T19:30+02:00,0
2023-09-24T19:45+02:00,0
2023-09-24T20:00+02:00,0
2023-09-24T20:15+02:00,0
2023-09-24T20:30+02:00,0
2023-09-24T20:45+02:00,0
2023-09-24T21:00+02:00,0
2023-09-24T21:15+02:00,0
2023-09-24T21:30+02:00,0
2023-09-24T21:45+02:00,0
2023-09-24T22:00+02:00,0
2023-09-24T22:15+02:00,0
2023-09-24T22:30+02:00,0
2023-09-24T22:45+02:00,0
2023-09-24T23:00+02:00,0
2023-09-24T23:15+02:00,0
2023-09-24T23:30+02:00,0
2023-09-24T23:45+02:00,0
2023-09-25T00:00+02:00,0
2023-09-25T00:15+02:00,0
2023-09-25T00:30+02:00,0
2023-09-25T00:45+02:00,0
2023-09-25T01:00+02:00,0
2023-09-25T01:15+02:00,0
2023-09-25T01:30+02:00,0
2023-09-25T01:45+02:00,0
2023-09-25T02:00+02:00,0
2023-09-25T02:15+02:00,0
2023-09-25T02:30+02:00,0
2023-09-25T02:45+02:00,0
2023-09-25T03:00+02:00,0
2023-09-25T03:15+02:00,0
2023-09-25T03:30+02:00,0
2023-09-25T03:45+02:00,0
2023-09-25T04:00+02:00,0
2023-09-25T04:15+02:00,0
2023-09-25T04:30+02:00,0
2023-09-25T04:45+02:00,0
2023-09-25T05:00+02:00,0
2023-09-25T05:15+02:00,0
2023-09-25T05:30+02:00,0
2023-09-25T05:45+02:00,0
2023-09-25T06:00+02:00,0
2023-09-25T06:15+02:00,0
2023-09-25T06:30+02:00,0
2023-09-25T06:45+02:00,0
2023-09-25T07:00+02:00,178.5
2023-09-25T07:15+02:00,717
2023-09-25T07:30+02:00,1686.9
2023-09-25T07:45+02:00,3150.8
2023-09-25T08:00+02:00,5002.8
2023-09-25T08:15+02:00,7150.7
2023-09-25T08:30+02:00,9478.7
2023-09-25T08:45+02:00,11922.2
2023-09-25T09:00+02:00,14396.6
2023-09-25T09:15+02:00,16951.1
2023-09-25T09:30+02:00,19488
2023-09-25T09:45+02:00,21876.3
2023-09-25T10:00+02:00,24029.6
2023-09-25T10:15+02:00,25964.4
2023-09-25T10:30+02:00,27709.3
2023-09-25T10:45+02:00,29265.2
2023-09-25T11:00+02:00,30632.6
2023-09-25T11:15+02:00,31815.2
2023-09-25T11:30+02:00,32823.7
2023-09-25T11:45+02:00,33667
2023-09-25T12:00+02:00,34339.4
2023-09-25T12:15+02:00,34854.7
2023-09-25T12:30+02:00,35203
2023-09-25T12:45+02:00,35358.4
2023-09-25T13:00+02:00,35334.4
2023-09-25T13:15+02:00,35108.1
2023-09-25T13:30+02:00,34706.2
2023-09-25T13:45+02:00,34137.4
2023-09-25T14:00+02:00,33425.8
2023-09-25T14:15+02:00,32564.8
2023-09-25T14:30+02:00,31563.7
2023-09-25T14:45+02:00,30417.4
2023-09-25T15:00+02:00,29102.8
2023-09-25T15:15+02:00,27625
2023-09-25T15:30+02:00,25988.2
2023-09-25T15:45+02:00,24205.9
2023-09-25T16:00+02:00,22247.8
2023-09-25T16:15+02:00,20104.3
2023-09-25T16:30+02:00,17855.3
2023-09-25T16:45+02:00,15570
2023-09-25T17:00+02:00,13275.3
2023-09-25T17:15+02:00,10955.6
2023-09-25T17:30+02:00,8674.1
2023-09-25T17:45+02:00,6531
2023-09-25T18:00+02:00,4611.2
2023-09-25T18:15+02:00,2945.2
2023-09-25T18:30+02:00,1668.7
2023-09-25T18:45+02:00,759
2023-09-25T19:00+02:00,226.3
2023-09-25T19:15+02:00,55.2
2023-09-25T19:30+02:00,2.2
2023-09-25T19:45+02:00,2.7
2023-09-25T20:00+02:00,0
2023-09-25T20:15+02:00,0
2023-09-25T20:30+02:00,0
2023-09-25T20:45+02:00,0
2023-09-25T21:00+02:00,0
2023-09-25T21:15+02:00,0
2023-09-25T21:30+02:00,0
2023-09-25T21:45+02:00,0
2023-09-25T22:00+02:00,0
2023-09-25T22:15+02:00,0
2023-09-25T22:30+02:00,0
2023-09-25T22:45+02:00,0
2023-09-25T23:00+02:00,0
2023-09-25T23:15+02:00,0
2023-09-25T23:30+02:00,0
2023-09-25T23:45+02:00,0
2023-09-26T00:00+02:00,0
2023-09-26T00:15+02:00,0
2023-09-26T00:30+02:00,0
2023-09-26T00:45+02:00,0
2023-09-26T01:00+02:00,0
2023-09-26T01:15+02:00,0
2023-09-26T01:30+02:00,0
2023-09-26T01:45+02:00,0
2023-09-26T02:00+02:00,0
2023-09-26T02:15+02:00,0
2023-09-26T02:30+02:00,0
2023-09-26T02:45+02:00,0
2023-09-26T03:00+02:00,0
2023-09-26T03:15+02:00,0
2023-09-26T03:30+02:00,0
2023-09-26T03:45+02:00,0
2023-09-26T04:00+02:00,0
2023-09-26T04:15+02:00,0
2023-09-26T04:30+02:00,0
2023-09-26T04:45+02:00,0
2023-09-26T05:00+02:00,0
2023-09-26T05:15+02:00,0
2023-09-26T05:30+02:00,0
2023-09-26T05:45+02:00,0
2023-09-26T06:00+02:00,0
2023-09-26T06:15+02:00,0
2023-09-26T06:30+02:00,0
2023-09-26T06:45+02:00,0
2023-09-26T07:00+02:00,123
2023-09-26T07:15+02:00,492.8
2023-09-26T07:30+02:00,1150
2023-09-26T07:45+02:00,2202.5
2023-09-26T08:00+02:00,3660.9
2023-09-26T08:15+02:00,5420.3
2023-09-26T08:30+02:00,7330.7
2023-09-26T08:45+02:00,9412.9
2023-09-26T09:00+02:00,11639.6
2023-09-26T09:15+02:00,14003.5
2023-09-26T09:30+02:00,16385
2023-09-26T09:45+02:00,18723.8
2023-09-26T10:00+02:00,20888.2
2023-09-26T10:15+02:00,22915.3
2023-09-26T10:30+02:00,24809.5
2023-09-26T10:45+02:00,26546.1
2023-09-26T11:00+02:00,28106
2023-09-26T11:15+02:00,29499.5
2023-09-26T11:30+02:00,30726
2023-09-26T11:45+02:00,31758.9
2023-09-26T12:00+02:00,32594
2023-09-26T12:15+02:00,33241.8
2023-09-26T12:30+02:00,33695.4
2023-09-26T12:45+02:00,33960.5
2023-09-26T13:00+02:00,34031.8
2023-09-26T13:15+02:00,33923.9
2023-09-26T13:30+02:00,33649.9
2023-09-26T13:45+02:00,33202.1
2023-09-26T14:00+02:00,32586.7
2023-09-26T14:15+02:00,31791.2
2023-09-26T14:30+02:00,30826.6
2023-09-26T14:45+02:00,29701.6
2023-09-26T15:00+02:00,28427.6
2023-09-26T15:15+02:00,27000.1
2023-09-26T15:30+02:00,25434.2
2023-09-26T15:45+02:00,23702.7
2023-09-26T16:00+02:00,21773.2
2023-09-26T16:15+02:00,19628.5
2023-09-26T16:30+02:00,17366
2023-09-26T16:45+02:00,15076
2023-09-26T17:00+02:00,12773.6
2023-09-26T17:15+02:00,10465.5
2023-09-26T17:30+02:00,8233.3
2023-09-26T17:45+02:00,6144.9
2023-09-26T18:00+02:00,4276
2023-09-26T18:15+02:00,2656.2
2023-09-26T18:30+02:00,1418.5
2023-09-26T18:45+02:00,563.6
2023-09-26T19:00+02:00,125.6
2023-09-26T19:15+02:00,30.9
2023-09-26T19:30+02:00,0
2023-09-26T19:45+02:00,0
2023-09-26T20:00+02:00,0
2023-09-26T20:15+02:00,0
2023-09-26T20:30+02:00,0
2023-09-26T20:45+02:00,0
2023-09-26T21:00+02:00,0
2023-09-26T21:15+02:00,0
2023-09-26T21:30+02:00,0
2023-09-26T21:45+02:00,0
2023-09-26T22:00+02:00,0
2023-09-26T22:15+02:00,0
2023-09-26T22:30+02:00,0
2023-09-26T22:45+02:00,0
2023-09-26T23:00+02:00,0
2023-09-26T23:15+02:00,0
2023-09-26T23:30+02:00,0
2023-09-26T23:45+02:00,0
2023-09-27T00:00+02:00,0
2023-09-27T00:15+02:00,0
2023-09-27T00:30+02:00,0
2023-09-27T00:45+02:00,0
2023-09-27T01:00+02:00,0
2023-09-27T01:15+02:00,0
2023-09-27T01:30+02:00,0
2023-09-27T01:45+02:00,0
2023-09-27T02:00+02:00,0
2023-09-27T02:15+02:00,0
2023-09-27T02:30+02:00,0
2023-09-27T02:45+02:00,0
2023-09-27T03:00+02:00,0
2023-09-27T03:15+02:00,0
2023-09-27T03:30+02:00,0
2023-09-27T03:45+02:00,0
2023-09-27T04:00+02:00,0
2023-09-27T04:15+02:00,0
2023-09-27T04:30+02:00,0
2023-09-27T04:45+02:00,0
2023-09-27T05:00+02:00,0
2023-09-27T05:15+02:00,0
2023-09-27T05:30+02:00,0
2023-09-27T05:45+02:00,0
2023-09-27T06:00+02:00,0
2023-09-27T06:15+02:00,0
2023-09-27T06:30+02:00,0
2023-09-27T06:45+02:00,0
2023-09-27T07:00+02:00,129.2
2023-09-27T07:15+02:00,441.7
2023-09-27T07:30+02:00,1032.4
2023-09-27T07:45+02:00,2020.8
2023-09-27T08:00+02:00,3339.7
2023-09-27T08:15+02:00,4965.5
2023-09-27T08:30+02:00,6817.1
2023-09-27T08:45+02:00,8764.3
2023-09-27T09:00+02:00,10841.1
2023-09-27T09:15+02:00,13053.7
2023-09-27T09:30+02:00,15351.2
2023-09-27T09:45+02:00,17575.6
2023-09-27T10:00+02:00,19648.9
2023-09-27T10:15+02:00,21591.3
2023-09-27T10:30+02:00,23395.6
2023-09-27T10:45+02:00,25065.6
2023-09-27T11:00+02:00,26573.8
2023-09-27T11:15+02:00,28010
2023-09-27T11:30+02:00,29294.2
2023-09-27T11:45+02:00,30366.9
2023-09-27T12:00+02:00,31233
2023-09-27T12:15+02:00,31921.2
2023-09-27T12:30+02:00,32405.9
2023-09-27T12:45+02:00,32694.7
2023-09-27T13:00+02:00,32774.6
2023-09-27T13:15+02:00,32689.7
2023-09-27T13:30+02:00,32434.1
2023-09-27T13:45+02:00,31991.7
2023-09-27T14:00+02:00,31364.3
2023-09-27T14:15+02:00,30548.8
2023-09-27T14:30+02:00,29567.4
2023-09-27T14:45+02:00,28450.3
2023-09-27T15:00+02:00,27206.3
2023-09-27T15:15+02:00,25833
2023-09-27T15:30+02:00,24337.8
2023-09-27T15:45+02:00,22718
2023-09-27T16:00+02:00,20866.2
2023-09-27T16:15+02:00,18790
2023-09-27T16:30+02:00,16584.8
2023-09-27T16:45+02:00,14359.7
2023-09-27T17:00+02:00,12104.3
2023-09-27T17:15+02:00,9894.8
2023-09-27T17:30+02:00,7765.7
2023-09-27T17:45+02:00,5790.7
2023-09-27T18:00+02:00,4006.3
2023-09-27T18:15+02:00,2471.4
2023-09-27T18:30+02:00,1296.6
2023-09-27T18:45+02:00,494.7
2023-09-27T19:00+02:00,95.5
2023-09-27T19:15+02:00,22
2023-09-27T19:30+02:00,0
2023-09-27T19:45+02:00,0
2023-09-27T20:00+02:00,0
2023-09-27T20:15+02:00,0
2023-09-27T20:30+02:00,0
2023-09-27T20:45+02:00,0
2023-09-27T21:00+02:00,0
2023-09-27T21:15+02:00,0
2023-09-27T21:30+02:00,0
2023-09-27T21:45+02:00,0
2023-09-27T22:00+02:00,0
2023-09-27T22:15+02:00,0
2023-09-27T22:30+02:00,0
2023-09-27T22:45+02:00,0
2023-09-27T23:00+02:00,0
2023-09-27T23:15+02:00,0
2023-09-27T23:30+02:00,0
2023-09-27T23:45+02:00,0
2023-09-28T00:00+02:00,0
2023-09-28T00:15+02:00,0
2023-09-28T00:30+02:00,0
2023-09-28T00:45+02:00,0
2023-09-28T01:00+02:00,0
2023-09-28T01:15+02:00,0
2023-09-28T01:30+02:00,0
2023-09-28T01:45+02:00,0
2023-09-28T02:00+02:00,0
2023-09-28T02:15+02:00,0
2023-09-28T02:30+02:00,0
2023-09-28T02:45+02:00,0
2023-09-28T03:00+02:00,0
2023-09-28T03:15+02:00,0
2023-09-28T03:30+02:00,0
2023-09-28T03:45+02:00,0
2023-09-28T04:00+02:00,0
2023-09-28T04:15+02:00,0
2023-09-28T04:30+02:00,0
2023-09-28T04:45+02:00,0
2023-09-28T05:00+02:00,0
2023-09-28T05:15+02:00,0
2023-09-28T05:30+02:00,0
2023-09-28T05:45+02:00,0
2023-09-28T06:00+02:00,0
2023-09-28T06:15+02:00,0
2023-09-28T06:30+02:00,0
2023-09-28T06:45+02:00,0
2023-09-28T07:00+02:00,94.8
2023-09-28T07:15+02:00,341.1
2023-09-28T07:30+02:00,837.2
2023-09-28T07:45+02:00,1655.3
2023-09-28T08:00+02:00,2821.8
2023-09-28T08:15+02:00,4280.9
2023-09-28T08:30+02:00,5924.2
2023-09-28T08:45+02:00,7672.9
2023-09-28T09:00+02:00,9507.8
2023-09-28T09:15+02:00,11514.4
2023-09-28T09:30+02:00,13546.8
2023-09-28T09:45+02:00,15558.2
2023-09-28T10:00+02:00,17466
2023-09-28T10:15+02:00,19287.2
2023-09-28T10:30+02:00,20996.8
2023-09-28T10:45+02:00,22570.2
2023-09-28T11:00+02:00,24021.7
2023-09-28T11:15+02:00,25364.3
2023-09-28T11:30+02:00,26553.5
2023-09-28T11:45+02:00,27555.2
2023-09-28T12:00+02:00,28390.6
2023-09-28T12:15+02:00,29077.6
2023-09-28T12:30+02:00,29597.3
2023-09-28T12:45+02:00,29944.1
2023-09-28T13:00+02:00,30108.4
2023-09-28T13:15+02:00,30124.1
2023-09-28T13:30+02:00,30026.5
2023-09-28T13:45+02:00,29797.9
2023-09-28T14:00+02:00,29318.7
2023-09-28T14:15+02:00,28619.3
2023-09-28T14:30+02:00,27753
2023-09-28T14:45+02:00,26723.8
2023-09-28T15:00+02:00,25565.8
2023-09-28T15:15+02:00,24290
2023-09-28T15:30+02:00,22878.7
2023-09-28T15:45+02:00,21298
2023-09-28T16:00+02:00,19518.1
2023-09-28T16:15+02:00,17507.1
2023-09-28T16:30+02:00,15366.9
2023-09-28T16:45+02:00,13213.2
2023-09-28T17:00+02:00,11048.5
2023-09-28T17:15+02:00,8955.3
2023-09-28T17:30+02:00,6927.3
2023-09-28T17:45+02:00,5069.7
2023-09-28T18:00+02:00,3459.3
2023-09-28T18:15+02:00,2142.2
2023-09-28T18:30+02:00,1123
2023-09-28T18:45+02:00,424.7
2023-09-28T19:00+02:00,69.3
2023-09-28T19:15+02:00,17.9
2023-09-28T19:30+02:00,0
2023-09-28T19:45+02:00,0
2023-09-28T20:00+02:00,0
2023-09-28T20:15+02:00,0
2023-09-28T20:30+02:00,0
2023-09-28T20:45+02:00,0
2023-09-28T21:00+02:00,0
2023-09-28T21:15+02:00,0
2023-09-28T21:30+02:00,0
2023-09-28T21:45+02:00,0
2023-09-28T22:00+02:00,0
2023-09-28T22:15+02:00,0
2023-09-28T22:30+02:00,0
2023-09-28T22:45+02:00,0
2023-09-28T23:00+02:00,0
2023-09-28T23:15+02:00,0
2023-09-28T23:30+02:00,0
2023-09-28T23:45+02:00,0
2023-09-29T00:00+02:00,0
2023-09-29T00:15+02:00,0
2023-09-29T00:30+02:00,0
2023-09-29T00:45+02:00,0
2023-09-29T01:00+02:00,0
2023-09-29T01:15+02:00,0
2023-09-29T01:30+02:00,0
2023-09-29T01:45+02:00,0
2023-09-29T02:00+02:00,0
2023-09-29T02:15+02:00,0
2023-09-29T02:30+02:00,0
2023-09-29T02:45+02:00,0
2023-09-29T03:00+02:00,0
2023-09-29T03:15+02:00,0
2023-09-29T03:30+02:00,0
2023-09-29T03:45+02:00,0
2023-09-29T04:00+02:00,0
2023-09-29T04:15+02:00,0
2023-09-29T04:30+02:00,0
2023-09-29T04:45+02:00,0
2023-09-29T05:00+02:00,0
2023-09-29T05:15+02:00,0
2023-09-29T05:30+02:00,0
2023-09-29T05:45+02:00,0
2023-09-29T06:00+02:00,0
2023-09-29T06:15+02:00,0
2023-09-29T06:30+02:00,0
2023-09-29T06:45+02:00,0
2023-09-29T07:00+02:00,71.6
2023-09-29T07:15+02:00,307.9
2023-09-29T07:30+02:00,757.7
2023-09-29T07:45+02:00,1480.4
2023-09-29T08:00+02:00,2439.9
2023-09-29T08:15+02:00,3604.8
2023-09-29T08:30+02:00,4909.7
2023-09-29T08:45+02:00,6307.1
2023-09-29T09:00+02:00,7792.3
2023-09-29T09:15+02:00,9357
2023-09-29T09:30+02:00,10922
2023-09-29T09:45+02:00,12407.8
2023-09-29T10:00+02:00,13832
2023-09-29T10:15+02:00,15128.5
2023-09-29T10:30+02:00,16289.2
2023-09-29T10:45+02:00,17335.9
2023-09-29T11:00+02:00,18286.3
2023-09-29T11:15+02:00,19229.4
2023-09-29T11:30+02:00,20015.6
2023-09-29T11:45+02:00,20606.8
2023-09-29T12:00+02:00,21120.3
2023-09-29T12:15+02:00,21516.7
2023-09-29T12:30+02:00,21797.4
2023-09-29T12:45+02:00,21967.3
2023-09-29T13:00+02:00,22062.2
2023-09-29T13:15+02:00,22035.1
2023-09-29T13:30+02:00,21849.6
2023-09-29T13:45+02:00,21525.1
2023-09-29T14:00+02:00,21103
2023-09-29T14:15+02:00,20565.6
2023-09-29T14:30+02:00,19873.7
2023-09-29T14:45+02:00,19041.5
2023-09-29T15:00+02:00,18141.6
2023-09-29T15:15+02:00,17142.2
2023-09-29T15:30+02:00,15974.4
2023-09-29T15:45+02:00,14676.8
2023-09-29T16:00+02:00,13312.9
2023-09-29T16:15+02:00,11817.5
2023-09-29T16:30+02:00,10284.4
2023-09-29T16:45+02:00,8751.4
2023-09-29T17:00+02:00,7287
2023-09-29T17:15+02:00,5918.1
2023-09-29T17:30+02:00,4603.9
2023-09-29T17:45+02:00,3378.7
2023-09-29T18:00+02:00,2292.7
2023-09-29T18:15+02:00,1414.4
2023-09-29T18:30+02:00,750.1
2023-09-29T18:45+02:00,299.6
2023-09-29T19:00+02:00,63.7
2023-09-29T19:15+02:00,21.5
2023-09-29T19:30+02:00,0
2023-09-29T19:45+02:00,0
2023-09-29T20:00+02:00,0
2023-09-29T20:15+02:00,0
2023-09-29T20:30+02:00,0
2023-09-29T20:45+02:00,0
2023-09-29T21:00+02:00,0
2023-09-29T21:15+02:00,0
2023-09-29T21:30+02:00,0
2023-09-29T21:45+02:00,0
2023-09-29T22:00+02:00,0
2023-09-29T22:15+02:00,0
2023-09-29T22:30+02:00,0
2023-09-29T22:45+02:00,0
2023-09-29T23:00+02:00,0
2023-09-29T23:15+02:00,0
2023-09-29T23:30+02:00,0
2023-09-29T23:45+02:00,0
2023-09-30T00:00+02:00,0
2023-09-30T00:15+02:00,0
2023-09-30T00:30+02:00,0
2023-09-30T00:45+02:00,0
2023-09-30T01:00+02:00,0
2023-09-30T01:15+02:00,0
2023-09-30T01:30+02:00,0
2023-09-30T01:45+02:00,0
2023-09-30T02:00+02:00,0
2023-09-30T02:15+02:00,0
2023-09-30T02:30+02:00,0
2023-09-30T02:45+02:00,0
2023-09-30T03:00+02:00,0
2023-09-30T03:15+02:00,0
2023-09-30T03:30+02:00,0
2023-09-30T03:45+02:00,0
2023-09-30T04:00+02:00,0
2023-09-30T04:15+02:00,0
2023-09-30T04:30+02:00,0
2023-09-30T04:45+02:00,0
2023-09-30T05:00+02:00,0
2023-09-30T05:15+02:00,0
2023-09-30T05:30+02:00,0
2023-09-30T05:45+02:00,0
2023-09-30T06:00+02:00,0
2023-09-30T06:15+02:00,0
2023-09-30T06:30+02:00,0
2023-09-30T06:45+02:00,0
2023-09-30T07:00+02:00,71.1
2023-09-30T07:15+02:00,291
2023-09-30T07:30+02:00,692.7
2023-09-30T07:45+02:00,1413.9
2023-09-30T08:00+02:00,2428
2023-09-30T08:15+02:00,3765.8
2023-09-30T08:30+02:00,5297.9
2023-09-30T08:45+02:00,6910.1
2023-09-30T09:00+02:00,8663.5
2023-09-30T09:15+02:00,10503.4
2023-09-30T09:30+02:00,12392.2
2023-09-30T09:45+02:00,14250.5
2023-09-30T10:00+02:00,16029.9
2023-09-30T10:15+02:00,17737.5
2023-09-30T10:30+02:00,19342.1
2023-09-30T10:45+02:00,20780.4
2023-09-30T11:00+02:00,22141.3
2023-09-30T11:15+02:00,23363.2
2023-09-30T11:30+02:00,24458.9
2023-09-30T11:45+02:00,25375.4
2023-09-30T12:00+02:00,26120.8
2023-09-30T12:15+02:00,26730.7
2023-09-30T12:30+02:00,27185.9
2023-09-30T12:45+02:00,27469.6
2023-09-30T13:00+02:00,27585.8
2023-09-30T13:15+02:00,27539.6
2023-09-30T13:30+02:00,27359.3
2023-09-30T13:45+02:00,27044.2
2023-09-30T14:00+02:00,26578.4
2023-09-30T14:15+02:00,25967.4
2023-09-30T14:30+02:00,25242.2
2023-09-30T14:45+02:00,24398.6
2023-09-30T15:00+02:00,23404.9
2023-09-30T15:15+02:00,22245.2
2023-09-30T15:30+02:00,20891.5
2023-09-30T15:45+02:00,19363.6
2023-09-30T16:00+02:00,17682.9
2023-09-30T16:15+02:00,15801.9
2023-09-30T16:30+02:00,13855.9
2023-09-30T16:45+02:00,11904.5
2023-09-30T17:00+02:00,9977.9
2023-09-30T17:15+02:00,8106.2
2023-09-30T17:30+02:00,6274.5
2023-09-30T17:45+02:00,4580
2023-09-30T18:00+02:00,3067.7
2023-09-30T18:15+02:00,1845.3
2023-09-30T18:30+02:00,941.7
2023-09-30T18:45+02:00,355.3
2023-09-30T19:00+02:00,73
2023-09-30T19:15+02:00,0
2023-09-30T19:30+02:00,0
2023-09-30T19:45+02:00,0
2023-09-30T20:00+02:00,0
2023-09-30T20:15+02:00,0
2023-09-30T20:30+02:00,0
2023-09-30T20:45+02:00,0
2023-09-30T21:00+02:00,0
2023-09-30T21:15+02:00,0
2023-09-30T21:30+02:00,0
2023-09-30T21:45+02:00,0
2023-09-30T22:00+02:00,0
2023-09-30T22:15+02:00,0
2023-09-30T22:30+02:00,0
2023-09-30T22:45+02:00,0
2023-09-30T23:00+02:00,0
2023-09-30T23:15+02:00,0
2023-09-30T23:30+02:00,0
2023-09-30T23:45+02:00,0
2023-10-01T00:00+02:00,0
2023-10-01T00:15+02:00,0
2023-10-01T00:30+02:00,0
2023-10-01T00:45+02:00,0
2023-10-01T01:00+02:00,0
2023-10-01T01:15+02:00,0
2023-10-01T01:30+02:00,0
2023-10-01T01:45+02:00,0
2023-10-01T02:00+02:00,0
2023-10-01T02:15+02:00,0
2023-10-01T02:30+02:00,0
2023-10-01T02:45+02:00,0
2023-10-01T03:00+02:00,0
2023-10-01T03:15+02:00,0
2023-10-01T03:30+02:00,0
2023-10-01T03:45+02:00,0
2023-10-01T04:00+02:00,0
2023-10-01T04:15+02:00,0
2023-10-01T04:30+02:00,0
2023-10-01T04:45+02:00,0
2023-10-01T05:00+02:00,0
2023-10-01T05:15+02:00,0
2023-10-01T05:30+02:00,0
2023-10-01T05:45+02:00,0
2023-10-01T06:00+02:00,0
2023-10-01T06:15+02:00,0
2023-10-01T06:30+02:00,0
2023-10-01T06:45+02:00,0
2023-10-01T07:00+02:00,59.7
2023-10-01T07:15+02:00,238.5
2023-10-01T07:30+02:00,624.6
2023-10-01T07:45+02:00,1347.2
2023-10-01T08:00+02:00,2426.8
2023-10-01T08:15+02:00,3825.6
2023-10-01T08:30+02:00,5441.2
2023-10-01T08:45+02:00,7169.6
2023-10-01T09:00+02:00,9018.2
2023-10-01T09:15+02:00,11003.3
2023-10-01T09:30+02:00,13009.3
2023-10-01T09:45+02:00,14970
2023-10-01T10:00+02:00,16800.3
2023-10-01T10:15+02:00,18483.3
2023-10-01T10:30+02:00,20024.2
2023-10-01T10:45+02:00,21424.6
2023-10-01T11:00+02:00,22667.2
2023-10-01T11:15+02:00,23814.8
2023-10-01T11:30+02:00,24812.5
2023-10-01T11:45+02:00,25649.3
2023-10-01T12:00+02:00,26302.8
2023-10-01T12:15+02:00,26871.9
2023-10-01T12:30+02:00,27297.4
2023-10-01T12:45+02:00,27568.2
2023-10-01T13:00+02:00,27637
2023-10-01T13:15+02:00,27587.5
2023-10-01T13:30+02:00,27391.2
2023-10-01T13:45+02:00,27055.3
2023-10-01T14:00+02:00,26513
2023-10-01T14:15+02:00,25823.6
2023-10-01T14:30+02:00,24982.3
2023-10-01T14:45+02:00,24004.1
2023-10-01T15:00+02:00,22933.5
2023-10-01T15:15+02:00,21748.5
2023-10-01T15:30+02:00,20445.3
2023-10-01T15:45+02:00,18977.2
2023-10-01T16:00+02:00,17336.5
2023-10-01T16:15+02:00,15467.8
2023-10-01T16:30+02:00,13510.5
2023-10-01T16:45+02:00,11522.4
2023-10-01T17:00+02:00,9586.8
2023-10-01T17:15+02:00,7683
2023-10-01T17:30+02:00,5873.9
2023-10-01T17:45+02:00,4229
2023-10-01T18:00+02:00,2785.9
2023-10-01T18:15+02:00,1653.5
2023-10-01T18:30+02:00,819.8
2023-10-01T18:45+02:00,276.1
2023-10-01T19:00+02:00,43.1
2023-10-01T19:15+02:00,0
2023-10-01T19:30+02:00,0
2023-10-01T19:45+02:00,0
2023-10-01T20:00+02:00,0
2023-10-01T20:15+02:00,0
2023-10-01T20:30+02:00,0
2023-10-01T20:45+02:00,0
2023-10-01T21:00+02:00,0
2023-10-01T21:15+02:00,0
2023-10-01T21:30+02:00,0
2023-10-01T21:45+02:00,0
2023-10-01T22:00+02:00,0
2023-10-01T22:15+02:00,0
2023-10-01T22:30+02:00,0
2023-10-01T22:45+02:00,0
2023-10-01T23:00+02:00,0
2023-10-01T23:15+02:00,0
2023-10-01T23:30+02:00,0
2023-10-01T23:45+02:00,0
2023-10-02T00:00+02:00,0
2023-10-02T00:15+02:00,0
2023-10-02T00:30+02:00,0
2023-10-02T00:45+02:00,0
2023-10-02T01:00+02:00,0
2023-10-02T01:15+02:00,0
2023-10-02T01:30+02:00,0
2023-10-02T01:45+02:00,0
2023-10-02T02:00+02:00,0
2023-10-02T02:15+02:00,0
2023-10-02T02:30+02:00,0
2023-10-02T02:45+02:00,0
2023-10-02T03:00+02:00,0
2023-10-02T03:15+02:00,0
2023-10-02T03:30+02:00,0
2023-10-02T03:45+02:00,0
2023-10-02T04:00+02:00,0
2023-10-02T04:15+02:00,0
2023-10-02T04:30+02:00,0
2023-10-02T04:45+02:00,0
2023-10-02T05:00+02:00,0
2023-10-02T05:15+02:00,0
2023-10-02T05:30+02:00,0
2023-10-02T05:45+02:00,0
2023-10-02T06:00+02:00,0
2023-10-02T06:15+02:00,0
2023-10-02T06:30+02:00,0
2023-10-02T06:45+02:00,0
2023-10-02T07:00+02:00,67.8
2023-10-02T07:15+02:00,289.4
2023-10-02T07:30+02:00,763.9
2023-10-02T07:45+02:00,1611
2023-10-02T08:00+02:00,2810.3
2023-10-02T08:15+02:00,4347.5
2023-10-02T08:30+02:00,6178.1
2023-10-02T08:45+02:00,8159.2
2023-10-02T09:00+02:00,10268.3
2023-10-02T09:15+02:00,12492.7
2023-10-02T09:30+02:00,14730.4
2023-10-02T09:45+02:00,16884.4
2023-10-02T10:00+02:00,18830.1
2023-10-02T10:15+02:00,20668.8
2023-10-02T10:30+02:00,22413.3
2023-10-02T10:45+02:00,23892.4
2023-10-02T11:00+02:00,25202.2
2023-10-02T11:15+02:00,26386.6
2023-10-02T11:30+02:00,27428.9
2023-10-02T11:45+02:00,28273.6
2023-10-02T12:00+02:00,28948.2
2023-10-02T12:15+02:00,29495.1
2023-10-02T12:30+02:00,29877.3
2023-10-02T12:45+02:00,30087
2023-10-02T13:00+02:00,30125.9
2023-10-02T13:15+02:00,29981.4
2023-10-02T13:30+02:00,29663.7
2023-10-02T13:45+02:00,29176
2023-10-02T14:00+02:00,28534.3
2023-10-02T14:15+02:00,27745.9
2023-10-02T14:30+02:00,26805.2
2023-10-02T14:45+02:00,25765.4
2023-10-02T15:00+02:00,24624.8
2023-10-02T15:15+02:00,23388
2023-10-02T15:30+02:00,21950
2023-10-02T15:45+02:00,20365.6
2023-10-02T16:00+02:00,18574.9
2023-10-02T16:15+02:00,16565.3
2023-10-02T16:30+02:00,14429.2
2023-10-02T16:45+02:00,12289.2
2023-10-02T17:00+02:00,10163.7
2023-10-02T17:15+02:00,8093.5
2023-10-02T17:30+02:00,6135
2023-10-02T17:45+02:00,4359.7
2023-10-02T18:00+02:00,2783.7
2023-10-02T18:15+02:00,1569.8
2023-10-02T18:30+02:00,727.9
2023-10-02T18:45+02:00,215.7
2023-10-02T19:00+02:00,31.5
2023-10-02T19:15+02:00,0
2023-10-02T19:30+02:00,0
2023-10-02T19:45+02:00,0
2023-10-02T20:00+02:00,0
2023-10-02T20:15+02:00,0
2023-10-02T20:30+02:00,0
2023-10-02T20:45+02:00,0
2023-10-02T21:00+02:00,0
2023-10-02T21:15+02:00,0
2023-10-02T21:30+02:00,0
2023-10-02T21:45+02:00,0
2023-10-02T22:00+02:00,0
2023-10-02T22:15+02:00,0
2023-10-02T22:30+02:00,0
2023-10-02T22:45+02:00,0
2023-10-02T23:00+02:00,0
2023-10-02T23:15+02:00,0
2023-10-02T23:30+02:00,0
2023-10-02T23:45+02:00,0
2023-10-03T00:00+02:00,0
2023-10-03T00:15+02:00,0
2023-10-03T00:30+02:00,0
2023-10-03T00:45+02:00,0
2023-10-03T01:00+02:00,0
2023-10-03T01:15+02:00,0
2023-10-03T01:30+02:00,0
2023-10-03T01:45+02:00,0
2023-10-03T02:00+02:00,0
2023-10-03T02:15+02:00,0
2023-10-03T02:30+02:00,0
2023-10-03T02:45+02:00,0
2023-10-03T03:00+02:00,0
2023-10-03T03:15+02:00,0
2023-10-03T03:30+02:00,0
2023-10-03T03:45+02:00,0
2023-10-03T04:00+02:00,0
2023-10-03T04:15+02:00,0
2023-10-03T04:30+02:00,0
2023-10-03T04:45+02:00,0
2023-10-03T05:00+02:00,0
2023-10-03T05:15+02:00,0
2023-10-03T05:30+02:00,0
2023-10-03T05:45+02:00,0
2023-10-03T06:00+02:00,0
2023-10-03T06:15+02:00,0
2023-10-03T06:30+02:00,0
2023-10-03T06:45+02:00,0
2023-10-03T07:00+02:00,63.4
2023-10-03T07:15+02:00,242
2023-10-03T07:30+02:00,599.2
2023-10-03T07:45+02:00,1262.3
2023-10-03T08:00+02:00,2259.4
2023-10-03T08:15+02:00,3542.7
2023-10-03T08:30+02:00,5000.1
2023-10-03T08:45+02:00,6563.1
2023-10-03T09:00+02:00,8214.9
2023-10-03T09:15+02:00,9955
2023-10-03T09:30+02:00,11678
2023-10-03T09:45+02:00,13289.2
2023-10-03T10:00+02:00,14744.6
2023-10-03T10:15+02:00,16092.4
2023-10-03T10:30+02:00,17325
2023-10-03T10:45+02:00,18436.5
2023-10-03T11:00+02:00,19393.7
2023-10-03T11:15+02:00,20277.4
2023-10-03T11:30+02:00,20999.6
2023-10-03T11:45+02:00,21530.6
2023-10-03T12:00+02:00,21878.4
2023-10-03T12:15+02:00,22103.1
2023-10-03T12:30+02:00,22137.3
2023-10-03T12:45+02:00,22012.9
2023-10-03T13:00+02:00,21786.5
2023-10-03T13:15+02:00,21370.8
2023-10-03T13:30+02:00,20792.4
2023-10-03T13:45+02:00,20104.6
2023-10-03T14:00+02:00,19367.9
2023-10-03T14:15+02:00,18580.3
2023-10-03T14:30+02:00,17647.4
2023-10-03T14:45+02:00,16591
2023-10-03T15:00+02:00,15477.8
2023-10-03T15:15+02:00,14315.9
2023-10-03T15:30+02:00,13088.9
2023-10-03T15:45+02:00,11805.3
2023-10-03T16:00+02:00,10495
2023-10-03T16:15+02:00,9129.3
2023-10-03T16:30+02:00,7722.6
2023-10-03T16:45+02:00,6392.1
2023-10-03T17:00+02:00,5181.6
2023-10-03T17:15+02:00,4052.5
2023-10-03T17:30+02:00,2997.9
2023-10-03T17:45+02:00,2083.9
2023-10-03T18:00+02:00,1327.6
2023-10-03T18:15+02:00,749.8
2023-10-03T18:30+02:00,351.2
2023-10-03T18:45+02:00,108.1
2023-10-03T19:00+02:00,9.1
2023-10-03T19:15+02:00,0
2023-10-03T19:30+02:00,0
2023-10-03T19:45+02:00,0
2023-10-03T20:00+02:00,0
2023-10-03T20:15+02:00,0
2023-10-03T20:30+02:00,0
2023-10-03T20:45+02:00,0
2023-10-03T21:00+02:00,0
2023-10-03T21:15+02:00,0
2023-10-03T21:30+02:00,0
2023-10-03T21:45+02:00,0
2023-10-03T22:00+02:00,0
2023-10-03T22:15+02:00,0
2023-10-03T22:30+02:00,0
2023-10-03T22:45+02:00,0
2023-10-03T23:00+02:00,0
2023-10-03T23:15+02:00,0
2023-10-03T23:30+02:00,0
2023-10-03T23:45+02:00,0
2023-10-04T00:00+02:00,0
2023-10-04T00:15+02:00,0
2023-10-04T00:30+02:00,0
2023-10-04T00:45+02:00,0
2023-10-04T01:00+02:00,0
2023-10-04T01:15+02:00,0
2023-10-04T01:30+02:00,0
2023-10-04T01:45+02:00,0
2023-10-04T02:00+02:00,0
2023-10-04T02:15+02:00,0
2023-10-04T02:30+02:00,0
2023-10-04T02:45+02:00,0
2023-10-04T03:00+02:00,0
2023-10-04T03:15+02:00,0
2023-10-04T03:30+02:00,0
2023-10-04T03:45+02:00,0
2023-10-04T04:00+02:00,0
2023-10-04T04:15+02:00,0
2023-10-04T04:30+02:00,0
2023-10-04T04:45+02:00,0
2023-10-04T05:00+02:00,0
2023-10-04T05:15+02:00,0
2023-10-04T05:30+02:00,0
2023-10-04T05:45+02:00,0
2023-10-04T06:00+02:00,0
2023-10-04T06:15+02:00,0
2023-10-04T06:30+02:00,0
2023-10-04T06:45+02:00,0
2023-10-04T07:00+02:00,65
2023-10-04T07:15+02:00,233.9
2023-10-04T07:30+02:00,570
2023-10-04T07:45+02:00,1257.7
2023-10-04T08:00+02:00,2313.8
2023-10-04T08:15+02:00,3736
2023-10-04T08:30+02:00,5388.2
2023-10-04T08:45+02:00,7135.5
2023-10-04T09:00+02:00,8906.3
2023-10-04T09:15+02:00,10731.1
2023-10-04T09:30+02:00,12593.5
2023-10-04T09:45+02:00,14382.6
2023-10-04T10:00+02:00,16069.9
2023-10-04T10:15+02:00,17669.8
2023-10-04T10:30+02:00,19163.5
2023-10-04T10:45+02:00,20498.3
2023-10-04T11:00+02:00,21688.2
2023-10-04T11:15+02:00,22795.3
2023-10-04T11:30+02:00,23786.5
2023-10-04T11:45+02:00,24598
2023-10-04T12:00+02:00,25204.8
2023-10-04T12:15+02:00,25636.4
2023-10-04T12:30+02:00,25892.9
2023-10-04T12:45+02:00,25983.5
2023-10-04T13:00+02:00,25948.2
2023-10-04T13:15+02:00,25779.2
2023-10-04T13:30+02:00,25438.6
2023-10-04T13:45+02:00,24897.8
2023-10-04T14:00+02:00,24212.7
2023-10-04T14:15+02:00,23371.5
2023-10-04T14:30+02:00,22380.3
2023-10-04T14:45+02:00,21258
2023-10-04T15:00+02:00,20059.8
2023-10-04T15:15+02:00,18786.7
2023-10-04T15:30+02:00,17400.2
2023-10-04T15:45+02:00,15893.7
2023-10-04T16:00+02:00,14257.2
2023-10-04T16:15+02:00,12425.1
2023-10-04T16:30+02:00,10538.4
2023-10-04T16:45+02:00,8679
2023-10-04T17:00+02:00,7001.3
2023-10-04T17:15+02:00,5444.8
2023-10-04T17:30+02:00,4002.1
2023-10-04T17:45+02:00,2752.2
2023-10-04T18:00+02:00,1715.4
2023-10-04T18:15+02:00,963.6
2023-10-04T18:30+02:00,454.3
2023-10-04T18:45+02:00,127.5
2023-10-04T19:00+02:00,17.2
2023-10-04T19:15+02:00,0
2023-10-04T19:30+02:00,0
2023-10-04T19:45+02:00,0
2023-10-04T20:00+02:00,0
2023-10-04T20:15+02:00,0
2023-10-04T20:30+02:00,0
2023-10-04T20:45+02:00,0
2023-10-04T21:00+02:00,0
2023-10-04T21:15+02:00,0
2023-10-04T21:30+02:00,0
2023-10-04T21:45+02:00,0
2023-10-04T22:00+02:00,0
2023-10-04T22:15+02:00,0
2023-10-04T22:30+02:00,0
2023-10-04T22:45+02:00,0
2023-10-04T23:00+02:00,0
2023-10-04T23:15+02:00,0
2023-10-04T23:30+02:00,0
2023-10-04T23:45+02:00,0
2023-10-05T00:00+02:00,0
2023-10-05T00:15+02:00,0
2023-10-05T00:30+02:00,0
2023-10-05T00:45+02:00,0
2023-10-05T01:00+02:00,0
2023-10-05T01:15+02:00,0
2023-10-05T01:30+02:00,0
2023-10-05T01:45+02:00,0
2023-10-05T02:00+02:00,0
2023-10-05T02:15+02:00,0
2023-10-05T02:30+02:00,0
2023-10-05T02:45+02:00,0
2023-10-05T03:00+02:00,0
2023-10-05T03:15+02:00,0
2023-10-05T03:30+02:00,0
2023-10-05T03:45+02:00,0
2023-10-05T04:00+02:00,0
2023-10-05T04:15+02:00,0
2023-10-05T04:30+02:00,0
2023-10-05T04:45+02:00,0
2023-10-05T05:00+02:00,0
2023-10-05T05:15+02:00,0
2023-10-05T05:30+02:00,0
2023-10-05T05:45+02:00,0
2023-10-05T06:00+02:00,0
2023-10-05T06:15+02:00,0
2023-10-05T06:30+02:00,0
2023-10-05T06:45+02:00,0
2023-10-05T07:00+02:00,49.2
2023-10-05T07:15+02:00,180.7
2023-10-05T07:30+02:00,436.5
2023-10-05T07:45+02:00,950.8
2023-10-05T08:00+02:00,1752.1
2023-10-05T08:15+02:00,2844.1
2023-10-05T08:30+02:00,4149.1
2023-10-05T08:45+02:00,5554.9
2023-10-05T09:00+02:00,7023.4
2023-10-05T09:15+02:00,8580.3
2023-10-05T09:30+02:00,10181.7
2023-10-05T09:45+02:00,11764.2
2023-10-05T10:00+02:00,13269.5
2023-10-05T10:15+02:00,14735.9
2023-10-05T10:30+02:00,16097.7
2023-10-05T10:45+02:00,17304
2023-10-05T11:00+02:00,18348.7
2023-10-05T11:15+02:00,19249.3
2023-10-05T11:30+02:00,19971.3
2023-10-05T11:45+02:00,20519.8
2023-10-05T12:00+02:00,20946.4
2023-10-05T12:15+02:00,21213.8
2023-10-05T12:30+02:00,21319.1
2023-10-05T12:45+02:00,21298.2
2023-10-05T13:00+02:00,21187.4
2023-10-05T13:15+02:00,20914.6
2023-10-05T13:30+02:00,20485.9
2023-10-05T13:45+02:00,19921.8
2023-10-05T14:00+02:00,19291.7
2023-10-05T14:15+02:00,18589.2
2023-10-05T14:30+02:00,17767.3
2023-10-05T14:45+02:00,16825.3
2023-10-05T15:00+02:00,15771.3
2023-10-05T15:15+02:00,14624.9
2023-10-05T15:30+02:00,13355.7
2023-10-05T15:45+02:00,12003.1
2023-10-05T16:00+02:00,10614.5
2023-10-05T16:15+02:00,9179.4
2023-10-05T16:30+02:00,7775.6
2023-10-05T16:45+02:00,6436.2
2023-10-05T17:00+02:00,5155.7
2023-10-05T17:15+02:00,3976.3
2023-10-05T17:30+02:00,2891.6
2023-10-05T17:45+02:00,1955.9
2023-10-05T18:00+02:00,1212.7
2023-10-05T18:15+02:00,670.8
2023-10-05T18:30+02:00,306.1
2023-10-05T18:45+02:00,88.5
2023-10-05T19:00+02:00,13.2
2023-10-05T19:15+02:00,0
2023-10-05T19:30+02:00,0
2023-10-05T19:45+02:00,0
2023-10-05T20:00+02:00,0
2023-10-05T20:15+02:00,0
2023-10-05T20:30+02:00,0
2023-10-05T20:45+02:00,0
2023-10-05T21:00+02:00,0
2023-10-05T21:15+02:00,0
2023-10-05T21:30+02:00,0
2023-10-05T21:45+02:00,0
2023-10-05T22:00+02:00,0
2023-10-05T22:15+02:00,0
2023-10-05T22:30+02:00,0
2023-10-05T22:45+02:00,0
2023-10-05T23:00+02:00,0
2023-10-05T23:15+02:00,0
2023-10-05T23:30+02:00,0
2023-10-05T23:45+02:00,0
2023-10-06T00:00+02:00,0
2023-10-06T00:15+02:00,0
2023-10-06T00:30+02:00,0
2023-10-06T00:45+02:00,0
2023-10-06T01:00+02:00,0
2023-10-06T01:15+02:00,0
2023-10-06T01:30+02:00,0
2023-10-06T01:45+02:00,0
2023-10-06T02:00+02:00,0
2023-10-06T02:15+02:00,0
2023-10-06T02:30+02:00,0
2023-10-06T02:45+02:00,0
2023-10-06T03:00+02:00,0
2023-10-06T03:15+02:00,0
2023-10-06T03:30+02:00,0
2023-10-06T03:45+02:00,0
2023-10-06T04:00+02:00,0
2023-10-06T04:15+02:00,0
2023-10-06T04:30+02:00,0
2023-10-06T04:45+02:00,0
2023-10-06T05:00+02:00,0
2023-10-06T05:15+02:00,0
2023-10-06T05:30+02:00,0
2023-10-06T05:45+02:00,0
2023-10-06T06:00+02:00,0
2023-10-06T06:15+02:00,0
2023-10-06T06:30+02:00,0
2023-10-06T06:45+02:00,0
2023-10-06T07:00+02:00,53.1
2023-10-06T07:15+02:00,194.4
2023-10-06T07:30+02:00,455.8
2023-10-06T07:45+02:00,1040.2
2023-10-06T08:00+02:00,1999.6
2023-10-06T08:15+02:00,3310.1
2023-10-06T08:30+02:00,4883.2
2023-10-06T08:45+02:00,6618.6
2023-10-06T09:00+02:00,8453.7
2023-10-06T09:15+02:00,10437.4
2023-10-06T09:30+02:00,12485
2023-10-06T09:45+02:00,14479.2
2023-10-06T10:00+02:00,16315.3
2023-10-06T10:15+02:00,18047.2
2023-10-06T10:30+02:00,19601.7
2023-10-06T10:45+02:00,20957.5
2023-10-06T11:00+02:00,22134
2023-10-06T11:15+02:00,23130.2
2023-10-06T11:30+02:00,23920.7
2023-10-06T11:45+02:00,24499.9
2023-10-06T12:00+02:00,24912.3
2023-10-06T12:15+02:00,25184
2023-10-06T12:30+02:00,25307.9
2023-10-06T12:45+02:00,25242.2
2023-10-06T13:00+02:00,25054.2
2023-10-06T13:15+02:00,24785.3
2023-10-06T13:30+02:00,24344.6
2023-10-06T13:45+02:00,23763.9
2023-10-06T14:00+02:00,23104.5
2023-10-06T14:15+02:00,22267.2
2023-10-06T14:30+02:00,21337.2
2023-10-06T14:45+02:00,20326.6
2023-10-06T15:00+02:00,19231.9
2023-10-06T15:15+02:00,18070.2
2023-10-06T15:30+02:00,16806.4
2023-10-06T15:45+02:00,15433.2
2023-10-06T16:00+02:00,13903.3
2023-10-06T16:15+02:00,12194.9
2023-10-06T16:30+02:00,10392.1
2023-10-06T16:45+02:00,8612.1
2023-10-06T17:00+02:00,6948.3
2023-10-06T17:15+02:00,5417.5
2023-10-06T17:30+02:00,4012.9
2023-10-06T17:45+02:00,2729
2023-10-06T18:00+02:00,1694.6
2023-10-06T18:15+02:00,938.3
2023-10-06T18:30+02:00,419.1
2023-10-06T18:45+02:00,118.2
2023-10-06T19:00+02:00,0
2023-10-06T19:15+02:00,0
2023-10-06T19:30+02:00,0
2023-10-06T19:45+02:00,0
2023-10-06T20:00+02:00,0
2023-10-06T20:15+02:00,0
2023-10-06T20:30+02:00,0
2023-10-06T20:45+02:00,0
2023-10-06T21:00+02:00,0
2023-10-06T21:15+02:00,0
2023-10-06T21:30+02:00,0
2023-10-06T21:45+02:00,0
2023-10-06T22:00+02:00,0
2023-10-06T22:15+02:00,0
2023-10-06T22:30+02:00,0
2023-10-06T22:45+02:00,0
2023-10-06T23:00+02:00,0
2023-10-06T23:15+02:00,0
2023-10-06T23:30+02:00,0
2023-10-06T23:45+02:00,0
2023-10-07T00:00+02:00,0
2023-10-07T00:15+02:00,0
2023-10-07T00:30+02:00,0
2023-10-07T00:45+02:00,0
2023-10-07T01:00+02:00,0
2023-10-07T01:15+02:00,0
2023-10-07T01:30+02:00,0
2023-10-07T01:45+02:00,0
2023-10-07T02:00+02:00,0
2023-10-07T02:15+02:00,0
2023-10-07T02:30+02:00,0
2023-10-07T02:45+02:00,0
2023-10-07T03:00+02:00,0
2023-10-07T03:15+02:00,0
2023-10-07T03:30+02:00,0
2023-10-07T03:45+02:00,0
2023-10-07T04:00+02:00,0
2023-10-07T04:15+02:00,0
2023-10-07T04:30+02:00,0
2023-10-07T04:45+02:00,0
2023-10-07T05:00+02:00,0
2023-10-07T05:15+02:00,0
2023-10-07T05:30+02:00,0
2023-10-07T05:45+02:00,0
2023-10-07T06:00+02:00,0
2023-10-07T06:15+02:00,0
2023-10-07T06:30+02:00,0
2023-10-07T06:45+02:00,0
2023-10-07T07:00+02:00,33.8
2023-10-07T07:15+02:00,112.2
2023-10-07T07:30+02:00,309.8
2023-10-07T07:45+02:00,754.1
2023-10-07T08:00+02:00,1499.4
2023-10-07T08:15+02:00,2517.8
2023-10-07T08:30+02:00,3724.2
2023-10-07T08:45+02:00,5006.1
2023-10-07T09:00+02:00,6274.8
2023-10-07T09:15+02:00,7614.2
2023-10-07T09:30+02:00,8929
2023-10-07T09:45+02:00,10151.3
2023-10-07T10:00+02:00,11238.8
2023-10-07T10:15+02:00,12226.5
2023-10-07T10:30+02:00,13126.1
2023-10-07T10:45+02:00,13917.8
2023-10-07T11:00+02:00,14598.5
2023-10-07T11:15+02:00,15167.7
2023-10-07T11:30+02:00,15629.6
2023-10-07T11:45+02:00,15981.4
2023-10-07T12:00+02:00,16260.4
2023-10-07T12:15+02:00,16447.2
2023-10-07T12:30+02:00,16529.6
2023-10-07T12:45+02:00,16498.4
2023-10-07T13:00+02:00,16352.5
2023-10-07T13:15+02:00,16188.2
2023-10-07T13:30+02:00,15868.7
2023-10-07T13:45+02:00,15438.8
2023-10-07T14:00+02:00,14944
2023-10-07T14:15+02:00,14386.6
2023-10-07T14:30+02:00,13708.5
2023-10-07T14:45+02:00,12927
2023-10-07T15:00+02:00,12129.9
2023-10-07T15:15+02:00,11291.9
2023-10-07T15:30+02:00,10377.8
2023-10-07T15:45+02:00,9399.7
2023-10-07T16:00+02:00,8398.4
2023-10-07T16:15+02:00,7383.8
2023-10-07T16:30+02:00,6362.6
2023-10-07T16:45+02:00,5347.1
2023-10-07T17:00+02:00,4375.7
2023-10-07T17:15+02:00,3428.4
2023-10-07T17:30+02:00,2530.6
2023-10-07T17:45+02:00,1714.7
2023-10-07T18:00+02:00,1069.8
2023-10-07T18:15+02:00,585.8
2023-10-07T18:30+02:00,253.8
2023-10-07T18:45+02:00,67.7
2023-10-07T19:00+02:00,0
2023-10-07T19:15+02:00,0
2023-10-07T19:30+02:00,0
2023-10-07T19:45+02:00,0
2023-10-07T20:00+02:00,0
2023-10-07T20:15+02:00,0
2023-10-07T20:30+02:00,0
2023-10-07T20:45+02:00,0
2023-10-07T21:00+02:00,0
2023-10-07T21:15+02:00,0
2023-10-07T21:30+02:00,0
2023-10-07T21:45+02:00,0
2023-10-07T22:00+02:00,0
2023-10-07T22:15+02:00,0
2023-10-07T22:30+02:00,0
2023-10-07T22:45+02:00,0
2023-10-07T23:00+02:00,0
2023-10-07T23:15+02:00,0
2023-10-07T23:30+02:00,0
2023-10-07T23:45+02:00,0
2023-10-08T00:00+02:00,0
2023-10-08T00:15+02:00,0
2023-10-08T00:30+02:00,0
2023-10-08T00:45+02:00,0
2023-10-08T01:00+02:00,0
2023-10-08T01:15+02:00,0
2023-10-08T01:30+02:00,0
2023-10-08T01:45+02:00,0
2023-10-08T02:00+02:00,0
2023-10-08T02:15+02:00,0
2023-10-08T02:30+02:00,0
2023-10-08T02:45+02:00,0
2023-10-08T03:00+02:00,0
2023-10-08T03:15+02:00,0
2023-10-08T03:30+02:00,0
2023-10-08T03:45+02:00,0
2023-10-08T04:00+02:00,0
2023-10-08T04:15+02:00,0
2023-10-08T04:30+02:00,0
2023-10-08T04:45+02:00,0
2023-10-08T05:00+02:00,0
2023-10-08T05:15+02:00,0
2023-10-08T05:30+02:00,0
2023-10-08T05:45+02:00,0
2023-10-08T06:00+02:00,0
2023-10-08T06:15+02:00,0
2023-10-08T06:30+02:00,0
2023-10-08T06:45+02:00,0
2023-10-08T07:00+02:00,38.1
2023-10-08T07:15+02:00,121.9
2023-10-08T07:30+02:00,294.5
2023-10-08T07:45+02:00,702.4
2023-10-08T08:00+02:00,1423
2023-10-08T08:15+02:00,2419.5
2023-10-08T08:30+02:00,3600.3
2023-10-08T08:45+02:00,4862.2
2023-10-08T09:00+02:00,6134.6
2023-10-08T09:15+02:00,7465.4
2023-10-08T09:30+02:00,8806.2
2023-10-08T09:45+02:00,10129.5
2023-10-08T10:00+02:00,11440.1
2023-10-08T10:15+02:00,12718
2023-10-08T10:30+02:00,13950.8
2023-10-08T10:45+02:00,15076.3
2023-10-08T11:00+02:00,16059.5
2023-10-08T11:15+02:00,16941
2023-10-08T11:30+02:00,17701
2023-10-08T11:45+02:00,18330.1
2023-10-08T12:00+02:00,18874.8
2023-10-08T12:15+02:00,19325.2
2023-10-08T12:30+02:00,19604.1
2023-10-08T12:45+02:00,19711.5
2023-10-08T13:00+02:00,19739.1
2023-10-08T13:15+02:00,19647.1
2023-10-08T13:30+02:00,19405.6
2023-10-08T13:45+02:00,19040.7
2023-10-08T14:00+02:00,18635.9
2023-10-08T14:15+02:00,18141.4
2023-10-08T14:30+02:00,17494.1
2023-10-08T14:45+02:00,16689.1
2023-10-08T15:00+02:00,15795.9
2023-10-08T15:15+02:00,14796
2023-10-08T15:30+02:00,13660.4
2023-10-08T15:45+02:00,12409.5
2023-10-08T16:00+02:00,11098.3
2023-10-08T16:15+02:00,9685.4
2023-10-08T16:30+02:00,8218
2023-10-08T16:45+02:00,6774.4
2023-10-08T17:00+02:00,5412.5
2023-10-08T17:15+02:00,4151.7
2023-10-08T17:30+02:00,2962
2023-10-08T17:45+02:00,1961.7
2023-10-08T18:00+02:00,1180.3
2023-10-08T18:15+02:00,621.7
2023-10-08T18:30+02:00,269.3
2023-10-08T18:45+02:00,83.9
2023-10-08T19:00+02:00,0
2023-10-08T19:15+02:00,0
2023-10-08T19:30+02:00,0
2023-10-08T19:45+02:00,0
2023-10-08T20:00+02:00,0
2023-10-08T20:15+02:00,0
2023-10-08T20:30+02:00,0
2023-10-08T20:45+02:00,0
2023-10-08T21:00+02:00,0
2023-10-08T21:15+02:00,0
2023-10-08T21:30+02:00,0
2023-10-08T21:45+02:00,0
2023-10-08T22:00+02:00,0
2023-10-08T22:15+02:00,0
2023-10-08T22:30+02:00,0
2023-10-08T22:45+02:00,0
2023-10-08T23:00+02:00,0
2023-10-08T23:15+02:00,0
2023-10-08T23:30+02:00,0
2023-10-08T23:45+02:00,0
2023-10-09T00:00+02:00,0
2023-10-09T00:15+02:00,0
2023-10-09T00:30+02:00,0
2023-10-09T00:45+02:00,0
2023-10-09T01:00+02:00,0
2023-10-09T01:15+02:00,0
2023-10-09T01:30+02:00,0
2023-10-09T01:45+02:00,0
2023-10-09T02:00+02:00,0
2023-10-09T02:15+02:00,0
2023-10-09T02:30+02:00,0
2023-10-09T02:45+02:00,0
2023-10-09T03:00+02:00,0
2023-10-09T03:15+02:00,0
2023-10-09T03:30+02:00,0
2023-10-09T03:45+02:00,0
2023-10-09T04:00+02:00,0
2023-10-09T04:15+02:00,0
2023-10-09T04:30+02:00,0
2023-10-09T04:45+02:00,0
2023-10-09T05:00+02:00,0
2023-10-09T05:15+02:00,0
2023-10-09T05:30+02:00,0
2023-10-09T05:45+02:00,0
2023-10-09T06:00+02:00,0
2023-10-09T06:15+02:00,0
2023-10-09T06:30+02:00,0
2023-10-09T06:45+02:00,0
2023-10-09T07:00+02:00,18.2
2023-10-09T07:15+02:00,58.9
2023-10-09T07:30+02:00,157.2
2023-10-09T07:45+02:00,387.4
2023-10-09T08:00+02:00,839.5
2023-10-09T08:15+02:00,1462.6
2023-10-09T08:30+02:00,2205.4
2023-10-09T08:45+02:00,3016.8
2023-10-09T09:00+02:00,3851.1
2023-10-09T09:15+02:00,4692.5
2023-10-09T09:30+02:00,5515.7
2023-10-09T09:45+02:00,6308.8
2023-10-09T10:00+02:00,7088.6
2023-10-09T10:15+02:00,7894.8
2023-10-09T10:30+02:00,8657.9
2023-10-09T10:45+02:00,9340.3
2023-10-09T11:00+02:00,9932.5
2023-10-09T11:15+02:00,10454.5
2023-10-09T11:30+02:00,10865
2023-10-09T11:45+02:00,11153.4
2023-10-09T12:00+02:00,11363.9
2023-10-09T12:15+02:00,11499.4
2023-10-09T12:30+02:00,11533.3
2023-10-09T12:45+02:00,11495.7
2023-10-09T13:00+02:00,11420.9
2023-10-09T13:15+02:00,11256
2023-10-09T13:30+02:00,11019
2023-10-09T13:45+02:00,10726.9
2023-10-09T14:00+02:00,10438.3
2023-10-09T14:15+02:00,10092
2023-10-09T14:30+02:00,9688.5
2023-10-09T14:45+02:00,9227.4
2023-10-09T15:00+02:00,8708.1
2023-10-09T15:15+02:00,8148.1
2023-10-09T15:30+02:00,7533.7
2023-10-09T15:45+02:00,6868.3
2023-10-09T16:00+02:00,6177
2023-10-09T16:15+02:00,5466.4
2023-10-09T16:30+02:00,4738.4
2023-10-09T16:45+02:00,3999.8
2023-10-09T17:00+02:00,3237.3
2023-10-09T17:15+02:00,2519.3
2023-10-09T17:30+02:00,1838.5
2023-10-09T17:45+02:00,1224.1
2023-10-09T18:00+02:00,735.3
2023-10-09T18:15+02:00,380.8
2023-10-09T18:30+02:00,150.1
2023-10-09T18:45+02:00,35.9
2023-10-09T19:00+02:00,0
2023-10-09T19:15+02:00,0
2023-10-09T19:30+02:00,0
2023-10-09T19:45+02:00,0
2023-10-09T20:00+02:00,0
2023-10-09T20:15+02:00,0
2023-10-09T20:30+02:00,0
2023-10-09T20:45+02:00,0
2023-10-09T21:00+02:00,0
2023-10-09T21:15+02:00,0
2023-10-09T21:30+02:00,0
2023-10-09T21:45+02:00,0
2023-10-09T22:00+02:00,0
2023-10-09T22:15+02:00,0
2023-10-09T22:30+02:00,0
2023-10-09T22:45+02:00,0
2023-10-09T23:00+02:00,0
2023-10-09T23:15+02:00,0
2023-10-09T23:30+02:00,0
2023-10-09T23:45+02:00,0
2023-10-10T00:00+02:00,0
2023-10-10T00:15+02:00,0
2023-10-10T00:30+02:00,0
2023-10-10T00:45+02:00,0
2023-10-10T01:00+02:00,0
2023-10-10T01:15+02:00,0
2023-10-10T01:30+02:00,0
2023-10-10T01:45+02:00,0
2023-10-10T02:00+02:00,0
2023-10-10T02:15+02:00,0
2023-10-10T02:30+02:00,0
2023-10-10T02:45+02:00,0
2023-10-10T03:00+02:00,0
2023-10-10T03:15+02:00,0
2023-10-10T03:30+02:00,0
2023-10-10T03:45+02:00,0
2023-10-10T04:00+02:00,0
2023-10-10T04:15+02:00,0
2023-10-10T04:30+02:00,0
2023-10-10T04:45+02:00,0
2023-10-10T05:00+02:00,0
2023-10-10T05:15+02:00,0
2023-10-10T05:30+02:00,0
2023-10-10T05:45+02:00,0
2023-10-10T06:00+02:00,0
2023-10-10T06:15+02:00,0
2023-10-10T06:30+02:00,0
2023-10-10T06:45+02:00,0
2023-10-10T07:00+02:00,24
2023-10-10T07:15+02:00,74.2
2023-10-10T07:30+02:00,197.9
2023-10-10T07:45+02:00,518.2
2023-10-10T08:00+02:00,1164.4
2023-10-10T08:15+02:00,2104.2
2023-10-10T08:30+02:00,3263.4
2023-10-10T08:45+02:00,4551.2
2023-10-10T09:00+02:00,5874.4
2023-10-10T09:15+02:00,7263.3
2023-10-10T09:30+02:00,8713.8
2023-10-10T09:45+02:00,10181.5
2023-10-10T10:00+02:00,11651.2
2023-10-10T10:15+02:00,13136.3
2023-10-10T10:30+02:00,14593.2
2023-10-10T10:45+02:00,15981.9
2023-10-10T11:00+02:00,17279
2023-10-10T11:15+02:00,18456.8
2023-10-10T11:30+02:00,19506.1
2023-10-10T11:45+02:00,20425.7
2023-10-10T12:00+02:00,21201.3
2023-10-10T12:15+02:00,21871.9
2023-10-10T12:30+02:00,22384.3
2023-10-10T12:45+02:00,22735.6
2023-10-10T13:00+02:00,22918.6
2023-10-10T13:15+02:00,22939
2023-10-10T13:30+02:00,22806.9
2023-10-10T13:45+02:00,22568.9
2023-10-10T14:00+02:00,22154
2023-10-10T14:15+02:00,21571.7
2023-10-10T14:30+02:00,20813
2023-10-10T14:45+02:00,19886.8
2023-10-10T15:00+02:00,18853.3
2023-10-10T15:15+02:00,17698.5
2023-10-10T15:30+02:00,16400
2023-10-10T15:45+02:00,14962.5
2023-10-10T16:00+02:00,13366.1
2023-10-10T16:15+02:00,11618.1
2023-10-10T16:30+02:00,9800.2
2023-10-10T16:45+02:00,8020.1
2023-10-10T17:00+02:00,6381.1
2023-10-10T17:15+02:00,4821.9
2023-10-10T17:30+02:00,3389.5
2023-10-10T17:45+02:00,2151.5
2023-10-10T18:00+02:00,1218.1
2023-10-10T18:15+02:00,594.5
2023-10-10T18:30+02:00,237.2
2023-10-10T18:45+02:00,72.2
2023-10-10T19:00+02:00,0
2023-10-10T19:15+02:00,0
2023-10-10T19:30+02:00,0
2023-10-10T19:45+02:00,0
2023-10-10T20:00+02:00,0
2023-10-10T20:15+02:00,0
2023-10-10T20:30+02:00,0
2023-10-10T20:45+02:00,0
2023-10-10T21:00+02:00,0
2023-10-10T21:15+02:00,0
2023-10-10T21:30+02:00,0
2023-10-10T21:45+02:00,0
2023-10-10T22:00+02:00,0
2023-10-10T22:15+02:00,0
2023-10-10T22:30+02:00,0
2023-10-10T22:45+02:00,0
2023-10-10T23:00+02:00,0
2023-10-10T23:15+02:00,0
2023-10-10T23:30+02:00,0
2023-10-10T23:45+02:00,0
2023-10-11T00:00+02:00,0
2023-10-11T00:15+02:00,0
2023-10-11T00:30+02:00,0
2023-10-11T00:45+02:00,0
2023-10-11T01:00+02:00,0
2023-10-11T01:15+02:00,0
2023-10-11T01:30+02:00,0
2023-10-11T01:45+02:00,0
2023-10-11T02:00+02:00,0
2023-10-11T02:15+02:00,0
2023-10-11T02:30+02:00,0
2023-10-11T02:45+02:00,0
2023-10-11T03:00+02:00,0
2023-10-11T03:15+02:00,0
2023-10-11T03:30+02:00,0
2023-10-11T03:45+02:00,0
2023-10-11T04:00+02:00,0
2023-10-11T04:15+02:00,0
2023-10-11T04:30+02:00,0
2023-10-11T04:45+02:00,0
2023-10-11T05:00+02:00,0
2023-10-11T05:15+02:00,0
2023-10-11T05:30+02:00,0
2023-10-11T05:45+02:00,0
2023-10-11T06:00+02:00,0
2023-10-11T06:15+02:00,0
2023-10-11T06:30+02:00,0
2023-10-11T06:45+02:00,0
2023-10-11T07:00+02:00,32.4
2023-10-11T07:15+02:00,92.9
2023-10-11T07:30+02:00,252.8
2023-10-11T07:45+02:00,716
2023-10-11T08:00+02:00,1653.2
2023-10-11T08:15+02:00,3049.2
2023-10-11T08:30+02:00,4764.1
2023-10-11T08:45+02:00,6617.8
2023-10-11T09:00+02:00,8554.5
2023-10-11T09:15+02:00,10603
2023-10-11T09:30+02:00,12666.9
2023-10-11T09:45+02:00,14653.9
2023-10-11T10:00+02:00,16495.1
2023-10-11T10:15+02:00,18242.3
2023-10-11T10:30+02:00,19896.6
2023-10-11T10:45+02:00,21417
2023-10-11T11:00+02:00,22744.5
2023-10-11T11:15+02:00,23926.9
2023-10-11T11:30+02:00,24930.5
2023-10-11T11:45+02:00,25754.8
2023-10-11T12:00+02:00,26413.8
2023-10-11T12:15+02:00,26903
2023-10-11T12:30+02:00,27225.8
2023-10-11T12:45+02:00,27420.2
2023-10-11T13:00+02:00,27437.4
2023-10-11T13:15+02:00,27290.7
2023-10-11T13:30+02:00,26968.4
2023-10-11T13:45+02:00,26481.5
2023-10-11T14:00+02:00,25831.6
2023-10-11T14:15+02:00,25032.8
2023-10-11T14:30+02:00,24069.8
2023-10-11T14:45+02:00,22943.5
2023-10-11T15:00+02:00,21699.9
2023-10-11T15:15+02:00,20286.7
2023-10-11T15:30+02:00,18729.3
2023-10-11T15:45+02:00,17022.6
2023-10-11T16:00+02:00,15142.4
2023-10-11T16:15+02:00,13128.2
2023-10-11T16:30+02:00,11011.4
2023-10-11T16:45+02:00,8941.5
2023-10-11T17:00+02:00,7057.1
2023-10-11T17:15+02:00,5272.1
2023-10-11T17:30+02:00,3640
2023-10-11T17:45+02:00,2263.7
2023-10-11T18:00+02:00,1247.3
2023-10-11T18:15+02:00,605.5
2023-10-11T18:30+02:00,255.3
2023-10-11T18:45+02:00,97.8
2023-10-11T19:00+02:00,0
2023-10-11T19:15+02:00,0
2023-10-11T19:30+02:00,0
2023-10-11T19:45+02:00,0
2023-10-11T20:00+02:00,0
2023-10-11T20:15+02:00,0
2023-10-11T20:30+02:00,0
2023-10-11T20:45+02:00,0
2023-10-11T21:00+02:00,0
2023-10-11T21:15+02:00,0
2023-10-11T21:30+02:00,0
2023-10-11T21:45+02:00,0
2023-10-11T22:00+02:00,0
2023-10-11T22:15+02:00,0
2023-10-11T22:30+02:00,0
2023-10-11T22:45+02:00,0
2023-10-11T23:00+02:00,0
2023-10-11T23:15+02:00,0
2023-10-11T23:30+02:00,0
2023-10-11T23:45+02:00,0
2023-10-12T00:00+02:00,0
2023-10-12T00:15+02:00,0
2023-10-12T00:30+02:00,0
2023-10-12T00:45+02:00,0
2023-10-12T01:00+02:00,0
2023-10-12T01:15+02:00,0
2023-10-12T01:30+02:00,0
2023-10-12T01:45+02:00,0
2023-10-12T02:00+02:00,0
2023-10-12T02:15+02:00,0
2023-10-12T02:30+02:00,0
2023-10-12T02:45+02:00,0
2023-10-12T03:00+02:00,0
2023-10-12T03:15+02:00,0
2023-10-12T03:30+02:00,0
2023-10-12T03:45+02:00,0
2023-10-12T04:00+02:00,0
2023-10-12T04:15+02:00,0
2023-10-12T04:30+02:00,0
2023-10-12T04:45+02:00,0
2023-10-12T05:00+02:00,0
2023-10-12T05:15+02:00,0
2023-10-12T05:30+02:00,0
2023-10-12T05:45+02:00,0
2023-10-12T06:00+02:00,0
2023-10-12T06:15+02:00,0
2023-10-12T06:30+02:00,0
2023-10-12T06:45+02:00,0
2023-10-12T07:00+02:00,18.3
2023-10-12T07:15+02:00,55.6
2023-10-12T07:30+02:00,158.5
2023-10-12T07:45+02:00,417.8
2023-10-12T08:00+02:00,916.7
2023-10-12T08:15+02:00,1602.4
2023-10-12T08:30+02:00,2415.7
2023-10-12T08:45+02:00,3306.6
2023-10-12T09:00+02:00,4213.1
2023-10-12T09:15+02:00,5149.5
2023-10-12T09:30+02:00,6083.1
2023-10-12T09:45+02:00,6967.4
2023-10-12T10:00+02:00,7773.5
2023-10-12T10:15+02:00,8508
2023-10-12T10:30+02:00,9179.9
2023-10-12T10:45+02:00,9777.6
2023-10-12T11:00+02:00,10270.8
2023-10-12T11:15+02:00,10702.6
2023-10-12T11:30+02:00,11057.3
2023-10-12T11:45+02:00,11345.4
2023-10-12T12:00+02:00,11562.1
2023-10-12T12:15+02:00,11709.8
2023-10-12T12:30+02:00,11769.7
2023-10-12T12:45+02:00,11730.6
2023-10-12T13:00+02:00,11612.2
2023-10-12T13:15+02:00,11382.8
2023-10-12T13:30+02:00,11055
2023-10-12T13:45+02:00,10645.6
2023-10-12T14:00+02:00,10254.5
2023-10-12T14:15+02:00,9761.2
2023-10-12T14:30+02:00,9170.7
2023-10-12T14:45+02:00,8507.6
2023-10-12T15:00+02:00,7826.7
2023-10-12T15:15+02:00,7107
2023-10-12T15:30+02:00,6348
2023-10-12T15:45+02:00,5582.4
2023-10-12T16:00+02:00,4845.2
2023-10-12T16:15+02:00,4159.3
2023-10-12T16:30+02:00,3502.6
2023-10-12T16:45+02:00,2881.3
2023-10-12T17:00+02:00,2303.6
2023-10-12T17:15+02:00,1754.3
2023-10-12T17:30+02:00,1245.2
2023-10-12T17:45+02:00,809.5
2023-10-12T18:00+02:00,464.9
2023-10-12T18:15+02:00,224.7
2023-10-12T18:30+02:00,90.2
2023-10-12T18:45+02:00,31.9
2023-10-12T19:00+02:00,0
2023-10-12T19:15+02:00,0
2023-10-12T19:30+02:00,0
2023-10-12T19:45+02:00,0
2023-10-12T20:00+02:00,0
2023-10-12T20:15+02:00,0
2023-10-12T20:30+02:00,0
2023-10-12T20:45+02:00,0
2023-10-12T21:00+02:00,0
2023-10-12T21:15+02:00,0
2023-10-12T21:30+02:00,0
2023-10-12T21:45+02:00,0
2023-10-12T22:00+02:00,0
2023-10-12T22:15+02:00,0
2023-10-12T22:30+02:00,0
2023-10-12T22:45+02:00,0
2023-10-12T23:00+02:00,0
2023-10-12T23:15+02:00,0
2023-10-12T23:30+02:00,0
2023-10-12T23:45+02:00,0
2023-10-13T00:00+02:00,0
2023-10-13T00:15+02:00,0
2023-10-13T00:30+02:00,0
2023-10-13T00:45+02:00,0
2023-10-13T01:00+02:00,0
2023-10-13T01:15+02:00,0
2023-10-13T01:30+02:00,0
2023-10-13T01:45+02:00,0
2023-10-13T02:00+02:00,0
2023-10-13T02:15+02:00,0
2023-10-13T02:30+02:00,0
2023-10-13T02:45+02:00,0
2023-10-13T03:00+02:00,0
2023-10-13T03:15+02:00,0
2023-10-13T03:30+02:00,0
2023-10-13T03:45+02:00,0
2023-10-13T04:00+02:00,0
2023-10-13T04:15+02:00,0
2023-10-13T04:30+02:00,0
2023-10-13T04:45+02:00,0
2023-10-13T05:00+02:00,0
2023-10-13T05:15+02:00,0
2023-10-13T05:30+02:00,0
2023-10-13T05:45+02:00,0
2023-10-13T06:00+02:00,0
2023-10-13T06:15+02:00,0
2023-10-13T06:30+02:00,0
2023-10-13T06:45+02:00,0
2023-10-13T07:00+02:00,17.5
2023-10-13T07:15+02:00,44.3
2023-10-13T07:30+02:00,130.3
2023-10-13T07:45+02:00,404.5
2023-10-13T08:00+02:00,953.6
2023-10-13T08:15+02:00,1777.7
2023-10-13T08:30+02:00,2777.2
2023-10-13T08:45+02:00,3892.5
2023-10-13T09:00+02:00,5033.6
2023-10-13T09:15+02:00,6267
2023-10-13T09:30+02:00,7579.6
2023-10-13T09:45+02:00,8938.1
2023-10-13T10:00+02:00,10243.1
2023-10-13T10:15+02:00,11632
2023-10-13T10:30+02:00,12986.5
2023-10-13T10:45+02:00,14250.4
2023-10-13T11:00+02:00,15383.4
2023-10-13T11:15+02:00,16465.1
2023-10-13T11:30+02:00,17428.4
2023-10-13T11:45+02:00,18246.5
2023-10-13T12:00+02:00,18963.8
2023-10-13T12:15+02:00,19611.1
2023-10-13T12:30+02:00,20084.1
2023-10-13T12:45+02:00,20364.6
2023-10-13T13:00+02:00,20510.3
2023-10-13T13:15+02:00,20502.5
2023-10-13T13:30+02:00,20364.3
2023-10-13T13:45+02:00,20099.4
2023-10-13T14:00+02:00,19747.4
2023-10-13T14:15+02:00,19288.4
2023-10-13T14:30+02:00,18696.1
2023-10-13T14:45+02:00,17970.8
2023-10-13T15:00+02:00,17108.8
2023-10-13T15:15+02:00,16105.7
2023-10-13T15:30+02:00,14934.9
2023-10-13T15:45+02:00,13632
2023-10-13T16:00+02:00,12215.8
2023-10-13T16:15+02:00,10672.1
2023-10-13T16:30+02:00,9016.5
2023-10-13T16:45+02:00,7376.9
2023-10-13T17:00+02:00,5806.6
2023-10-13T17:15+02:00,4305.8
2023-10-13T17:30+02:00,2912.3
2023-10-13T17:45+02:00,1733.5
2023-10-13T18:00+02:00,896.1
2023-10-13T18:15+02:00,399.4
2023-10-13T18:30+02:00,158.8
2023-10-13T18:45+02:00,36.5
2023-10-13T19:00+02:00,0
2023-10-13T19:15+02:00,0
2023-10-13T19:30+02:00,0
2023-10-13T19:45+02:00,0
2023-10-13T20:00+02:00,0
2023-10-13T20:15+02:00,0
2023-10-13T20:30+02:00,0
2023-10-13T20:45+02:00,0
2023-10-13T21:00+02:00,0
2023-10-13T21:15+02:00,0
2023-10-13T21:30+02:00,0
2023-10-13T21:45+02:00,0
2023-10-13T22:00+02:00,0
2023-10-13T22:15+02:00,0
2023-10-13T22:30+02:00,0
2023-10-13T22:45+02:00,0
2023-10-13T23:00+02:00,0
2023-10-13T23:15+02:00,0
2023-10-13T23:30+02:00,0
2023-10-13T23:45+02:00,0
2023-10-14T00:00+02:00,0
2023-10-14T00:15+02:00,0
2023-10-14T00:30+02:00,0
2023-10-14T00:45+02:00,0
2023-10-14T01:00+02:00,0
2023-10-14T01:15+02:00,0
2023-10-14T01:30+02:00,0
2023-10-14T01:45+02:00,0
2023-10-14T02:00+02:00,0
2023-10-14T02:15+02:00,0
2023-10-14T02:30+02:00,0
2023-10-14T02:45+02:00,0
2023-10-14T03:00+02:00,0
2023-10-14T03:15+02:00,0
2023-10-14T03:30+02:00,0
2023-10-14T03:45+02:00,0
2023-10-14T04:00+02:00,0
2023-10-14T04:15+02:00,0
2023-10-14T04:30+02:00,0
2023-10-14T04:45+02:00,0
2023-10-14T05:00+02:00,0
2023-10-14T05:15+02:00,0
2023-10-14T05:30+02:00,0
2023-10-14T05:45+02:00,0
2023-10-14T06:00+02:00,0
2023-10-14T06:15+02:00,0
2023-10-14T06:30+02:00,0
2023-10-14T06:45+02:00,0
2023-10-14T07:00+02:00,12.4
2023-10-14T07:15+02:00,29.3
2023-10-14T07:30+02:00,110.1
2023-10-14T07:45+02:00,295.4
2023-10-14T08:00+02:00,726.8
2023-10-14T08:15+02:00,1439.5
2023-10-14T08:30+02:00,2377
2023-10-14T08:45+02:00,3448
2023-10-14T09:00+02:00,4625.6
2023-10-14T09:15+02:00,5862.7
2023-10-14T09:30+02:00,7134.9
2023-10-14T09:45+02:00,8445.6
2023-10-14T10:00+02:00,9787.9
2023-10-14T10:15+02:00,11128.6
2023-10-14T10:30+02:00,12399.9
2023-10-14T10:45+02:00,13535.3
2023-10-14T11:00+02:00,14487.2
2023-10-14T11:15+02:00,15462.7
2023-10-14T11:30+02:00,16349
2023-10-14T11:45+02:00,17131.2
2023-10-14T12:00+02:00,17759
2023-10-14T12:15+02:00,18288.9
2023-10-14T12:30+02:00,18647.7
2023-10-14T12:45+02:00,18841.5
2023-10-14T13:00+02:00,18923.2
2023-10-14T13:15+02:00,18877.1
2023-10-14T13:30+02:00,18672.5
2023-10-14T13:45+02:00,18338.5
2023-10-14T14:00+02:00,17903.7
2023-10-14T14:15+02:00,17399.8
2023-10-14T14:30+02:00,16784.8
2023-10-14T14:45+02:00,16026.1
2023-10-14T15:00+02:00,15127.7
2023-10-14T15:15+02:00,14076.1
2023-10-14T15:30+02:00,12905.5
2023-10-14T15:45+02:00,11675.3
2023-10-14T16:00+02:00,10428.9
2023-10-14T16:15+02:00,9111.8
2023-10-14T16:30+02:00,7744.8
2023-10-14T16:45+02:00,6385.2
2023-10-14T17:00+02:00,5032.2
2023-10-14T17:15+02:00,3692
2023-10-14T17:30+02:00,2423.6
2023-10-14T17:45+02:00,1379.9
2023-10-14T18:00+02:00,657.3
2023-10-14T18:15+02:00,249.1
2023-10-14T18:30+02:00,82.8
2023-10-14T18:45+02:00,17.8
2023-10-14T19:00+02:00,0
2023-10-14T19:15+02:00,0
2023-10-14T19:30+02:00,0
2023-10-14T19:45+02:00,0
2023-10-14T20:00+02:00,0
2023-10-14T20:15+02:00,0
2023-10-14T20:30+02:00,0
2023-10-14T20:45+02:00,0
2023-10-14T21:00+02:00,0
2023-10-14T21:15+02:00,0
2023-10-14T21:30+02:00,0
2023-10-14T21:45+02:00,0
2023-10-14T22:00+02:00,0
2023-10-14T22:15+02:00,0
2023-10-14T22:30+02:00,0
2023-10-14T22:45+02:00,0
2023-10-14T23:00+02:00,0
2023-10-14T23:15+02:00,0
2023-10-14T23:30+02:00,0
2023-10-14T23:45+02:00,0
2023-10-15T00:00+02:00,0
2023-10-15T00:15+02:00,0
2023-10-15T00:30+02:00,0
2023-10-15T00:45+02:00,0
2023-10-15T01:00+02:00,0
2023-10-15T01:15+02:00,0
2023-10-15T01:30+02:00,0
2023-10-15T01:45+02:00,0
2023-10-15T02:00+02:00,0
2023-10-15T02:15+02:00,0
2023-10-15T02:30+02:00,0
2023-10-15T02:45+02:00,0
2023-10-15T03:00+02:00,0
2023-10-15T03:15+02:00,0
2023-10-15T03:30+02:00,0
2023-10-15T03:45+02:00,0
2023-10-15T04:00+02:00,0
2023-10-15T04:15+02:00,0
2023-10-15T04:30+02:00,0
2023-10-15T04:45+02:00,0
2023-10-15T05:00+02:00,0
2023-10-15T05:15+02:00,0
2023-10-15T05:30+02:00,0
2023-10-15T05:45+02:00,0
2023-10-15T06:00+02:00,0
2023-10-15T06:15+02:00,0
2023-10-15T06:30+02:00,0
2023-10-15T06:45+02:00,0
2023-10-15T07:00+02:00,15.5
2023-10-15T07:15+02:00,40.2
2023-10-15T07:30+02:00,106.9
2023-10-15T07:45+02:00,349.8
2023-10-15T08:00+02:00,976.2
2023-10-15T08:15+02:00,1975.5
2023-10-15T08:30+02:00,3195.7
2023-10-15T08:45+02:00,4551.8
2023-10-15T09:00+02:00,5938.9
2023-10-15T09:15+02:00,7346.1
2023-10-15T09:30+02:00,8689.6
2023-10-15T09:45+02:00,9939.1
2023-10-15T10:00+02:00,11145.2
2023-10-15T10:15+02:00,12327.1
2023-10-15T10:30+02:00,13463.2
2023-10-15T10:45+02:00,14529.2
2023-10-15T11:00+02:00,15524.6
2023-10-15T11:15+02:00,16429.6
2023-10-15T11:30+02:00,17220.8
2023-10-15T11:45+02:00,17883.8
2023-10-15T12:00+02:00,18442.8
2023-10-15T12:15+02:00,18893.2
2023-10-15T12:30+02:00,19183.3
2023-10-15T12:45+02:00,19331.5
2023-10-15T13:00+02:00,19395.8
2023-10-15T13:15+02:00,19349.7
2023-10-15T13:30+02:00,19163.3
2023-10-15T13:45+02:00,18862
2023-10-15T14:00+02:00,18462.7
2023-10-15T14:15+02:00,18036.9
2023-10-15T14:30+02:00,17475.6
2023-10-15T14:45+02:00,16750.1
2023-10-15T15:00+02:00,15889.3
2023-10-15T15:15+02:00,14855.8
2023-10-15T15:30+02:00,13697.8
2023-10-15T15:45+02:00,12469.1
2023-10-15T16:00+02:00,11207.9
2023-10-15T16:15+02:00,9903.4
2023-10-15T16:30+02:00,8514.2
2023-10-15T16:45+02:00,7064.5
2023-10-15T17:00+02:00,5614
2023-10-15T17:15+02:00,4126.4
2023-10-15T17:30+02:00,2696.3
2023-10-15T17:45+02:00,1523
2023-10-15T18:00+02:00,726.2
2023-10-15T18:15+02:00,277
2023-10-15T18:30+02:00,95.6
2023-10-15T18:45+02:00,24.3
2023-10-15T19:00+02:00,0
2023-10-15T19:15+02:00,0
2023-10-15T19:30+02:00,0
2023-10-15T19:45+02:00,0
2023-10-15T20:00+02:00,0
2023-10-15T20:15+02:00,0
2023-10-15T20:30+02:00,0
2023-10-15T20:45+02:00,0
2023-10-15T21:00+02:00,0
2023-10-15T21:15+02:00,0
2023-10-15T21:30+02:00,0
2023-10-15T21:45+02:00,0
2023-10-15T22:00+02:00,0
2023-10-15T22:15+02:00,0
2023-10-15T22:30+02:00,0
2023-10-15T22:45+02:00,0
2023-10-15T23:00+02:00,0
2023-10-15T23:15+02:00,0
2023-10-15T23:30+02:00,0
2023-10-15T23:45+02:00,0
2023-10-16T00:00+02:00,0
2023-10-16T00:15+02:00,0
2023-10-16T00:30+02:00,0
2023-10-16T00:45+02:00,0
2023-10-16T01:00+02:00,0
2023-10-16T01:15+02:00,0
2023-10-16T01:30+02:00,0
2023-10-16T01:45+02:00,0
2023-10-16T02:00+02:00,0
2023-10-16T02:15+02:00,0
2023-10-16T02:30+02:00,0
2023-10-16T02:45+02:00,0
2023-10-16T03:00+02:00,0
2023-10-16T03:15+02:00,0
2023-10-16T03:30+02:00,0
2023-10-16T03:45+02:00,0
2023-10-16T04:00+02:00,0
2023-10-16T04:15+02:00,0
2023-10-16T04:30+02:00,0
2023-10-16T04:45+02:00,0
2023-10-16T05:00+02:00,0
2023-10-16T05:15+02:00,0
2023-10-16T05:30+02:00,0
2023-10-16T05:45+02:00,0
2023-10-16T06:00+02:00,0
2023-10-16T06:15+02:00,0
2023-10-16T06:30+02:00,0
2023-10-16T06:45+02:00,0
2023-10-16T07:00+02:00,7.4
2023-10-16T07:15+02:00,18.4
2023-10-16T07:30+02:00,72.8
2023-10-16T07:45+02:00,365
2023-10-16T08:00+02:00,1136.2
2023-10-16T08:15+02:00,2376.7
2023-10-16T08:30+02:00,3946.2
2023-10-16T08:45+02:00,5656.4
2023-10-16T09:00+02:00,7425.2
2023-10-16T09:15+02:00,9243.7
2023-10-16T09:30+02:00,11117.1
2023-10-16T09:45+02:00,12976.9
2023-10-16T10:00+02:00,14792.1
2023-10-16T10:15+02:00,16599.6
2023-10-16T10:30+02:00,18366.7
2023-10-16T10:45+02:00,19962.5
2023-10-16T11:00+02:00,21295
2023-10-16T11:15+02:00,22400.8
2023-10-16T11:30+02:00,23262.7
2023-10-16T11:45+02:00,23909.7
2023-10-16T12:00+02:00,24371.1
2023-10-16T12:15+02:00,24671.7
2023-10-16T12:30+02:00,24773.5
2023-10-16T12:45+02:00,24729.2
2023-10-16T13:00+02:00,24558.7
2023-10-16T13:15+02:00,24227.9
2023-10-16T13:30+02:00,23758.2
2023-10-16T13:45+02:00,23149.5
2023-10-16T14:00+02:00,22469.8
2023-10-16T14:15+02:00,21678.6
2023-10-16T14:30+02:00,20771.5
2023-10-16T14:45+02:00,19715.8
2023-10-16T15:00+02:00,18537.6
2023-10-16T15:15+02:00,17232.9
2023-10-16T15:30+02:00,15809.2
2023-10-16T15:45+02:00,14273.4
2023-10-16T16:00+02:00,12638.3
2023-10-16T16:15+02:00,10900.2
2023-10-16T16:30+02:00,9125.9
2023-10-16T16:45+02:00,7386.2
2023-10-16T17:00+02:00,5725.5
2023-10-16T17:15+02:00,4131.3
2023-10-16T17:30+02:00,2677.3
2023-10-16T17:45+02:00,1500.6
2023-10-16T18:00+02:00,686.2
2023-10-16T18:15+02:00,251.7
2023-10-16T18:30+02:00,91.5
2023-10-16T18:45+02:00,25.6
2023-10-16T19:00+02:00,0
2023-10-16T19:15+02:00,0
2023-10-16T19:30+02:00,0
2023-10-16T19:45+02:00,0
2023-10-16T20:00+02:00,0
2023-10-16T20:15+02:00,0
2023-10-16T20:30+02:00,0
2023-10-16T20:45+02:00,0
2023-10-16T21:00+02:00,0
2023-10-16T21:15+02:00,0
2023-10-16T21:30+02:00,0
2023-10-16T21:45+02:00,0
2023-10-16T22:00+02:00,0
2023-10-16T22:15+02:00,0
2023-10-16T22:30+02:00,0
2023-10-16T22:45+02:00,0
2023-10-16T23:00+02:00,0
2023-10-16T23:15+02:00,0
2023-10-16T23:30+02:00,0
2023-10-16T23:45+02:00,0
2023-10-17T00:00+02:00,0
2023-10-17T00:15+02:00,0
2023-10-17T00:30+02:00,0
2023-10-17T00:45+02:00,0
2023-10-17T01:00+02:00,0
2023-10-17T01:15+02:00,0
2023-10-17T01:30+02:00,0
2023-10-17T01:45+02:00,0
2023-10-17T02:00+02:00,0
2023-10-17T02:15+02:00,0
2023-10-17T02:30+02:00,0
2023-10-17T02:45+02:00,0
2023-10-17T03:00+02:00,0
2023-10-17T03:15+02:00,0
2023-10-17T03:30+02:00,0
2023-10-17T03:45+02:00,0
2023-10-17T04:00+02:00,0
2023-10-17T04:15+02:00,0
2023-10-17T04:30+02:00,0
2023-10-17T04:45+02:00,0
2023-10-17T05:00+02:00,0
2023-10-17T05:15+02:00,0
2023-10-17T05:30+02:00,0
2023-10-17T05:45+02:00,0
2023-10-17T06:00+02:00,0
2023-10-17T06:15+02:00,0
2023-10-17T06:30+02:00,0
2023-10-17T06:45+02:00,0
2023-10-17T07:00+02:00,3.7
2023-10-17T07:15+02:00,5.9
2023-10-17T07:30+02:00,43.6
2023-10-17T07:45+02:00,228.4
2023-10-17T08:00+02:00,723.3
2023-10-17T08:15+02:00,1555.9
2023-10-17T08:30+02:00,2626.5
2023-10-17T08:45+02:00,3829.1
2023-10-17T09:00+02:00,5043.4
2023-10-17T09:15+02:00,6306.7
2023-10-17T09:30+02:00,7605.1
2023-10-17T09:45+02:00,8939.6
2023-10-17T10:00+02:00,10340.8
2023-10-17T10:15+02:00,11795.7
2023-10-17T10:30+02:00,13256.3
2023-10-17T10:45+02:00,14645.4
2023-10-17T11:00+02:00,15908.6
2023-10-17T11:15+02:00,17089.4
2023-10-17T11:30+02:00,18168.2
2023-10-17T11:45+02:00,19114.8
2023-10-17T12:00+02:00,19945.9
2023-10-17T12:15+02:00,20652
2023-10-17T12:30+02:00,21186.5
2023-10-17T12:45+02:00,21551.3
2023-10-17T13:00+02:00,21766
2023-10-17T13:15+02:00,21847.4
2023-10-17T13:30+02:00,21779.5
2023-10-17T13:45+02:00,21556.9
2023-10-17T14:00+02:00,21177.6
2023-10-17T14:15+02:00,20647.3
2023-10-17T14:30+02:00,19978.3
2023-10-17T14:45+02:00,19141.6
2023-10-17T15:00+02:00,18186.3
2023-10-17T15:15+02:00,17075.2
2023-10-17T15:30+02:00,15834.5
2023-10-17T15:45+02:00,14452.3
2023-10-17T16:00+02:00,12954.6
2023-10-17T16:15+02:00,11342.7
2023-10-17T16:30+02:00,9606.8
2023-10-17T16:45+02:00,7825
2023-10-17T17:00+02:00,6102.4
2023-10-17T17:15+02:00,4400.2
2023-10-17T17:30+02:00,2841.4
2023-10-17T17:45+02:00,1549.1
2023-10-17T18:00+02:00,665.6
2023-10-17T18:15+02:00,212.8
2023-10-17T18:30+02:00,75.3
2023-10-17T18:45+02:00,18.6
2023-10-17T19:00+02:00,0
2023-10-17T19:15+02:00,0
2023-10-17T19:30+02:00,0
2023-10-17T19:45+02:00,0
2023-10-17T20:00+02:00,0
2023-10-17T20:15+02:00,0
2023-10-17T20:30+02:00,0
2023-10-17T20:45+02:00,0
2023-10-17T21:00+02:00,0
2023-10-17T21:15+02:00,0
2023-10-17T21:30+02:00,0
2023-10-17T21:45+02:00,0
2023-10-17T22:00+02:00,0
2023-10-17T22:15+02:00,0
2023-10-17T22:30+02:00,0
2023-10-17T22:45+02:00,0
2023-10-17T23:00+02:00,0
2023-10-17T23:15+02:00,0
2023-10-17T23:30+02:00,0
2023-10-17T23:45+02:00,0
2023-10-18T00:00+02:00,0
2023-10-18T00:15+02:00,0
2023-10-18T00:30+02:00,0
2023-10-18T00:45+02:00,0
2023-10-18T01:00+02:00,0
2023-10-18T01:15+02:00,0
2023-10-18T01:30+02:00,0
2023-10-18T01:45+02:00,0
2023-10-18T02:00+02:00,0
2023-10-18T02:15+02:00,0
2023-10-18T02:30+02:00,0
2023-10-18T02:45+02:00,0
2023-10-18T03:00+02:00,0
2023-10-18T03:15+02:00,0
2023-10-18T03:30+02:00,0
2023-10-18T03:45+02:00,0
2023-10-18T04:00+02:00,0
2023-10-18T04:15+02:00,0
2023-10-18T04:30+02:00,0
2023-10-18T04:45+02:00,0
2023-10-18T05:00+02:00,0
2023-10-18T05:15+02:00,0
2023-10-18T05:30+02:00,0
2023-10-18T05:45+02:00,0
2023-10-18T06:00+02:00,0
2023-10-18T06:15+02:00,0
2023-10-18T06:30+02:00,0
2023-10-18T06:45+02:00,0
2023-10-18T07:00+02:00,8.8
2023-10-18T07:15+02:00,19.1
2023-10-18T07:30+02:00,94.2
2023-10-18T07:45+02:00,361.2
2023-10-18T08:00+02:00,1056
2023-10-18T08:15+02:00,2199.5
2023-10-18T08:30+02:00,3660.4
2023-10-18T08:45+02:00,5296.2
2023-10-18T09:00+02:00,6949.6
2023-10-18T09:15+02:00,8680.7
2023-10-18T09:30+02:00,10428
2023-10-18T09:45+02:00,12159.4
2023-10-18T10:00+02:00,13871.3
2023-10-18T10:15+02:00,15578.9
2023-10-18T10:30+02:00,17204.2
2023-10-18T10:45+02:00,18669.7
2023-10-18T11:00+02:00,19908.1
2023-10-18T11:15+02:00,20955.1
2023-10-18T11:30+02:00,21786.9
2023-10-18T11:45+02:00,22433.1
2023-10-18T12:00+02:00,22854.1
2023-10-18T12:15+02:00,23091.7
2023-10-18T12:30+02:00,23162.1
2023-10-18T12:45+02:00,23059.4
2023-10-18T13:00+02:00,22839.6
2023-10-18T13:15+02:00,22460.7
2023-10-18T13:30+02:00,21930.2
2023-10-18T13:45+02:00,21265.5
2023-10-18T14:00+02:00,20513.7
2023-10-18T14:15+02:00,19666.3
2023-10-18T14:30+02:00,18707.3
2023-10-18T14:45+02:00,17561.6
2023-10-18T15:00+02:00,16254.4
2023-10-18T15:15+02:00,14751.8
2023-10-18T15:30+02:00,13128.3
2023-10-18T15:45+02:00,11474.1
2023-10-18T16:00+02:00,9905.5
2023-10-18T16:15+02:00,8373.5
2023-10-18T16:30+02:00,6896
2023-10-18T16:45+02:00,5484.3
2023-10-18T17:00+02:00,4139
2023-10-18T17:15+02:00,2922.3
2023-10-18T17:30+02:00,1846.4
2023-10-18T17:45+02:00,986.8
2023-10-18T18:00+02:00,430.8
2023-10-18T18:15+02:00,147.3
2023-10-18T18:30+02:00,55.7
2023-10-18T18:45+02:00,15.1
2023-10-18T19:00+02:00,0
2023-10-18T19:15+02:00,0
2023-10-18T19:30+02:00,0
2023-10-18T19:45+02:00,0
2023-10-18T20:00+02:00,0
2023-10-18T20:15+02:00,0
2023-10-18T20:30+02:00,0
2023-10-18T20:45+02:00,0
2023-10-18T21:00+02:00,0
2023-10-18T21:15+02:00,0
2023-10-18T21:30+02:00,0
2023-10-18T21:45+02:00,0
2023-10-18T22:00+02:00,0
2023-10-18T22:15+02:00,0
2023-10-18T22:30+02:00,0
2023-10-18T22:45+02:00,0
2023-10-18T23:00+02:00,0
2023-10-18T23:15+02:00,0
2023-10-18T23:30+02:00,0
2023-10-18T23:45+02:00,0
2023-10-19T00:00+02:00,0
2023-10-19T00:15+02:00,0
2023-10-19T00:30+02:00,0
2023-10-19T00:45+02:00,0
2023-10-19T01:00+02:00,0
2023-10-19T01:15+02:00,0
2023-10-19T01:30+02:00,0
2023-10-19T01:45+02:00,0
2023-10-19T02:00+02:00,0
2023-10-19T02:15+02:00,0
2023-10-19T02:30+02:00,0
2023-10-19T02:45+02:00,0
2023-10-19T03:00+02:00,0
2023-10-19T03:15+02:00,0
2023-10-19T03:30+02:00,0
2023-10-19T03:45+02:00,0
2023-10-19T04:00+02:00,0
2023-10-19T04:15+02:00,0
2023-10-19T04:30+02:00,0
2023-10-19T04:45+02:00,0
2023-10-19T05:00+02:00,0
2023-10-19T05:15+02:00,0
2023-10-19T05:30+02:00,0
2023-10-19T05:45+02:00,0
2023-10-19T06:00+02:00,0
2023-10-19T06:15+02:00,0
2023-10-19T06:30+02:00,0
2023-10-19T06:45+02:00,0
2023-10-19T07:00+02:00,3.5
2023-10-19T07:15+02:00,8.1
2023-10-19T07:30+02:00,21.8
2023-10-19T07:45+02:00,93
2023-10-19T08:00+02:00,272.1
2023-10-19T08:15+02:00,574.9
2023-10-19T08:30+02:00,965.4
2023-10-19T08:45+02:00,1430.1
2023-10-19T09:00+02:00,2005.1
2023-10-19T09:15+02:00,2638.1
2023-10-19T09:30+02:00,3293.7
2023-10-19T09:45+02:00,3976
2023-10-19T10:00+02:00,4691.7
2023-10-19T10:15+02:00,5422.2
2023-10-19T10:30+02:00,6113.3
2023-10-19T10:45+02:00,6726.6
2023-10-19T11:00+02:00,7324.4
2023-10-19T11:15+02:00,7884.2
2023-10-19T11:30+02:00,8347.6
2023-10-19T11:45+02:00,8702.6
2023-10-19T12:00+02:00,8992.4
2023-10-19T12:15+02:00,9281.5
2023-10-19T12:30+02:00,9446.5
2023-10-19T12:45+02:00,9482.7
2023-10-19T13:00+02:00,9458.4
2023-10-19T13:15+02:00,9392.9
2023-10-19T13:30+02:00,9194
2023-10-19T13:45+02:00,8878.6
2023-10-19T14:00+02:00,8532
2023-10-19T14:15+02:00,8190.5
2023-10-19T14:30+02:00,7749
2023-10-19T14:45+02:00,7206.3
2023-10-19T15:00+02:00,6631.5
2023-10-19T15:15+02:00,6054.2
2023-10-19T15:30+02:00,5423.7
2023-10-19T15:45+02:00,4761
2023-10-19T16:00+02:00,4118.2
2023-10-19T16:15+02:00,3473.8
2023-10-19T16:30+02:00,2836.6
2023-10-19T16:45+02:00,2234.7
2023-10-19T17:00+02:00,1687.7
2023-10-19T17:15+02:00,1204.6
2023-10-19T17:30+02:00,794.3
2023-10-19T17:45+02:00,467.1
2023-10-19T18:00+02:00,227.2
2023-10-19T18:15+02:00,94.9
2023-10-19T18:30+02:00,48.9
2023-10-19T18:45+02:00,7.9
2023-10-19T19:00+02:00,0
2023-10-19T19:15+02:00,0
2023-10-19T19:30+02:00,0
2023-10-19T19:45+02:00,0
2023-10-19T20:00+02:00,0
2023-10-19T20:15+02:00,0
2023-10-19T20:30+02:00,0
2023-10-19T20:45+02:00,0
2023-10-19T21:00+02:00,0
2023-10-19T21:15+02:00,0
2023-10-19T21:30+02:00,0
2023-10-19T21:45+02:00,0
2023-10-19T22:00+02:00,0
2023-10-19T22:15+02:00,0
2023-10-19T22:30+02:00,0
2023-10-19T22:45+02:00,0
2023-10-19T23:00+02:00,0
2023-10-19T23:15+02:00,0
2023-10-19T23:30+02:00,0
2023-10-19T23:45+02:00,0
2023-10-20T00:00+02:00,0
2023-10-20T00:15+02:00,0
2023-10-20T00:30+02:00,0
2023-10-20T00:45+02:00,0
2023-10-20T01:00+02:00,0
2023-10-20T01:15+02:00,0
2023-10-20T01:30+02:00,0
2023-10-20T01:45+02:00,0
2023-10-20T02:00+02:00,0
2023-10-20T02:15+02:00,0
2023-10-20T02:30+02:00,0
2023-10-20T02:45+02:00,0
2023-10-20T03:00+02:00,0
2023-10-20T03:15+02:00,0
2023-10-20T03:30+02:00,0
2023-10-20T03:45+02:00,0
2023-10-20T04:00+02:00,0
2023-10-20T04:15+02:00,0
2023-10-20T04:30+02:00,0
2023-10-20T04:45+02:00,0
2023-10-20T05:00+02:00,0
2023-10-20T05:15+02:00,0
2023-10-20T05:30+02:00,0
2023-10-20T05:45+02:00,0
2023-10-20T06:00+02:00,0
2023-10-20T06:15+02:00,0
2023-10-20T06:30+02:00,0
2023-10-20T06:45+02:00,0
2023-10-20T07:00+02:00,3.1
2023-10-20T07:15+02:00,8.7
2023-10-20T07:30+02:00,20.3
2023-10-20T07:45+02:00,74.4
2023-10-20T08:00+02:00,194.8
2023-10-20T08:15+02:00,374.6
2023-10-20T08:30+02:00,587.2
2023-10-20T08:45+02:00,833.4
2023-10-20T09:00+02:00,1116.7
2023-10-20T09:15+02:00,1433.6
2023-10-20T09:30+02:00,1762.3
2023-10-20T09:45+02:00,2088.8
2023-10-20T10:00+02:00,2400.5
2023-10-20T10:15+02:00,2718.4
2023-10-20T10:30+02:00,3030.2
2023-10-20T10:45+02:00,3329.1
2023-10-20T11:00+02:00,3609.4
2023-10-20T11:15+02:00,3888.2
2023-10-20T11:30+02:00,4152.9
2023-10-20T11:45+02:00,4388
2023-10-20T12:00+02:00,4604.2
2023-10-20T12:15+02:00,4797.4
2023-10-20T12:30+02:00,4942
2023-10-20T12:45+02:00,5033.2
2023-10-20T13:00+02:00,5089.9
2023-10-20T13:15+02:00,5134.3
2023-10-20T13:30+02:00,5091.6
2023-10-20T13:45+02:00,4998.5
2023-10-20T14:00+02:00,4892.6
2023-10-20T14:15+02:00,4749.9
2023-10-20T14:30+02:00,4543.6
2023-10-20T14:45+02:00,4302.6
2023-10-20T15:00+02:00,4032.6
2023-10-20T15:15+02:00,3783.7
2023-10-20T15:30+02:00,3467.6
2023-10-20T15:45+02:00,3096.3
2023-10-20T16:00+02:00,2718.6
2023-10-20T16:15+02:00,2332.6
2023-10-20T16:30+02:00,1922.7
2023-10-20T16:45+02:00,1516
2023-10-20T17:00+02:00,1151.1
2023-10-20T17:15+02:00,833.1
2023-10-20T17:30+02:00,570.5
2023-10-20T17:45+02:00,354
2023-10-20T18:00+02:00,180.2
2023-10-20T18:15+02:00,83.9
2023-10-20T18:30+02:00,24.1
2023-10-20T18:45+02:00,7.2
2023-10-20T19:00+02:00,0
2023-10-20T19:15+02:00,0
2023-10-20T19:30+02:00,0
2023-10-20T19:45+02:00,0
2023-10-20T20:00+02:00,0
2023-10-20T20:15+02:00,0
2023-10-20T20:30+02:00,0
2023-10-20T20:45+02:00,0
2023-10-20T21:00+02:00,0
2023-10-20T21:15+02:00,0
2023-10-20T21:30+02:00,0
2023-10-20T21:45+02:00,0
2023-10-20T22:00+02:00,0
2023-10-20T22:15+02:00,0
2023-10-20T22:30+02:00,0
2023-10-20T22:45+02:00,0
2023-10-20T23:00+02:00,0
2023-10-20T23:15+02:00,0
2023-10-20T23:30+02:00,0
2023-10-20T23:45+02:00,0
2023-10-21T00:00+02:00,0
2023-10-21T00:15+02:00,0
2023-10-21T00:30+02:00,0
2023-10-21T00:45+02:00,0
2023-10-21T01:00+02:00,0
2023-10-21T01:15+02:00,0
2023-10-21T01:30+02:00,0
2023-10-21T01:45+02:00,0
2023-10-21T02:00+02:00,0
2023-10-21T02:15+02:00,0
2023-10-21T02:30+02:00,0
2023-10-21T02:45+02:00,0
2023-10-21T03:00+02:00,0
2023-10-21T03:15+02:00,0
2023-10-21T03:30+02:00,0
2023-10-21T03:45+02:00,0
2023-10-21T04:00+02:00,0
2023-10-21T04:15+02:00,0
2023-10-21T04:30+02:00,0
2023-10-21T04:45+02:00,0
2023-10-21T05:00+02:00,0
2023-10-21T05:15+02:00,0
2023-10-21T05:30+02:00,0
2023-10-21T05:45+02:00,0
2023-10-21T06:00+02:00,0
2023-10-21T06:15+02:00,0
2023-10-21T06:30+02:00,0
2023-10-21T06:45+02:00,0
2023-10-21T07:00+02:00,3.5
2023-10-21T07:15+02:00,6.2
2023-10-21T07:30+02:00,19.9
2023-10-21T07:45+02:00,139.2
2023-10-21T08:00+02:00,517
2023-10-21T08:15+02:00,1230.6
2023-10-21T08:30+02:00,2180.6
2023-10-21T08:45+02:00,3246.4
2023-10-21T09:00+02:00,4392.5
2023-10-21T09:15+02:00,5650.2
2023-10-21T09:30+02:00,6937.7
2023-10-21T09:45+02:00,8194.9
2023-10-21T10:00+02:00,9433.9
2023-10-21T10:15+02:00,10698.2
2023-10-21T10:30+02:00,11867.6
2023-10-21T10:45+02:00,12891.6
2023-10-21T11:00+02:00,13793.4
2023-10-21T11:15+02:00,14689.6
2023-10-21T11:30+02:00,15419.3
2023-10-21T11:45+02:00,16219.4
2023-10-21T12:00+02:00,16846.8
2023-10-21T12:15+02:00,17406.8
2023-10-21T12:30+02:00,17780.6
2023-10-21T12:45+02:00,17946
2023-10-21T13:00+02:00,17973.9
2023-10-21T13:15+02:00,17887.1
2023-10-21T13:30+02:00,17671.6
2023-10-21T13:45+02:00,17376.5
2023-10-21T14:00+02:00,17029.9
2023-10-21T14:15+02:00,16565.8
2023-10-21T14:30+02:00,15989.5
2023-10-21T14:45+02:00,15253.8
2023-10-21T15:00+02:00,14349.5
2023-10-21T15:15+02:00,13293.6
2023-10-21T15:30+02:00,12122.2
2023-10-21T15:45+02:00,10888.3
2023-10-21T16:00+02:00,9608.7
2023-10-21T16:15+02:00,8261.6
2023-10-21T16:30+02:00,6852.3
2023-10-21T16:45+02:00,5434
2023-10-21T17:00+02:00,4076.9
2023-10-21T17:15+02:00,2823.4
2023-10-21T17:30+02:00,1681.4
2023-10-21T17:45+02:00,796.5
2023-10-21T18:00+02:00,248.2
2023-10-21T18:15+02:00,33.4
2023-10-21T18:30+02:00,0
2023-10-21T18:45+02:00,0
2023-10-21T19:00+02:00,0
2023-10-21T19:15+02:00,0
2023-10-21T19:30+02:00,0
2023-10-21T19:45+02:00,0
2023-10-21T20:00+02:00,0
2023-10-21T20:15+02:00,0
2023-10-21T20:30+02:00,0
2023-10-21T20:45+02:00,0
2023-10-21T21:00+02:00,0
2023-10-21T21:15+02:00,0
2023-10-21T21:30+02:00,0
2023-10-21T21:45+02:00,0
2023-10-21T22:00+02:00,0
2023-10-21T22:15+02:00,0
2023-10-21T22:30+02:00,0
2023-10-21T22:45+02:00,0
2023-10-21T23:00+02:00,0
2023-10-21T23:15+02:00,0
2023-10-21T23:30+02:00,0
2023-10-21T23:45+02:00,0
2023-10-22T00:00+02:00,0
2023-10-22T00:15+02:00,0
2023-10-22T00:30+02:00,0
2023-10-22T00:45+02:00,0
2023-10-22T01:00+02:00,0
2023-10-22T01:15+02:00,0
2023-10-22T01:30+02:00,0
2023-10-22T01:45+02:00,0
2023-10-22T02:00+02:00,0
2023-10-22T02:15+02:00,0
2023-10-22T02:30+02:00,0
2023-10-22T02:45+02:00,0
2023-10-22T03:00+02:00,0
2023-10-22T03:15+02:00,0
2023-10-22T03:30+02:00,0
2023-10-22T03:45+02:00,0
2023-10-22T04:00+02:00,0
2023-10-22T04:15+02:00,0
2023-10-22T04:30+02:00,0
2023-10-22T04:45+02:00,0
2023-10-22T05:00+02:00,0
2023-10-22T05:15+02:00,0
2023-10-22T05:30+02:00,0
2023-10-22T05:45+02:00,0
2023-10-22T06:00+02:00,0
2023-10-22T06:15+02:00,0
2023-10-22T06:30+02:00,0
2023-10-22T06:45+02:00,0
2023-10-22T07:00+02:00,0
2023-10-22T07:15+02:00,0
2023-10-22T07:30+02:00,2.5
2023-10-22T07:45+02:00,82
2023-10-22T08:00+02:00,475.9
2023-10-22T08:15+02:00,1287.4
2023-10-22T08:30+02:00,2376.2
2023-10-22T08:45+02:00,3610.1
2023-10-22T09:00+02:00,4962
2023-10-22T09:15+02:00,6422.1
2023-10-22T09:30+02:00,7917.8
2023-10-22T09:45+02:00,9390.2
2023-10-22T10:00+02:00,10866.2
2023-10-22T10:15+02:00,12368
2023-10-22T10:30+02:00,13799.6
2023-10-22T10:45+02:00,15069.3
2023-10-22T11:00+02:00,16147.2
2023-10-22T11:15+02:00,17035.1
2023-10-22T11:30+02:00,17768.2
2023-10-22T11:45+02:00,18308.2
2023-10-22T12:00+02:00,18701.1
2023-10-22T12:15+02:00,18953.8
2023-10-22T12:30+02:00,19070.7
2023-10-22T12:45+02:00,19042.2
2023-10-22T13:00+02:00,18901.8
2023-10-22T13:15+02:00,18634
2023-10-22T13:30+02:00,18259.4
2023-10-22T13:45+02:00,17787.7
2023-10-22T14:00+02:00,17226.1
2023-10-22T14:15+02:00,16597.4
2023-10-22T14:30+02:00,15883.2
2023-10-22T14:45+02:00,15047.4
2023-10-22T15:00+02:00,14120
2023-10-22T15:15+02:00,13042.7
2023-10-22T15:30+02:00,11852.1
2023-10-22T15:45+02:00,10614.2
2023-10-22T16:00+02:00,9339.4
2023-10-22T16:15+02:00,7982.8
2023-10-22T16:30+02:00,6560.6
2023-10-22T16:45+02:00,5129.2
2023-10-22T17:00+02:00,3799.3
2023-10-22T17:15+02:00,2599.1
2023-10-22T17:30+02:00,1524.9
2023-10-22T17:45+02:00,697.4
2023-10-22T18:00+02:00,215
2023-10-22T18:15+02:00,32.9
2023-10-22T18:30+02:00,0
2023-10-22T18:45+02:00,0
2023-10-22T19:00+02:00,0
2023-10-22T19:15+02:00,0
2023-10-22T19:30+02:00,0
2023-10-22T19:45+02:00,0
2023-10-22T20:00+02:00,0
2023-10-22T20:15+02:00,0
2023-10-22T20:30+02:00,0
2023-10-22T20:45+02:00,0
2023-10-22T21:00+02:00,0
2023-10-22T21:15+02:00,0
2023-10-22T21:30+02:00,0
2023-10-22T21:45+02:00,0
2023-10-22T22:00+02:00,0
2023-10-22T22:15+02:00,0
2023-10-22T22:30+02:00,0
2023-10-22T22:45+02:00,0
2023-10-22T23:00+02:00,0
2023-10-22T23:15+02:00,0
2023-10-22T23:30+02:00,0
2023-10-22T23:45+02:00,0
2023-10-23T00:00+02:00,0
2023-10-23T00:15+02:00,0
2023-10-23T00:30+02:00,0
2023-10-23T00:45+02:00,0
2023-10-23T01:00+02:00,0
2023-10-23T01:15+02:00,0
2023-10-23T01:30+02:00,0
2023-10-23T01:45+02:00,0
2023-10-23T02:00+02:00,0
2023-10-23T02:15+02:00,0
2023-10-23T02:30+02:00,0
2023-10-23T02:45+02:00,0
2023-10-23T03:00+02:00,0
2023-10-23T03:15+02:00,0
2023-10-23T03:30+02:00,0
2023-10-23T03:45+02:00,0
2023-10-23T04:00+02:00,0
2023-10-23T04:15+02:00,0
2023-10-23T04:30+02:00,0
2023-10-23T04:45+02:00,0
2023-10-23T05:00+02:00,0
2023-10-23T05:15+02:00,0
2023-10-23T05:30+02:00,0
2023-10-23T05:45+02:00,0
2023-10-23T06:00+02:00,0
2023-10-23T06:15+02:00,0
2023-10-23T06:30+02:00,0
2023-10-23T06:45+02:00,0
2023-10-23T07:00+02:00,0
2023-10-23T07:15+02:00,0
2023-10-23T07:30+02:00,2.1
2023-10-23T07:45+02:00,118.8
2023-10-23T08:00+02:00,607.8
2023-10-23T08:15+02:00,1548.9
2023-10-23T08:30+02:00,2840
2023-10-23T08:45+02:00,4318.4
2023-10-23T09:00+02:00,5869.5
2023-10-23T09:15+02:00,7514.3
2023-10-23T09:30+02:00,9213.4
2023-10-23T09:45+02:00,10936.3
2023-10-23T10:00+02:00,12634.6
2023-10-23T10:15+02:00,14294.6
2023-10-23T10:30+02:00,15835.7
2023-10-23T10:45+02:00,17182.8
2023-10-23T11:00+02:00,18243.4
2023-10-23T11:15+02:00,19100.5
2023-10-23T11:30+02:00,19723
2023-10-23T11:45+02:00,20113.4
2023-10-23T12:00+02:00,20282.5
2023-10-23T12:15+02:00,20253.2
2023-10-23T12:30+02:00,20039.4
2023-10-23T12:45+02:00,19672
2023-10-23T13:00+02:00,19126.4
2023-10-23T13:15+02:00,18422.8
2023-10-23T13:30+02:00,17571.4
2023-10-23T13:45+02:00,16600.2
2023-10-23T14:00+02:00,15595
2023-10-23T14:15+02:00,14546.4
2023-10-23T14:30+02:00,13429.9
2023-10-23T14:45+02:00,12288.5
2023-10-23T15:00+02:00,11146.9
2023-10-23T15:15+02:00,9988.3
2023-10-23T15:30+02:00,8790.2
2023-10-23T15:45+02:00,7586
2023-10-23T16:00+02:00,6446.3
2023-10-23T16:15+02:00,5363.7
2023-10-23T16:30+02:00,4303
2023-10-23T16:45+02:00,3291.7
2023-10-23T17:00+02:00,2368.7
2023-10-23T17:15+02:00,1569.7
2023-10-23T17:30+02:00,893
2023-10-23T17:45+02:00,400.2
2023-10-23T18:00+02:00,123.7
2023-10-23T18:15+02:00,35.5
2023-10-23T18:30+02:00,11
2023-10-23T18:45+02:00,3
2023-10-23T19:00+02:00,0
2023-10-23T19:15+02:00,0
2023-10-23T19:30+02:00,0
2023-10-23T19:45+02:00,0
2023-10-23T20:00+02:00,0
2023-10-23T20:15+02:00,0
2023-10-23T20:30+02:00,0
2023-10-23T20:45+02:00,0
2023-10-23T21:00+02:00,0
2023-10-23T21:15+02:00,0
2023-10-23T21:30+02:00,0
2023-10-23T21:45+02:00,0
2023-10-23T22:00+02:00,0
2023-10-23T22:15+02:00,0
2023-10-23T22:30+02:00,0
2023-10-23T22:45+02:00,0
2023-10-23T23:00+02:00,0
2023-10-23T23:15+02:00,0
2023-10-23T23:30+02:00,0
2023-10-23T23:45+02:00,0
2023-10-24T00:00+02:00,0
2023-10-24T00:15+02:00,0
2023-10-24T00:30+02:00,0
2023-10-24T00:45+02:00,0
2023-10-24T01:00+02:00,0
2023-10-24T01:15+02:00,0
2023-10-24T01:30+02:00,0
2023-10-24T01:45+02:00,0
2023-10-24T02:00+02:00,0
2023-10-24T02:15+02:00,0
2023-10-24T02:30+02:00,0
2023-10-24T02:45+02:00,0
2023-10-24T03:00+02:00,0
2023-10-24T03:15+02:00,0
2023-10-24T03:30+02:00,0
2023-10-24T03:45+02:00,0
2023-10-24T04:00+02:00,0
2023-10-24T04:15+02:00,0
2023-10-24T04:30+02:00,0
2023-10-24T04:45+02:00,0
2023-10-24T05:00+02:00,0
2023-10-24T05:15+02:00,0
2023-10-24T05:30+02:00,0
2023-10-24T05:45+02:00,0
2023-10-24T06:00+02:00,0
2023-10-24T06:15+02:00,0
2023-10-24T06:30+02:00,0
2023-10-24T06:45+02:00,0
2023-10-24T07:00+02:00,3.3
2023-10-24T07:15+02:00,7.7
2023-10-24T07:30+02:00,20
2023-10-24T07:45+02:00,68.5
2023-10-24T08:00+02:00,180.7
2023-10-24T08:15+02:00,388.9
2023-10-24T08:30+02:00,692.4
2023-10-24T08:45+02:00,1081.3
2023-10-24T09:00+02:00,1559
2023-10-24T09:15+02:00,2121.6
2023-10-24T09:30+02:00,2703.5
2023-10-24T09:45+02:00,3263.7
2023-10-24T10:00+02:00,3819.2
2023-10-24T10:15+02:00,4376.1
2023-10-24T10:30+02:00,4886.4
2023-10-24T10:45+02:00,5324.3
2023-10-24T11:00+02:00,5646.6
2023-10-24T11:15+02:00,5983.5
2023-10-24T11:30+02:00,6231.7
2023-10-24T11:45+02:00,6390.4
2023-10-24T12:00+02:00,6458.1
2023-10-24T12:15+02:00,6514.4
2023-10-24T12:30+02:00,6517
2023-10-24T12:45+02:00,6441.7
2023-10-24T13:00+02:00,6318.3
2023-10-24T13:15+02:00,6123.6
2023-10-24T13:30+02:00,5893.2
2023-10-24T13:45+02:00,5670.4
2023-10-24T14:00+02:00,5370
2023-10-24T14:15+02:00,5165.8
2023-10-24T14:30+02:00,4955.1
2023-10-24T14:45+02:00,4741.7
2023-10-24T15:00+02:00,4540
2023-10-24T15:15+02:00,4306.6
2023-10-24T15:30+02:00,4017.8
2023-10-24T15:45+02:00,3670.3
2023-10-24T16:00+02:00,3313.1
2023-10-24T16:15+02:00,2917.1
2023-10-24T16:30+02:00,2453.2
2023-10-24T16:45+02:00,1946.3
2023-10-24T17:00+02:00,1467.4
2023-10-24T17:15+02:00,1028.2
2023-10-24T17:30+02:00,637.5
2023-10-24T17:45+02:00,312.6
2023-10-24T18:00+02:00,99.6
2023-10-24T18:15+02:00,23.2
2023-10-24T18:30+02:00,4
2023-10-24T18:45+02:00,2
2023-10-24T19:00+02:00,0
2023-10-24T19:15+02:00,0
2023-10-24T19:30+02:00,0
2023-10-24T19:45+02:00,0
2023-10-24T20:00+02:00,0
2023-10-24T20:15+02:00,0
2023-10-24T20:30+02:00,0
2023-10-24T20:45+02:00,0
2023-10-24T21:00+02:00,0
2023-10-24T21:15+02:00,0
2023-10-24T21:30+02:00,0
2023-10-24T21:45+02:00,0
2023-10-24T22:00+02:00,0
2023-10-24T22:15+02:00,0
2023-10-24T22:30+02:00,0
2023-10-24T22:45+02:00,0
2023-10-24T23:00+02:00,0
2023-10-24T23:15+02:00,0
2023-10-24T23:30+02:00,0
2023-10-24T23:45+02:00,0
2023-10-25T00:00+02:00,0
2023-10-25T00:15+02:00,0
2023-10-25T00:30+02:00,0
2023-10-25T00:45+02:00,0
2023-10-25T01:00+02:00,0
2023-10-25T01:15+02:00,0
2023-10-25T01:30+02:00,0
2023-10-25T01:45+02:00,0
2023-10-25T02:00+02:00,0
2023-10-25T02:15+02:00,0
2023-10-25T02:30+02:00,0
2023-10-25T02:45+02:00,0
2023-10-25T03:00+02:00,0
2023-10-25T03:15+02:00,0
2023-10-25T03:30+02:00,0
2023-10-25T03:45+02:00,0
2023-10-25T04:00+02:00,0
2023-10-25T04:15+02:00,0
2023-10-25T04:30+02:00,0
2023-10-25T04:45+02:00,0
2023-10-25T05:00+02:00,0
2023-10-25T05:15+02:00,0
2023-10-25T05:30+02:00,0
2023-10-25T05:45+02:00,0
2023-10-25T06:00+02:00,0
2023-10-25T06:15+02:00,0
2023-10-25T06:30+02:00,0
2023-10-25T06:45+02:00,0
2023-10-25T07:00+02:00,2.5
2023-10-25T07:15+02:00,4.2
2023-10-25T07:30+02:00,14.3
2023-10-25T07:45+02:00,95.6
2023-10-25T08:00+02:00,361
2023-10-25T08:15+02:00,895.7
2023-10-25T08:30+02:00,1646
2023-10-25T08:45+02:00,2573.3
2023-10-25T09:00+02:00,3621.2
2023-10-25T09:15+02:00,4740.7
2023-10-25T09:30+02:00,5947.8
2023-10-25T09:45+02:00,7160.4
2023-10-25T10:00+02:00,8377.7
2023-10-25T10:15+02:00,9627.6
2023-10-25T10:30+02:00,10825.9
2023-10-25T10:45+02:00,11915.8
2023-10-25T11:00+02:00,12811.4
2023-10-25T11:15+02:00,13577.3
2023-10-25T11:30+02:00,14196.3
2023-10-25T11:45+02:00,14667.3
2023-10-25T12:00+02:00,14965.3
2023-10-25T12:15+02:00,15086.8
2023-10-25T12:30+02:00,15051.4
2023-10-25T12:45+02:00,14867.2
2023-10-25T13:00+02:00,14602.5
2023-10-25T13:15+02:00,14179.7
2023-10-25T13:30+02:00,13619.2
2023-10-25T13:45+02:00,12936.7
2023-10-25T14:00+02:00,12084.8
2023-10-25T14:15+02:00,11204.9
2023-10-25T14:30+02:00,10251.2
2023-10-25T14:45+02:00,9274.5
2023-10-25T15:00+02:00,8308.4
2023-10-25T15:15+02:00,7338.9
2023-10-25T15:30+02:00,6380.6
2023-10-25T15:45+02:00,5445.2
2023-10-25T16:00+02:00,4535.5
2023-10-25T16:15+02:00,3675.4
2023-10-25T16:30+02:00,2863.2
2023-10-25T16:45+02:00,2128.3
2023-10-25T17:00+02:00,1474.6
2023-10-25T17:15+02:00,944.4
2023-10-25T17:30+02:00,531.7
2023-10-25T17:45+02:00,247.9
2023-10-25T18:00+02:00,91.4
2023-10-25T18:15+02:00,42.4
2023-10-25T18:30+02:00,13.3
2023-10-25T18:45+02:00,4.7
2023-10-25T19:00+02:00,0
2023-10-25T19:15+02:00,0
2023-10-25T19:30+02:00,0
2023-10-25T19:45+02:00,0
2023-10-25T20:00+02:00,0
2023-10-25T20:15+02:00,0
2023-10-25T20:30+02:00,0
2023-10-25T20:45+02:00,0
2023-10-25T21:00+02:00,0
2023-10-25T21:15+02:00,0
2023-10-25T21:30+02:00,0
2023-10-25T21:45+02:00,0
2023-10-25T22:00+02:00,0
2023-10-25T22:15+02:00,0
2023-10-25T22:30+02:00,0
2023-10-25T22:45+02:00,0
2023-10-25T23:00+02:00,0
2023-10-25T23:15+02:00,0
2023-10-25T23:30+02:00,0
2023-10-25T23:45+02:00,0
2023-10-26T00:00+02:00,0
2023-10-26T00:15+02:00,0
2023-10-26T00:30+02:00,0
2023-10-26T00:45+02:00,0
2023-10-26T01:00+02:00,0
2023-10-26T01:15+02:00,0
2023-10-26T01:30+02:00,0
2023-10-26T01:45+02:00,0
2023-10-26T02:00+02:00,0
2023-10-26T02:15+02:00,0
2023-10-26T02:30+02:00,0
2023-10-26T02:45+02:00,0
2023-10-26T03:00+02:00,0
2023-10-26T03:15+02:00,0
2023-10-26T03:30+02:00,0
2023-10-26T03:45+02:00,0
2023-10-26T04:00+02:00,0
2023-10-26T04:15+02:00,0
2023-10-26T04:30+02:00,0
2023-10-26T04:45+02:00,0
2023-10-26T05:00+02:00,0
2023-10-26T05:15+02:00,0
2023-10-26T05:30+02:00,0
2023-10-26T05:45+02:00,0
2023-10-26T06:00+02:00,0
2023-10-26T06:15+02:00,0
2023-10-26T06:30+02:00,0
2023-10-26T06:45+02:00,0
2023-10-26T07:00+02:00,2.9
2023-10-26T07:15+02:00,5.1
2023-10-26T07:30+02:00,15.1
2023-10-26T07:45+02:00,65.6
2023-10-26T08:00+02:00,177.7
2023-10-26T08:15+02:00,394.8
2023-10-26T08:30+02:00,711.9
2023-10-26T08:45+02:00,1116.3
2023-10-26T09:00+02:00,1611.1
2023-10-26T09:15+02:00,2190.6
2023-10-26T09:30+02:00,2776.9
2023-10-26T09:45+02:00,3332
2023-10-26T10:00+02:00,3840.7
2023-10-26T10:15+02:00,4340.6
2023-10-26T10:30+02:00,4787
2023-10-26T10:45+02:00,5166.4
2023-10-26T11:00+02:00,5472.6
2023-10-26T11:15+02:00,5763.9
2023-10-26T11:30+02:00,5992.7
2023-10-26T11:45+02:00,6160.8
2023-10-26T12:00+02:00,6301.5
2023-10-26T12:15+02:00,6432.8
2023-10-26T12:30+02:00,6491.8
2023-10-26T12:45+02:00,6475
2023-10-26T13:00+02:00,6420.9
2023-10-26T13:15+02:00,6336.1
2023-10-26T13:30+02:00,6183.9
2023-10-26T13:45+02:00,5971.4
2023-10-26T14:00+02:00,5735.2
2023-10-26T14:15+02:00,5485.2
2023-10-26T14:30+02:00,5183.5
2023-10-26T14:45+02:00,4832.6
2023-10-26T15:00+02:00,4471.8
2023-10-26T15:15+02:00,4056.4
2023-10-26T15:30+02:00,3578.7
2023-10-26T15:45+02:00,3082.9
2023-10-26T16:00+02:00,2613.9
2023-10-26T16:15+02:00,2153
2023-10-26T16:30+02:00,1697.5
2023-10-26T16:45+02:00,1267
2023-10-26T17:00+02:00,896.6
2023-10-26T17:15+02:00,598.2
2023-10-26T17:30+02:00,363.7
2023-10-26T17:45+02:00,190.4
2023-10-26T18:00+02:00,82.8
2023-10-26T18:15+02:00,46.2
2023-10-26T18:30+02:00,8.7
2023-10-26T18:45+02:00,2.6
2023-10-26T19:00+02:00,0
2023-10-26T19:15+02:00,0
2023-10-26T19:30+02:00,0
2023-10-26T19:45+02:00,0
2023-10-26T20:00+02:00,0
2023-10-26T20:15+02:00,0
2023-10-26T20:30+02:00,0
2023-10-26T20:45+02:00,0
2023-10-26T21:00+02:00,0
2023-10-26T21:15+02:00,0
2023-10-26T21:30+02:00,0
2023-10-26T21:45+02:00,0
2023-10-26T22:00+02:00,0
2023-10-26T22:15+02:00,0
2023-10-26T22:30+02:00,0
2023-10-26T22:45+02:00,0
2023-10-26T23:00+02:00,0
2023-10-26T23:15+02:00,0
2023-10-26T23:30+02:00,0
2023-10-26T23:45+02:00,0
2023-10-27T00:00+02:00,0
2023-10-27T00:15+02:00,0
2023-10-27T00:30+02:00,0
2023-10-27T00:45+02:00,0
2023-10-27T01:00+02:00,0
2023-10-27T01:15+02:00,0
2023-10-27T01:30+02:00,0
2023-10-27T01:45+02:00,0
2023-10-27T02:00+02:00,0
2023-10-27T02:15+02:00,0
2023-10-27T02:30+02:00,0
2023-10-27T02:45+02:00,0
2023-10-27T03:00+02:00,0
2023-10-27T03:15+02:00,0
2023-10-27T03:30+02:00,0
2023-10-27T03:45+02:00,0
2023-10-27T04:00+02:00,0
2023-10-27T04:15+02:00,0
2023-10-27T04:30+02:00,0
2023-10-27T04:45+02:00,0
2023-10-27T05:00+02:00,0
2023-10-27T05:15+02:00,0
2023-10-27T05:30+02:00,0
2023-10-27T05:45+02:00,0
2023-10-27T06:00+02:00,0
2023-10-27T06:15+02:00,0
2023-10-27T06:30+02:00,0
2023-10-27T06:45+02:00,0
2023-10-27T07:00+02:00,0.6
2023-10-27T07:15+02:00,2.3
2023-10-27T07:30+02:00,6.3
2023-10-27T07:45+02:00,38.6
2023-10-27T08:00+02:00,91
2023-10-27T08:15+02:00,205.6
2023-10-27T08:30+02:00,379.4
2023-10-27T08:45+02:00,616.2
2023-10-27T09:00+02:00,927.2
2023-10-27T09:15+02:00,1312.6
2023-10-27T09:30+02:00,1747.5
2023-10-27T09:45+02:00,2228.4
2023-10-27T10:00+02:00,2736.9
2023-10-27T10:15+02:00,3286.5
2023-10-27T10:30+02:00,3860.3
2023-10-27T10:45+02:00,4465.9
2023-10-27T11:00+02:00,5097.5
2023-10-27T11:15+02:00,5782
2023-10-27T11:30+02:00,6445.4
2023-10-27T11:45+02:00,7034.8
2023-10-27T12:00+02:00,7524.5
2023-10-27T12:15+02:00,7944.4
2023-10-27T12:30+02:00,8268.2
2023-10-27T12:45+02:00,8503.5
2023-10-27T13:00+02:00,8719.6
2023-10-27T13:15+02:00,8910.4
2023-10-27T13:30+02:00,8968
2023-10-27T13:45+02:00,8874.4
2023-10-27T14:00+02:00,8718.4
2023-10-27T14:15+02:00,8484.1
2023-10-27T14:30+02:00,8137.7
2023-10-27T14:45+02:00,7687.6
2023-10-27T15:00+02:00,7209.3
2023-10-27T15:15+02:00,6663.7
2023-10-27T15:30+02:00,6024.4
2023-10-27T15:45+02:00,5345.4
2023-10-27T16:00+02:00,4676.9
2023-10-27T16:15+02:00,3985.7
2023-10-27T16:30+02:00,3243.9
2023-10-27T16:45+02:00,2508.6
2023-10-27T17:00+02:00,1832.3
2023-10-27T17:15+02:00,1217.8
2023-10-27T17:30+02:00,686.7
2023-10-27T17:45+02:00,291.3
2023-10-27T18:00+02:00,74.9
2023-10-27T18:15+02:00,16.7
2023-10-27T18:30+02:00,2
2023-10-27T18:45+02:00,1
2023-10-27T19:00+02:00,0
2023-10-27T19:15+02:00,0
2023-10-27T19:30+02:00,0
2023-10-27T19:45+02:00,0
2023-10-27T20:00+02:00,0
2023-10-27T20:15+02:00,0
2023-10-27T20:30+02:00,0
2023-10-27T20:45+02:00,0
2023-10-27T21:00+02:00,0
2023-10-27T21:15+02:00,0
2023-10-27T21:30+02:00,0
2023-10-27T21:45+02:00,0
2023-10-27T22:00+02:00,0
2023-10-27T22:15+02:00,0
2023-10-27T22:30+02:00,0
2023-10-27T22:45+02:00,0
2023-10-27T23:00+02:00,0
2023-10-27T23:15+02:00,0
2023-10-27T23:30+02:00,0
2023-10-27T23:45+02:00,0
2023-10-28T00:00+02:00,0
2023-10-28T00:15+02:00,0
2023-10-28T00:30+02:00,0
2023-10-28T00:45+02:00,0
2023-10-28T01:00+02:00,0
2023-10-28T01:15+02:00,0
2023-10-28T01:30+02:00,0
2023-10-28T01:45+02:00,0
2023-10-28T02:00+02:00,0
2023-10-28T02:15+02:00,0
2023-10-28T02:30+02:00,0
2023-10-28T02:45+02:00,0
2023-10-28T03:00+02:00,0
2023-10-28T03:15+02:00,0
2023-10-28T03:30+02:00,0
2023-10-28T03:45+02:00,0
2023-10-28T04:00+02:00,0
2023-10-28T04:15+02:00,0
2023-10-28T04:30+02:00,0
2023-10-28T04:45+02:00,0
2023-10-28T05:00+02:00,0
2023-10-28T05:15+02:00,0
2023-10-28T05:30+02:00,0
2023-10-28T05:45+02:00,0
2023-10-28T06:00+02:00,0
2023-10-28T06:15+02:00,0
2023-10-28T06:30+02:00,0
2023-10-28T06:45+02:00,0
2023-10-28T07:00+02:00,1
2023-10-28T07:15+02:00,1.3
2023-10-28T07:30+02:00,6.8
2023-10-28T07:45+02:00,60.6
2023-10-28T08:00+02:00,229.8
2023-10-28T08:15+02:00,577.9
2023-10-28T08:30+02:00,1087.4
2023-10-28T08:45+02:00,1742.4
2023-10-28T09:00+02:00,2528.8
2023-10-28T09:15+02:00,3452.5
2023-10-28T09:30+02:00,4458.4
2023-10-28T09:45+02:00,5508
2023-10-28T10:00+02:00,6548.6
2023-10-28T10:15+02:00,7598.9
2023-10-28T10:30+02:00,8626.8
2023-10-28T10:45+02:00,9591.3
2023-10-28T11:00+02:00,10481.9
2023-10-28T11:15+02:00,11351.1
2023-10-28T11:30+02:00,12105.5
2023-10-28T11:45+02:00,12714.4
2023-10-28T12:00+02:00,13193.4
2023-10-28T12:15+02:00,13567.2
2023-10-28T12:30+02:00,13800.3
2023-10-28T12:45+02:00,13843.4
2023-10-28T13:00+02:00,13787.1
2023-10-28T13:15+02:00,13661
2023-10-28T13:30+02:00,13390.9
2023-10-28T13:45+02:00,12977.7
2023-10-28T14:00+02:00,12501.8
2023-10-28T14:15+02:00,11932.1
2023-10-28T14:30+02:00,11239.5
2023-10-28T14:45+02:00,10445.2
2023-10-28T15:00+02:00,9605.8
2023-10-28T15:15+02:00,8718.2
2023-10-28T15:30+02:00,7753
2023-10-28T15:45+02:00,6744.9
2023-10-28T16:00+02:00,5736.7
2023-10-28T16:15+02:00,4708.1
2023-10-28T16:30+02:00,3673.4
2023-10-28T16:45+02:00,2694.9
2023-10-28T17:00+02:00,1855.6
2023-10-28T17:15+02:00,1168.8
2023-10-28T17:30+02:00,621.6
2023-10-28T17:45+02:00,233.2
2023-10-28T18:00+02:00,47.3
2023-10-28T18:15+02:00,8.4
2023-10-28T18:30+02:00,3
2023-10-28T18:45+02:00,1
2023-10-28T19:00+02:00,0
2023-10-28T19:15+02:00,0
2023-10-28T19:30+02:00,0
2023-10-28T19:45+02:00,0
2023-10-28T20:00+02:00,0
2023-10-28T20:15+02:00,0
2023-10-28T20:30+02:00,0
2023-10-28T20:45+02:00,0
2023-10-28T21:00+02:00,0
2023-10-28T21:15+02:00,0
2023-10-28T21:30+02:00,0
2023-10-28T21:45+02:00,0
2023-10-28T22:00+02:00,0
2023-10-28T22:15+02:00,0
2023-10-28T22:30+02:00,0
2023-10-28T22:45+02:00,0
2023-10-28T23:00+02:00,0
2023-10-28T23:15+02:00,0
2023-10-28T23:30+02:00,0
2023-10-28T23:45+02:00,0
2023-10-29T00:00+02:00,0
2023-10-29T00:15+02:00,0
2023-10-29T00:30+02:00,0
2023-10-29T00:45+02:00,0
2023-10-29T01:00+02:00,0
2023-10-29T01:15+02:00,0
2023-10-29T01:30+02:00,0
2023-10-29T01:45+02:00,0
2023-10-29T02:00+02:00,0
2023-10-29T02:15+02:00,0
2023-10-29T02:30+02:00,0
2023-10-29T02:45+02:00,0
2023-10-29T02:00+01:00,0
2023-10-29T02:15+01:00,0
2023-10-29T02:30+01:00,0
2023-10-29T02:45+01:00,0
2023-10-29T03:00+01:00,0
2023-10-29T03:15+01:00,0
2023-10-29T03:30+01:00,0
2023-10-29T03:45+01:00,0
2023-10-29T04:00+01:00,0
2023-10-29T04:15+01:00,0
2023-10-29T04:30+01:00,0
2023-10-29T04:45+01:00,0
2023-10-29T05:00+01:00,0
2023-10-29T05:15+01:00,0
2023-10-29T05:30+01:00,0
2023-10-29T05:45+01:00,0
2023-10-29T06:00+01:00,0.8
2023-10-29T06:15+01:00,1.7
2023-10-29T06:30+01:00,4.4
2023-10-29T06:45+01:00,15.1
2023-10-29T07:00+01:00,148.5
2023-10-29T07:15+01:00,511.7
2023-10-29T07:30+01:00,1055.3
2023-10-29T07:45+01:00,1771.9
2023-10-29T08:00+01:00,2593.8
2023-10-29T08:15+01:00,3533.2
2023-10-29T08:30+01:00,4533.8
2023-10-29T08:45+01:00,5534.6
2023-10-29T09:00+01:00,6508.7
2023-10-29T09:15+01:00,7456.8
2023-10-29T09:30+01:00,8384.2
2023-10-29T09:45+01:00,9279.4
2023-10-29T10:00+01:00,10107.4
2023-10-29T10:15+01:00,10892.1
2023-10-29T10:30+01:00,11603.9
2023-10-29T10:45+01:00,12210.6
2023-10-29T11:00+01:00,12697.6
2023-10-29T11:15+01:00,13077.9
2023-10-29T11:30+01:00,13294.5
2023-10-29T11:45+01:00,13392.1
2023-10-29T12:00+01:00,13427.9
2023-10-29T12:15+01:00,13312.8
2023-10-29T12:30+01:00,13025.9
2023-10-29T12:45+01:00,12615.6
2023-10-29T13:00+01:00,12143.9
2023-10-29T13:15+01:00,11635
2023-10-29T13:30+01:00,11022.9
2023-10-29T13:45+01:00,10311.6
2023-10-29T14:00+01:00,9539.1
2023-10-29T14:15+01:00,8662.1
2023-10-29T14:30+01:00,7694.5
2023-10-29T14:45+01:00,6670.6
2023-10-29T15:00+01:00,5612.5
2023-10-29T15:15+01:00,4549.9
2023-10-29T15:30+01:00,3499.9
2023-10-29T15:45+01:00,2569.6
2023-10-29T16:00+01:00,1755.8
2023-10-29T16:15+01:00,1095.1
2023-10-29T16:30+01:00,557.6
2023-10-29T16:45+01:00,181.8
2023-10-29T17:00+01:00,28.1
2023-10-29T17:15+01:00,4
2023-10-29T17:30+01:00,1
2023-10-29T17:45+01:00,1
2023-10-29T18:00+01:00,0
2023-10-29T18:15+01:00,0
2023-10-29T18:30+01:00,0
2023-10-29T18:45+01:00,0
2023-10-29T19:00+01:00,0
2023-10-29T19:15+01:00,0
2023-10-29T19:30+01:00,0
2023-10-29T19:45+01:00,0
2023-10-29T20:00+01:00,0
2023-10-29T20:15+01:00,0
2023-10-29T20:30+01:00,0
2023-10-29T20:45+01:00,0
2023-10-29T21:00+01:00,0
2023-10-29T21:15+01:00,0
2023-10-29T21:30+01:00,0
2023-10-29T21:45+01:00,0
2023-10-29T22:00+01:00,0
2023-10-29T22:15+01:00,0
2023-10-29T22:30+01:00,0
2023-10-29T22:45+01:00,0
2023-10-29T23:00+01:00,0
2023-10-29T23:15+01:00,0
2023-10-29T23:30+01:00,0
2023-10-29T23:45+01:00,0
2023-10-30T00:00+01:00,0
2023-10-30T00:15+01:00,0
2023-10-30T00:30+01:00,0
2023-10-30T00:45+01:00,0
2023-10-30T01:00+01:00,0
2023-10-30T01:15+01:00,0
2023-10-30T01:30+01:00,0
2023-10-30T01:45+01:00,0
2023-10-30T02:00+01:00,0
2023-10-30T02:15+01:00,0
2023-10-30T02:30+01:00,0
2023-10-30T02:45+01:00,0
2023-10-30T03:00+01:00,0
2023-10-30T03:15+01:00,0
2023-10-30T03:30+01:00,0
2023-10-30T03:45+01:00,0
2023-10-30T04:00+01:00,0
2023-10-30T04:15+01:00,0
2023-10-30T04:30+01:00,0
2023-10-30T04:45+01:00,0
2023-10-30T05:00+01:00,0
2023-10-30T05:15+01:00,0
2023-10-30T05:30+01:00,0
2023-10-30T05:45+01:00,0
2023-10-30T06:00+01:00,0
2023-10-30T06:15+01:00,0
2023-10-30T06:30+01:00,0
2023-10-30T06:45+01:00,0.8
2023-10-30T07:00+01:00,143.6
2023-10-30T07:15+01:00,525.9
2023-10-30T07:30+01:00,1108.9
2023-10-30T07:45+01:00,1867.5
2023-10-30T08:00+01:00,2764
2023-10-30T08:15+01:00,3790.2
2023-10-30T08:30+01:00,4896.1
2023-10-30T08:45+01:00,6020.4
2023-10-30T09:00+01:00,7129.9
2023-10-30T09:15+01:00,8268.1
2023-10-30T09:30+01:00,9410.6
2023-10-30T09:45+01:00,10496
2023-10-30T10:00+01:00,11469.2
2023-10-30T10:15+01:00,12307
2023-10-30T10:30+01:00,12998.2
2023-10-30T10:45+01:00,13530.2
2023-10-30T11:00+01:00,13946.1
2023-10-30T11:15+01:00,14211
2023-10-30T11:30+01:00,14308.4
2023-10-30T11:45+01:00,14218.6
2023-10-30T12:00+01:00,14011.1
2023-10-30T12:15+01:00,13632.6
2023-10-30T12:30+01:00,13102.3
2023-10-30T12:45+01:00,12445.4
2023-10-30T13:00+01:00,11737.5
2023-10-30T13:15+01:00,10903.5
2023-10-30T13:30+01:00,9943.6
2023-10-30T13:45+01:00,8938.7
2023-10-30T14:00+01:00,7967.4
2023-10-30T14:15+01:00,7015.1
2023-10-30T14:30+01:00,6068.5
2023-10-30T14:45+01:00,5123
2023-10-30T15:00+01:00,4226.2
2023-10-30T15:15+01:00,3346.9
2023-10-30T15:30+01:00,2519
2023-10-30T15:45+01:00,1786.1
2023-10-30T16:00+01:00,1175.8
2023-10-30T16:15+01:00,702
2023-10-30T16:30+01:00,359.1
2023-10-30T16:45+01:00,127.7
2023-10-30T17:00+01:00,29.5
2023-10-30T17:15+01:00,7
2023-10-30T17:30+01:00,3
2023-10-30T17:45+01:00,1
2023-10-30T18:00+01:00,0
2023-10-30T18:15+01:00,0
2023-10-30T18:30+01:00,0
2023-10-30T18:45+01:00,0
2023-10-30T19:00+01:00,0
2023-10-30T19:15+01:00,0
2023-10-30T19:30+01:00,0
2023-10-30T19:45+01:00,0
2023-10-30T20:00+01:00,0
2023-10-30T20:15+01:00,0
2023-10-30T20:30+01:00,0
2023-10-30T20:45+01:00,0
2023-10-30T21:00+01:00,0
2023-10-30T21:15+01:00,0
2023-10-30T21:30+01:00,0
2023-10-30T21:45+01:00,0
2023-10-30T22:00+01:00,0
2023-10-30T22:15+01:00,0
2023-10-30T22:30+01:00,0
2023-10-30T22:45+01:00,0
2023-10-30T23:00+01:00,0
2023-10-30T23:15+01:00,0
2023-10-30T23:30+01:00,0
2023-10-30T23:45+01:00,0
2023-10-31T00:00+01:00,0
2023-10-31T00:15+01:00,0
2023-10-31T00:30+01:00,0
2023-10-31T00:45+01:00,0
2023-10-31T01:00+01:00,0
2023-10-31T01:15+01:00,0
2023-10-31T01:30+01:00,0
2023-10-31T01:45+01:00,0
2023-10-31T02:00+01:00,0
2023-10-31T02:15+01:00,0
2023-10-31T02:30+01:00,0
2023-10-31T02:45+01:00,0
2023-10-31T03:00+01:00,0
2023-10-31T03:15+01:00,0
2023-10-31T03:30+01:00,0
2023-10-31T03:45+01:00,0
2023-10-31T04:00+01:00,0
2023-10-31T04:15+01:00,0
2023-10-31T04:30+01:00,0
2023-10-31T04:45+01:00,0
2023-10-31T05:00+01:00,0
2023-10-31T05:15+01:00,0
2023-10-31T05:30+01:00,0
2023-10-31T05:45+01:00,0
2023-10-31T06:00+01:00,0
2023-10-31T06:15+01:00,0
2023-10-31T06:30+01:00,0
2023-10-31T06:45+01:00,0.1
2023-10-31T07:00+01:00,53.8
2023-10-31T07:15+01:00,185.5
2023-10-31T07:30+01:00,410.9
2023-10-31T07:45+01:00,755.1
2023-10-31T08:00+01:00,1207.8
2023-10-31T08:15+01:00,1797.4
2023-10-31T08:30+01:00,2455.7
2023-10-31T08:45+01:00,3080.4
2023-10-31T09:00+01:00,3725
2023-10-31T09:15+01:00,4394.8
2023-10-31T09:30+01:00,5049.3
2023-10-31T09:45+01:00,5664.5
2023-10-31T10:00+01:00,6236.9
2023-10-31T10:15+01:00,6766.8
2023-10-31T10:30+01:00,7243
2023-10-31T10:45+01:00,7644.6
2023-10-31T11:00+01:00,8003.4
2023-10-31T11:15+01:00,8310.9
2023-10-31T11:30+01:00,8530.6
2023-10-31T11:45+01:00,8662.6
2023-10-31T12:00+01:00,8733
2023-10-31T12:15+01:00,8761.9
2023-10-31T12:30+01:00,8720.1
2023-10-31T12:45+01:00,8579.1
2023-10-31T13:00+01:00,8394.9
2023-10-31T13:15+01:00,8145.7
2023-10-31T13:30+01:00,7786.9
2023-10-31T13:45+01:00,7333.3
2023-10-31T14:00+01:00,6864.6
2023-10-31T14:15+01:00,6349.8
2023-10-31T14:30+01:00,5748.1
2023-10-31T14:45+01:00,5091.3
2023-10-31T15:00+01:00,4421.8
2023-10-31T15:15+01:00,3688.3
2023-10-31T15:30+01:00,2908.5
2023-10-31T15:45+01:00,2127.6
2023-10-31T16:00+01:00,1482.3
2023-10-31T16:15+01:00,913.5
2023-10-31T16:30+01:00,464.3
2023-10-31T16:45+01:00,153.1
2023-10-31T17:00+01:00,25.4
2023-10-31T17:15+01:00,1
2023-10-31T17:30+01:00,0
2023-10-31T17:45+01:00,0
2023-10-31T18:00+01:00,0
2023-10-31T18:15+01:00,0
2023-10-31T18:30+01:00,0
2023-10-31T18:45+01:00,0
2023-10-31T19:00+01:00,0
2023-10-31T19:15+01:00,0
2023-10-31T19:30+01:00,0
2023-10-31T19:45+01:00,0
2023-10-31T20:00+01:00,0
2023-10-31T20:15+01:00,0
2023-10-31T20:30+01:00,0
2023-10-31T20:45+01:00,0
2023-10-31T21:00+01:00,0
2023-10-31T21:15+01:00,0
2023-10-31T21:30+01:00,0
2023-10-31T21:45+01:00,0
2023-10-31T22:00+01:00,0
2023-10-31T22:15+01:00,0
2023-10-31T22:30+01:00,0
2023-10-31T22:45+01:00,0
2023-10-31T23:00+01:00,0
2023-10-31T23:15+01:00,0
2023-10-31T23:30+01:00,0
2023-10-31T23:45+01:00,0
2023-11-01T00:00+01:00,0
2023-11-01T00:15+01:00,0
2023-11-01T00:30+01:00,0
2023-11-01T00:45+01:00,0
2023-11-01T01:00+01:00,0
2023-11-01T01:15+01:00,0
2023-11-01T01:30+01:00,0
2023-11-01T01:45+01:00,0
2023-11-01T02:00+01:00,0
2023-11-01T02:15+01:00,0
2023-11-01T02:30+01:00,0
2023-11-01T02:45+01:00,0
2023-11-01T03:00+01:00,0
2023-11-01T03:15+01:00,0
2023-11-01T03:30+01:00,0
2023-11-01T03:45+01:00,0
2023-11-01T04:00+01:00,0
2023-11-01T04:15+01:00,0
2023-11-01T04:30+01:00,0
2023-11-01T04:45+01:00,0
2023-11-01T05:00+01:00,0
2023-11-01T05:15+01:00,0
2023-11-01T05:30+01:00,0
2023-11-01T05:45+01:00,0
2023-11-01T06:00+01:00,0
2023-11-01T06:15+01:00,0
2023-11-01T06:30+01:00,0
2023-11-01T06:45+01:00,0.2
2023-11-01T07:00+01:00,156.1
2023-11-01T07:15+01:00,573.4
2023-11-01T07:30+01:00,1183.6
2023-11-01T07:45+01:00,1964.3
2023-11-01T08:00+01:00,2967
2023-11-01T08:15+01:00,4163
2023-11-01T08:30+01:00,5534.9
2023-11-01T08:45+01:00,6968.8
2023-11-01T09:00+01:00,8346.3
2023-11-01T09:15+01:00,9701.9
2023-11-01T09:30+01:00,11053.4
2023-11-01T09:45+01:00,12354
2023-11-01T10:00+01:00,13561.1
2023-11-01T10:15+01:00,14544.2
2023-11-01T10:30+01:00,15414.1
2023-11-01T10:45+01:00,16098.3
2023-11-01T11:00+01:00,16543.1
2023-11-01T11:15+01:00,16860.6
2023-11-01T11:30+01:00,17004.9
2023-11-01T11:45+01:00,16995.1
2023-11-01T12:00+01:00,16858.5
2023-11-01T12:15+01:00,16544.2
2023-11-01T12:30+01:00,16149.7
2023-11-01T12:45+01:00,15646.6
2023-11-01T13:00+01:00,14987.4
2023-11-01T13:15+01:00,14123.7
2023-11-01T13:30+01:00,13091.9
2023-11-01T13:45+01:00,11956.1
2023-11-01T14:00+01:00,10841
2023-11-01T14:15+01:00,9622.6
2023-11-01T14:30+01:00,8366.5
2023-11-01T14:45+01:00,7106.8
2023-11-01T15:00+01:00,5874.9
2023-11-01T15:15+01:00,4655.4
2023-11-01T15:30+01:00,3506.8
2023-11-01T15:45+01:00,2528.3
2023-11-01T16:00+01:00,1588.9
2023-11-01T16:15+01:00,923.6
2023-11-01T16:30+01:00,472.3
2023-11-01T16:45+01:00,187.5
2023-11-01T17:00+01:00,58.4
2023-11-01T17:15+01:00,8
2023-11-01T17:30+01:00,3
2023-11-01T17:45+01:00,2
2023-11-01T18:00+01:00,0
2023-11-01T18:15+01:00,0
2023-11-01T18:30+01:00,0
2023-11-01T18:45+01:00,0
2023-11-01T19:00+01:00,0
2023-11-01T19:15+01:00,0
2023-11-01T19:30+01:00,0
2023-11-01T19:45+01:00,0
2023-11-01T20:00+01:00,0
2023-11-01T20:15+01:00,0
2023-11-01T20:30+01:00,0
2023-11-01T20:45+01:00,0
2023-11-01T21:00+01:00,0
2023-11-01T21:15+01:00,0
2023-11-01T21:30+01:00,0
2023-11-01T21:45+01:00,0
2023-11-01T22:00+01:00,0
2023-11-01T22:15+01:00,0
2023-11-01T22:30+01:00,0
2023-11-01T22:45+01:00,0
2023-11-01T23:00+01:00,0
2023-11-01T23:15+01:00,0
2023-11-01T23:30+01:00,0
2023-11-01T23:45+01:00,0
2023-11-02T00:00+01:00,0
2023-11-02T00:15+01:00,0
2023-11-02T00:30+01:00,0
2023-11-02T00:45+01:00,0
2023-11-02T01:00+01:00,0
2023-11-02T01:15+01:00,0
2023-11-02T01:30+01:00,0
2023-11-02T01:45+01:00,0
2023-11-02T02:00+01:00,0
2023-11-02T02:15+01:00,0
2023-11-02T02:30+01:00,0
2023-11-02T02:45+01:00,0
2023-11-02T03:00+01:00,0
2023-11-02T03:15+01:00,0
2023-11-02T03:30+01:00,0
2023-11-02T03:45+01:00,0
2023-11-02T04:00+01:00,0
2023-11-02T04:15+01:00,0
2023-11-02T04:30+01:00,0
2023-11-02T04:45+01:00,0
2023-11-02T05:00+01:00,0
2023-11-02T05:15+01:00,0
2023-11-02T05:30+01:00,0
2023-11-02T05:45+01:00,0
2023-11-02T06:00+01:00,0
2023-11-02T06:15+01:00,0
2023-11-02T06:30+01:00,0
2023-11-02T06:45+01:00,0
2023-11-02T07:00+01:00,102.9
2023-11-02T07:15+01:00,404.6
2023-11-02T07:30+01:00,826.3
2023-11-02T07:45+01:00,1363.6
2023-11-02T08:00+01:00,1994.6
2023-11-02T08:15+01:00,2684
2023-11-02T08:30+01:00,3408.7
2023-11-02T08:45+01:00,4089.7
2023-11-02T09:00+01:00,4732.2
2023-11-02T09:15+01:00,5371.4
2023-11-02T09:30+01:00,5988
2023-11-02T09:45+01:00,6568.2
2023-11-02T10:00+01:00,7114.6
2023-11-02T10:15+01:00,7629.7
2023-11-02T10:30+01:00,8084.9
2023-11-02T10:45+01:00,8478.8
2023-11-02T11:00+01:00,8797.6
2023-11-02T11:15+01:00,9021.5
2023-11-02T11:30+01:00,9124.1
2023-11-02T11:45+01:00,9114.2
2023-11-02T12:00+01:00,9032.2
2023-11-02T12:15+01:00,8844.6
2023-11-02T12:30+01:00,8590.9
2023-11-02T12:45+01:00,8274.6
2023-11-02T13:00+01:00,7854.9
2023-11-02T13:15+01:00,7453.1
2023-11-02T13:30+01:00,6992.3
2023-11-02T13:45+01:00,6523
2023-11-02T14:00+01:00,5990.7
2023-11-02T14:15+01:00,5382.5
2023-11-02T14:30+01:00,4731.3
2023-11-02T14:45+01:00,4061.6
2023-11-02T15:00+01:00,3413.3
2023-11-02T15:15+01:00,2776.6
2023-11-02T15:30+01:00,2196.4
2023-11-02T15:45+01:00,1566.9
2023-11-02T16:00+01:00,1084.2
2023-11-02T16:15+01:00,683.4
2023-11-02T16:30+01:00,379.3
2023-11-02T16:45+01:00,165.1
2023-11-02T17:00+01:00,62.6
2023-11-02T17:15+01:00,4
2023-11-02T17:30+01:00,2
2023-11-02T17:45+01:00,1
2023-11-02T18:00+01:00,0
2023-11-02T18:15+01:00,0
2023-11-02T18:30+01:00,0
2023-11-02T18:45+01:00,0
2023-11-02T19:00+01:00,0
2023-11-02T19:15+01:00,0
2023-11-02T19:30+01:00,0
2023-11-02T19:45+01:00,0
2023-11-02T20:00+01:00,0
2023-11-02T20:15+01:00,0
2023-11-02T20:30+01:00,0
2023-11-02T20:45+01:00,0
2023-11-02T21:00+01:00,0
2023-11-02T21:15+01:00,0
2023-11-02T21:30+01:00,0
2023-11-02T21:45+01:00,0
2023-11-02T22:00+01:00,0
2023-11-02T22:15+01:00,0
2023-11-02T22:30+01:00,0
2023-11-02T22:45+01:00,0
2023-11-02T23:00+01:00,0
2023-11-02T23:15+01:00,0
2023-11-02T23:30+01:00,0
2023-11-02T23:45+01:00,0
2023-11-03T00:00+01:00,0
2023-11-03T00:15+01:00,0
2023-11-03T00:30+01:00,0
2023-11-03T00:45+01:00,0
2023-11-03T01:00+01:00,0
2023-11-03T01:15+01:00,0
2023-11-03T01:30+01:00,0
2023-11-03T01:45+01:00,0
2023-11-03T02:00+01:00,0
2023-11-03T02:15+01:00,0
2023-11-03T02:30+01:00,0
2023-11-03T02:45+01:00,0
2023-11-03T03:00+01:00,0
2023-11-03T03:15+01:00,0
2023-11-03T03:30+01:00,0
2023-11-03T03:45+01:00,0
2023-11-03T04:00+01:00,0
2023-11-03T04:15+01:00,0
2023-11-03T04:30+01:00,0
2023-11-03T04:45+01:00,0
2023-11-03T05:00+01:00,0
2023-11-03T05:15+01:00,0
2023-11-03T05:30+01:00,0
2023-11-03T05:45+01:00,0
2023-11-03T06:00+01:00,0
2023-11-03T06:15+01:00,0
2023-11-03T06:30+01:00,0
2023-11-03T06:45+01:00,0
2023-11-03T07:00+01:00,88.4
2023-11-03T07:15+01:00,262.8
2023-11-03T07:30+01:00,535.6
2023-11-03T07:45+01:00,957.3
2023-11-03T08:00+01:00,1528.5
2023-11-03T08:15+01:00,2259.2
2023-11-03T08:30+01:00,3169.9
2023-11-03T08:45+01:00,4062
2023-11-03T09:00+01:00,4959.4
2023-11-03T09:15+01:00,5883.1
2023-11-03T09:30+01:00,6812.5
2023-11-03T09:45+01:00,7697.4
2023-11-03T10:00+01:00,8566.9
2023-11-03T10:15+01:00,9354.9
2023-11-03T10:30+01:00,10072
2023-11-03T10:45+01:00,10691.9
2023-11-03T11:00+01:00,11160.6
2023-11-03T11:15+01:00,11506.4
2023-11-03T11:30+01:00,11721.3
2023-11-03T11:45+01:00,11818.4
2023-11-03T12:00+01:00,11848.3
2023-11-03T12:15+01:00,11769.5
2023-11-03T12:30+01:00,11622.6
2023-11-03T12:45+01:00,11415
2023-11-03T13:00+01:00,11109.7
2023-11-03T13:15+01:00,10669.2
2023-11-03T13:30+01:00,10121.8
2023-11-03T13:45+01:00,9501.2
2023-11-03T14:00+01:00,8837.9
2023-11-03T14:15+01:00,8068.6
2023-11-03T14:30+01:00,7238.4
2023-11-03T14:45+01:00,6363.1
2023-11-03T15:00+01:00,5445.3
2023-11-03T15:15+01:00,4469
2023-11-03T15:30+01:00,3469.8
2023-11-03T15:45+01:00,2499.5
2023-11-03T16:00+01:00,1672.7
2023-11-03T16:15+01:00,990.7
2023-11-03T16:30+01:00,474.2
2023-11-03T16:45+01:00,136.6
2023-11-03T17:00+01:00,13.7
2023-11-03T17:15+01:00,0
2023-11-03T17:30+01:00,0
2023-11-03T17:45+01:00,0
2023-11-03T18:00+01:00,0
2023-11-03T18:15+01:00,0
2023-11-03T18:30+01:00,0
2023-11-03T18:45+01:00,0
2023-11-03T19:00+01:00,0
2023-11-03T19:15+01:00,0
2023-11-03T19:30+01:00,0
2023-11-03T19:45+01:00,0
2023-11-03T20:00+01:00,0
2023-11-03T20:15+01:00,0
2023-11-03T20:30+01:00,0
2023-11-03T20:45+01:00,0
2023-11-03T21:00+01:00,0
2023-11-03T21:15+01:00,0
2023-11-03T21:30+01:00,0
2023-11-03T21:45+01:00,0
2023-11-03T22:00+01:00,0
2023-11-03T22:15+01:00,0
2023-11-03T22:30+01:00,0
2023-11-03T22:45+01:00,0
2023-11-03T23:00+01:00,0
2023-11-03T23:15+01:00,0
2023-11-03T23:30+01:00,0
2023-11-03T23:45+01:00,0
2023-11-04T00:00+01:00,0
2023-11-04T00:15+01:00,0
2023-11-04T00:30+01:00,0
2023-11-04T00:45+01:00,0
2023-11-04T01:00+01:00,0
2023-11-04T01:15+01:00,0
2023-11-04T01:30+01:00,0
2023-11-04T01:45+01:00,0
2023-11-04T02:00+01:00,0
2023-11-04T02:15+01:00,0
2023-11-04T02:30+01:00,0
2023-11-04T02:45+01:00,0
2023-11-04T03:00+01:00,0
2023-11-04T03:15+01:00,0
2023-11-04T03:30+01:00,0
2023-11-04T03:45+01:00,0
2023-11-04T04:00+01:00,0
2023-11-04T04:15+01:00,0
2023-11-04T04:30+01:00,0
2023-11-04T04:45+01:00,0
2023-11-04T05:00+01:00,0
2023-11-04T05:15+01:00,0
2023-11-04T05:30+01:00,0
2023-11-04T05:45+01:00,0
2023-11-04T06:00+01:00,0
2023-11-04T06:15+01:00,0
2023-11-04T06:30+01:00,0
2023-11-04T06:45+01:00,0
2023-11-04T07:00+01:00,153.4
2023-11-04T07:15+01:00,579.9
2023-11-04T07:30+01:00,1253.5
2023-11-04T07:45+01:00,2209.4
2023-11-04T08:00+01:00,3398.1
2023-11-04T08:15+01:00,4790.1
2023-11-04T08:30+01:00,6394.1
2023-11-04T08:45+01:00,8019.6
2023-11-04T09:00+01:00,9557.4
2023-11-04T09:15+01:00,11071.9
2023-11-04T09:30+01:00,12532.4
2023-11-04T09:45+01:00,13845.2
2023-11-04T10:00+01:00,14916.1
2023-11-04T10:15+01:00,15747.8
2023-11-04T10:30+01:00,16401.1
2023-11-04T10:45+01:00,16877.3
2023-11-04T11:00+01:00,17107.4
2023-11-04T11:15+01:00,17219.2
2023-11-04T11:30+01:00,17161.7
2023-11-04T11:45+01:00,16911.8
2023-11-04T12:00+01:00,16478.6
2023-11-04T12:15+01:00,15872.5
2023-11-04T12:30+01:00,15141.5
2023-11-04T12:45+01:00,14269.8
2023-11-04T13:00+01:00,13154.9
2023-11-04T13:15+01:00,12029.7
2023-11-04T13:30+01:00,10804.9
2023-11-04T13:45+01:00,9548.7
2023-11-04T14:00+01:00,8402.2
2023-11-04T14:15+01:00,7301.9
2023-11-04T14:30+01:00,6241.2
2023-11-04T14:45+01:00,5227.7
2023-11-04T15:00+01:00,4228.9
2023-11-04T15:15+01:00,3235.9
2023-11-04T15:30+01:00,2341
2023-11-04T15:45+01:00,1458.3
2023-11-04T16:00+01:00,835.5
2023-11-04T16:15+01:00,451.5
2023-11-04T16:30+01:00,226.3
2023-11-04T16:45+01:00,92.3
2023-11-04T17:00+01:00,36.9
2023-11-04T17:15+01:00,0
2023-11-04T17:30+01:00,0
2023-11-04T17:45+01:00,0
2023-11-04T18:00+01:00,0
2023-11-04T18:15+01:00,0
2023-11-04T18:30+01:00,0
2023-11-04T18:45+01:00,0
2023-11-04T19:00+01:00,0
2023-11-04T19:15+01:00,0
2023-11-04T19:30+01:00,0
2023-11-04T19:45+01:00,0
2023-11-04T20:00+01:00,0
2023-11-04T20:15+01:00,0
2023-11-04T20:30+01:00,0
2023-11-04T20:45+01:00,0
2023-11-04T21:00+01:00,0
2023-11-04T21:15+01:00,0
2023-11-04T21:30+01:00,0
2023-11-04T21:45+01:00,0
2023-11-04T22:00+01:00,0
2023-11-04T22:15+01:00,0
2023-11-04T22:30+01:00,0
2023-11-04T22:45+01:00,0
2023-11-04T23:00+01:00,0
2023-11-04T23:15+01:00,0
2023-11-04T23:30+01:00,0
2023-11-04T23:45+01:00,0
2023-11-05T00:00+01:00,0
2023-11-05T00:15+01:00,0
2023-11-05T00:30+01:00,0
2023-11-05T00:45+01:00,0
2023-11-05T01:00+01:00,0
2023-11-05T01:15+01:00,0
2023-11-05T01:30+01:00,0
2023-11-05T01:45+01:00,0
2023-11-05T02:00+01:00,0
2023-11-05T02:15+01:00,0
2023-11-05T02:30+01:00,0
2023-11-05T02:45+01:00,0
2023-11-05T03:00+01:00,0
2023-11-05T03:15+01:00,0
2023-11-05T03:30+01:00,0
2023-11-05T03:45+01:00,0
2023-11-05T04:00+01:00,0
2023-11-05T04:15+01:00,0
2023-11-05T04:30+01:00,0
2023-11-05T04:45+01:00,0
2023-11-05T05:00+01:00,0
2023-11-05T05:15+01:00,0
2023-11-05T05:30+01:00,0
2023-11-05T05:45+01:00,0
2023-11-05T06:00+01:00,0
2023-11-05T06:15+01:00,0
2023-11-05T06:30+01:00,0
2023-11-05T06:45+01:00,0
2023-11-05T07:00+01:00,87.1
2023-11-05T07:15+01:00,266.5
2023-11-05T07:30+01:00,527.1
2023-11-05T07:45+01:00,917.2
2023-11-05T08:00+01:00,1443.2
2023-11-05T08:15+01:00,2118.8
2023-11-05T08:30+01:00,2822
2023-11-05T08:45+01:00,3522.2
2023-11-05T09:00+01:00,4201
2023-11-05T09:15+01:00,4870.8
2023-11-05T09:30+01:00,5513.9
2023-11-05T09:45+01:00,6120.5
2023-11-05T10:00+01:00,6680.1
2023-11-05T10:15+01:00,7222.8
2023-11-05T10:30+01:00,7699.9
2023-11-05T10:45+01:00,8106.5
2023-11-05T11:00+01:00,8525.7
2023-11-05T11:15+01:00,8903.4
2023-11-05T11:30+01:00,9189.4
2023-11-05T11:45+01:00,9379.1
2023-11-05T12:00+01:00,9438.6
2023-11-05T12:15+01:00,9391.3
2023-11-05T12:30+01:00,9209.1
2023-11-05T12:45+01:00,8893.4
2023-11-05T13:00+01:00,8532.3
2023-11-05T13:15+01:00,8136.3
2023-11-05T13:30+01:00,7654.4
2023-11-05T13:45+01:00,7114.8
2023-11-05T14:00+01:00,6496.4
2023-11-05T14:15+01:00,5845.7
2023-11-05T14:30+01:00,5133.1
2023-11-05T14:45+01:00,4387.1
2023-11-05T15:00+01:00,3658.9
2023-11-05T15:15+01:00,2916.1
2023-11-05T15:30+01:00,2226.1
2023-11-05T15:45+01:00,1509.2
2023-11-05T16:00+01:00,956.8
2023-11-05T16:15+01:00,555.5
2023-11-05T16:30+01:00,261.5
2023-11-05T16:45+01:00,82
2023-11-05T17:00+01:00,18.3
2023-11-05T17:15+01:00,0
2023-11-05T17:30+01:00,0
2023-11-05T17:45+01:00,0
2023-11-05T18:00+01:00,0
2023-11-05T18:15+01:00,0
2023-11-05T18:30+01:00,0
2023-11-05T18:45+01:00,0
2023-11-05T19:00+01:00,0
2023-11-05T19:15+01:00,0
2023-11-05T19:30+01:00,0
2023-11-05T19:45+01:00,0
2023-11-05T20:00+01:00,0
2023-11-05T20:15+01:00,0
2023-11-05T20:30+01:00,0
2023-11-05T20:45+01:00,0
2023-11-05T21:00+01:00,0
2023-11-05T21:15+01:00,0
2023-11-05T21:30+01:00,0
2023-11-05T21:45+01:00,0
2023-11-05T22:00+01:00,0
2023-11-05T22:15+01:00,0
2023-11-05T22:30+01:00,0
2023-11-05T22:45+01:00,0
2023-11-05T23:00+01:00,0
2023-11-05T23:15+01:00,0
2023-11-05T23:30+01:00,0
2023-11-05T23:45+01:00,0
2023-11-06T00:00+01:00,0
2023-11-06T00:15+01:00,0
2023-11-06T00:30+01:00,0
2023-11-06T00:45+01:00,0
2023-11-06T01:00+01:00,0
2023-11-06T01:15+01:00,0
2023-11-06T01:30+01:00,0
2023-11-06T01:45+01:00,0
2023-11-06T02:00+01:00,0
2023-11-06T02:15+01:00,0
2023-11-06T02:30+01:00,0
2023-11-06T02:45+01:00,0
2023-11-06T03:00+01:00,0
2023-11-06T03:15+01:00,0
2023-11-06T03:30+01:00,0
2023-11-06T03:45+01:00,0
2023-11-06T04:00+01:00,0
2023-11-06T04:15+01:00,0
2023-11-06T04:30+01:00,0
2023-11-06T04:45+01:00,0
2023-11-06T05:00+01:00,0
2023-11-06T05:15+01:00,0
2023-11-06T05:30+01:00,0
2023-11-06T05:45+01:00,0
2023-11-06T06:00+01:00,0
2023-11-06T06:15+01:00,0
2023-11-06T06:30+01:00,0
2023-11-06T06:45+01:00,0
2023-11-06T07:00+01:00,88.7
2023-11-06T07:15+01:00,319.4
2023-11-06T07:30+01:00,701.4
2023-11-06T07:45+01:00,1281.6
2023-11-06T08:00+01:00,2112.9
2023-11-06T08:15+01:00,3210.4
2023-11-06T08:30+01:00,4500.4
2023-11-06T08:45+01:00,5776.6
2023-11-06T09:00+01:00,6979
2023-11-06T09:15+01:00,8152.9
2023-11-06T09:30+01:00,9276.2
2023-11-06T09:45+01:00,10318.8
2023-11-06T10:00+01:00,11299.2
2023-11-06T10:15+01:00,12203.5
2023-11-06T10:30+01:00,13065.4
2023-11-06T10:45+01:00,13791.8
2023-11-06T11:00+01:00,14336.5
2023-11-06T11:15+01:00,14800.1
2023-11-06T11:30+01:00,15135
2023-11-06T11:45+01:00,15354.5
2023-11-06T12:00+01:00,15458.7
2023-11-06T12:15+01:00,15429.8
2023-11-06T12:30+01:00,15303.1
2023-11-06T12:45+01:00,15048.7
2023-11-06T13:00+01:00,14606
2023-11-06T13:15+01:00,13947.2
2023-11-06T13:30+01:00,13131.7
2023-11-06T13:45+01:00,12234.6
2023-11-06T14:00+01:00,11266.2
2023-11-06T14:15+01:00,10208.6
2023-11-06T14:30+01:00,9073.9
2023-11-06T14:45+01:00,7856.3
2023-11-06T15:00+01:00,6558.6
2023-11-06T15:15+01:00,5176.8
2023-11-06T15:30+01:00,3789.3
2023-11-06T15:45+01:00,2508.5
2023-11-06T16:00+01:00,1521
2023-11-06T16:15+01:00,820.9
2023-11-06T16:30+01:00,365.5
2023-11-06T16:45+01:00,94.8
2023-11-06T17:00+01:00,0.5
2023-11-06T17:15+01:00,0
2023-11-06T17:30+01:00,0
2023-11-06T17:45+01:00,0
2023-11-06T18:00+01:00,0
2023-11-06T18:15+01:00,0
2023-11-06T18:30+01:00,0
2023-11-06T18:45+01:00,0
2023-11-06T19:00+01:00,0
2023-11-06T19:15+01:00,0
2023-11-06T19:30+01:00,0
2023-11-06T19:45+01:00,0
2023-11-06T20:00+01:00,0
2023-11-06T20:15+01:00,0
2023-11-06T20:30+01:00,0
2023-11-06T20:45+01:00,0
2023-11-06T21:00+01:00,0
2023-11-06T21:15+01:00,0
2023-11-06T21:30+01:00,0
2023-11-06T21:45+01:00,0
2023-11-06T22:00+01:00,0
2023-11-06T22:15+01:00,0
2023-11-06T22:30+01:00,0
2023-11-06T22:45+01:00,0
2023-11-06T23:00+01:00,0
2023-11-06T23:15+01:00,0
2023-11-06T23:30+01:00,0
2023-11-06T23:45+01:00,0
2023-11-07T00:00+01:00,0
2023-11-07T00:15+01:00,0
2023-11-07T00:30+01:00,0
2023-11-07T00:45+01:00,0
2023-11-07T01:00+01:00,0
2023-11-07T01:15+01:00,0
2023-11-07T01:30+01:00,0
2023-11-07T01:45+01:00,0
2023-11-07T02:00+01:00,0
2023-11-07T02:15+01:00,0
2023-11-07T02:30+01:00,0
2023-11-07T02:45+01:00,0
2023-11-07T03:00+01:00,0
2023-11-07T03:15+01:00,0
2023-11-07T03:30+01:00,0
2023-11-07T03:45+01:00,0
2023-11-07T04:00+01:00,0
2023-11-07T04:15+01:00,0
2023-11-07T04:30+01:00,0
2023-11-07T04:45+01:00,0
2023-11-07T05:00+01:00,0
2023-11-07T05:15+01:00,0
2023-11-07T05:30+01:00,0
2023-11-07T05:45+01:00,0
2023-11-07T06:00+01:00,0
2023-11-07T06:15+01:00,0
2023-11-07T06:30+01:00,0
2023-11-07T06:45+01:00,0
2023-11-07T07:00+01:00,68.7
2023-11-07T07:15+01:00,289.9
2023-11-07T07:30+01:00,646
2023-11-07T07:45+01:00,1187.1
2023-11-07T08:00+01:00,1952.1
2023-11-07T08:15+01:00,2947.8
2023-11-07T08:30+01:00,4046.1
2023-11-07T08:45+01:00,5156.2
2023-11-07T09:00+01:00,6208.9
2023-11-07T09:15+01:00,7245.6
2023-11-07T09:30+01:00,8234
2023-11-07T09:45+01:00,9119.4
2023-11-07T10:00+01:00,9855.8
2023-11-07T10:15+01:00,10544.5
2023-11-07T10:30+01:00,11125.6
2023-11-07T10:45+01:00,11577.4
2023-11-07T11:00+01:00,11858.9
2023-11-07T11:15+01:00,12006
2023-11-07T11:30+01:00,12081.3
2023-11-07T11:45+01:00,12089.2
2023-11-07T12:00+01:00,11995.5
2023-11-07T12:15+01:00,11774.5
2023-11-07T12:30+01:00,11466.6
2023-11-07T12:45+01:00,11089.7
2023-11-07T13:00+01:00,10652
2023-11-07T13:15+01:00,10166.8
2023-11-07T13:30+01:00,9618.4
2023-11-07T13:45+01:00,9022.5
2023-11-07T14:00+01:00,8359.8
2023-11-07T14:15+01:00,7627.8
2023-11-07T14:30+01:00,6819.7
2023-11-07T14:45+01:00,5941.1
2023-11-07T15:00+01:00,5017.2
2023-11-07T15:15+01:00,4032.3
2023-11-07T15:30+01:00,3029.9
2023-11-07T15:45+01:00,2083
2023-11-07T16:00+01:00,1325.4
2023-11-07T16:15+01:00,740.3
2023-11-07T16:30+01:00,331.1
2023-11-07T16:45+01:00,80.8
2023-11-07T17:00+01:00,0
2023-11-07T17:15+01:00,0
2023-11-07T17:30+01:00,0
2023-11-07T17:45+01:00,0
2023-11-07T18:00+01:00,0
2023-11-07T18:15+01:00,0
2023-11-07T18:30+01:00,0
2023-11-07T18:45+01:00,0
2023-11-07T19:00+01:00,0
2023-11-07T19:15+01:00,0
2023-11-07T19:30+01:00,0
2023-11-07T19:45+01:00,0
2023-11-07T20:00+01:00,0
2023-11-07T20:15+01:00,0
2023-11-07T20:30+01:00,0
2023-11-07T20:45+01:00,0
2023-11-07T21:00+01:00,0
2023-11-07T21:15+01:00,0
2023-11-07T21:30+01:00,0
2023-11-07T21:45+01:00,0
2023-11-07T22:00+01:00,0
2023-11-07T22:15+01:00,0
2023-11-07T22:30+01:00,0
2023-11-07T22:45+01:00,0
2023-11-07T23:00+01:00,0
2023-11-07T23:15+01:00,0
2023-11-07T23:30+01:00,0
2023-11-07T23:45+01:00,0
2023-11-08T00:00+01:00,0
2023-11-08T00:15+01:00,0
2023-11-08T00:30+01:00,0
2023-11-08T00:45+01:00,0
2023-11-08T01:00+01:00,0
2023-11-08T01:15+01:00,0
2023-11-08T01:30+01:00,0
2023-11-08T01:45+01:00,0
2023-11-08T02:00+01:00,0
2023-11-08T02:15+01:00,0
2023-11-08T02:30+01:00,0
2023-11-08T02:45+01:00,0
2023-11-08T03:00+01:00,0
2023-11-08T03:15+01:00,0
2023-11-08T03:30+01:00,0
2023-11-08T03:45+01:00,0
2023-11-08T04:00+01:00,0
2023-11-08T04:15+01:00,0
2023-11-08T04:30+01:00,0
2023-11-08T04:45+01:00,0
2023-11-08T05:00+01:00,0
2023-11-08T05:15+01:00,0
2023-11-08T05:30+01:00,0
2023-11-08T05:45+01:00,0
2023-11-08T06:00+01:00,0
2023-11-08T06:15+01:00,0
2023-11-08T06:30+01:00,0
2023-11-08T06:45+01:00,0
2023-11-08T07:00+01:00,65.2
2023-11-08T07:15+01:00,271.1
2023-11-08T07:30+01:00,592.6
2023-11-08T07:45+01:00,1065.7
2023-11-08T08:00+01:00,1746.4
2023-11-08T08:15+01:00,2711.2
2023-11-08T08:30+01:00,3738
2023-11-08T08:45+01:00,4837.9
2023-11-08T09:00+01:00,5896.7
2023-11-08T09:15+01:00,6935.3
2023-11-08T09:30+01:00,7950
2023-11-08T09:45+01:00,8889.9
2023-11-08T10:00+01:00,9764
2023-11-08T10:15+01:00,10544.8
2023-11-08T10:30+01:00,11264.8
2023-11-08T10:45+01:00,11894.1
2023-11-08T11:00+01:00,12405.6
2023-11-08T11:15+01:00,12832.6
2023-11-08T11:30+01:00,13149.3
2023-11-08T11:45+01:00,13356.5
2023-11-08T12:00+01:00,13476
2023-11-08T12:15+01:00,13489.2
2023-11-08T12:30+01:00,13434.5
2023-11-08T12:45+01:00,13268.9
2023-11-08T13:00+01:00,12946.9
2023-11-08T13:15+01:00,12413.8
2023-11-08T13:30+01:00,11753.9
2023-11-08T13:45+01:00,11022
2023-11-08T14:00+01:00,10237.2
2023-11-08T14:15+01:00,9344.7
2023-11-08T14:30+01:00,8357.3
2023-11-08T14:45+01:00,7287
2023-11-08T15:00+01:00,6127.3
2023-11-08T15:15+01:00,4849.9
2023-11-08T15:30+01:00,3578.8
2023-11-08T15:45+01:00,2374.6
2023-11-08T16:00+01:00,1443.5
2023-11-08T16:15+01:00,795.8
2023-11-08T16:30+01:00,360.2
2023-11-08T16:45+01:00,93.8
2023-11-08T17:00+01:00,6
2023-11-08T17:15+01:00,0
2023-11-08T17:30+01:00,0
2023-11-08T17:45+01:00,0
2023-11-08T18:00+01:00,0
2023-11-08T18:15+01:00,0
2023-11-08T18:30+01:00,0
2023-11-08T18:45+01:00,0
2023-11-08T19:00+01:00,0
2023-11-08T19:15+01:00,0
2023-11-08T19:30+01:00,0
2023-11-08T19:45+01:00,0
2023-11-08T20:00+01:00,0
2023-11-08T20:15+01:00,0
2023-11-08T20:30+01:00,0
2023-11-08T20:45+01:00,0
2023-11-08T21:00+01:00,0
2023-11-08T21:15+01:00,0
2023-11-08T21:30+01:00,0
2023-11-08T21:45+01:00,0
2023-11-08T22:00+01:00,0
2023-11-08T22:15+01:00,0
2023-11-08T22:30+01:00,0
2023-11-08T22:45+01:00,0
2023-11-08T23:00+01:00,0
2023-11-08T23:15+01:00,0
2023-11-08T23:30+01:00,0
2023-11-08T23:45+01:00,0
2023-11-09T00:00+01:00,0
2023-11-09T00:15+01:00,0
2023-11-09T00:30+01:00,0
2023-11-09T00:45+01:00,0
2023-11-09T01:00+01:00,0
2023-11-09T01:15+01:00,0
2023-11-09T01:30+01:00,0
2023-11-09T01:45+01:00,0
2023-11-09T02:00+01:00,0
2023-11-09T02:15+01:00,0
2023-11-09T02:30+01:00,0
2023-11-09T02:45+01:00,0
2023-11-09T03:00+01:00,0
2023-11-09T03:15+01:00,0
2023-11-09T03:30+01:00,0
2023-11-09T03:45+01:00,0
2023-11-09T04:00+01:00,0
2023-11-09T04:15+01:00,0
2023-11-09T04:30+01:00,0
2023-11-09T04:45+01:00,0
2023-11-09T05:00+01:00,0
2023-11-09T05:15+01:00,0
2023-11-09T05:30+01:00,0
2023-11-09T05:45+01:00,0
2023-11-09T06:00+01:00,0
2023-11-09T06:15+01:00,0
2023-11-09T06:30+01:00,0
2023-11-09T06:45+01:00,0
2023-11-09T07:00+01:00,54.2
2023-11-09T07:15+01:00,218.7
2023-11-09T07:30+01:00,478.4
2023-11-09T07:45+01:00,871.1
2023-11-09T08:00+01:00,1429.6
2023-11-09T08:15+01:00,2126.8
2023-11-09T08:30+01:00,2934.4
2023-11-09T08:45+01:00,3748.2
2023-11-09T09:00+01:00,4468.4
2023-11-09T09:15+01:00,5158.7
2023-11-09T09:30+01:00,5818.1
2023-11-09T09:45+01:00,6420.6
2023-11-09T10:00+01:00,6952
2023-11-09T10:15+01:00,7442.9
2023-11-09T10:30+01:00,7867.4
2023-11-09T10:45+01:00,8194.7
2023-11-09T11:00+01:00,8404.1
2023-11-09T11:15+01:00,8521.2
2023-11-09T11:30+01:00,8586
2023-11-09T11:45+01:00,8584.6
2023-11-09T12:00+01:00,8471.8
2023-11-09T12:15+01:00,8288.3
2023-11-09T12:30+01:00,8019.7
2023-11-09T12:45+01:00,7681
2023-11-09T13:00+01:00,7328.5
2023-11-09T13:15+01:00,6886.4
2023-11-09T13:30+01:00,6376.7
2023-11-09T13:45+01:00,5827.3
2023-11-09T14:00+01:00,5237.5
2023-11-09T14:15+01:00,4630.8
2023-11-09T14:30+01:00,4000.2
2023-11-09T14:45+01:00,3371.5
2023-11-09T15:00+01:00,2770.3
2023-11-09T15:15+01:00,2187.9
2023-11-09T15:30+01:00,1660.6
2023-11-09T15:45+01:00,1133
2023-11-09T16:00+01:00,709.2
2023-11-09T16:15+01:00,413.6
2023-11-09T16:30+01:00,208.8
2023-11-09T16:45+01:00,81.5
2023-11-09T17:00+01:00,0
2023-11-09T17:15+01:00,0
2023-11-09T17:30+01:00,0
2023-11-09T17:45+01:00,0
2023-11-09T18:00+01:00,0
2023-11-09T18:15+01:00,0
2023-11-09T18:30+01:00,0
2023-11-09T18:45+01:00,0
2023-11-09T19:00+01:00,0
2023-11-09T19:15+01:00,0
2023-11-09T19:30+01:00,0
2023-11-09T19:45+01:00,0
2023-11-09T20:00+01:00,0
2023-11-09T20:15+01:00,0
2023-11-09T20:30+01:00,0
2023-11-09T20:45+01:00,0
2023-11-09T21:00+01:00,0
2023-11-09T21:15+01:00,0
2023-11-09T21:30+01:00,0
2023-11-09T21:45+01:00,0
2023-11-09T22:00+01:00,0
2023-11-09T22:15+01:00,0
2023-11-09T22:30+01:00,0
2023-11-09T22:45+01:00,0
2023-11-09T23:00+01:00,0
2023-11-09T23:15+01:00,0
2023-11-09T23:30+01:00,0
2023-11-09T23:45+01:00,0
2023-11-10T00:00+01:00,0
2023-11-10T00:15+01:00,0
2023-11-10T00:30+01:00,0
2023-11-10T00:45+01:00,0
2023-11-10T01:00+01:00,0
2023-11-10T01:15+01:00,0
2023-11-10T01:30+01:00,0
2023-11-10T01:45+01:00,0
2023-11-10T02:00+01:00,0
2023-11-10T02:15+01:00,0
2023-11-10T02:30+01:00,0
2023-11-10T02:45+01:00,0
2023-11-10T03:00+01:00,0
2023-11-10T03:15+01:00,0
2023-11-10T03:30+01:00,0
2023-11-10T03:45+01:00,0
2023-11-10T04:00+01:00,0
2023-11-10T04:15+01:00,0
2023-11-10T04:30+01:00,0
2023-11-10T04:45+01:00,0
2023-11-10T05:00+01:00,0
2023-11-10T05:15+01:00,0
2023-11-10T05:30+01:00,0
2023-11-10T05:45+01:00,0
2023-11-10T06:00+01:00,0
2023-11-10T06:15+01:00,0
2023-11-10T06:30+01:00,0
2023-11-10T06:45+01:00,0
2023-11-10T07:00+01:00,36.8
2023-11-10T07:15+01:00,145.4
2023-11-10T07:30+01:00,305.3
2023-11-10T07:45+01:00,617.7
2023-11-10T08:00+01:00,1112.1
2023-11-10T08:15+01:00,1781.2
2023-11-10T08:30+01:00,2585.9
2023-11-10T08:45+01:00,3459.1
2023-11-10T09:00+01:00,4298.1
2023-11-10T09:15+01:00,5168.1
2023-11-10T09:30+01:00,6041
2023-11-10T09:45+01:00,6890.2
2023-11-10T10:00+01:00,7677.6
2023-11-10T10:15+01:00,8450.3
2023-11-10T10:30+01:00,9147.4
2023-11-10T10:45+01:00,9743.8
2023-11-10T11:00+01:00,10252.6
2023-11-10T11:15+01:00,10619.7
2023-11-10T11:30+01:00,10887
2023-11-10T11:45+01:00,11045
2023-11-10T12:00+01:00,11085.4
2023-11-10T12:15+01:00,11028
2023-11-10T12:30+01:00,10886.5
2023-11-10T12:45+01:00,10594.5
2023-11-10T13:00+01:00,10190.6
2023-11-10T13:15+01:00,9649
2023-11-10T13:30+01:00,9002.4
2023-11-10T13:45+01:00,8291.2
2023-11-10T14:00+01:00,7580.7
2023-11-10T14:15+01:00,6888.7
2023-11-10T14:30+01:00,6116.1
2023-11-10T14:45+01:00,5267.1
2023-11-10T15:00+01:00,4365.9
2023-11-10T15:15+01:00,3403.6
2023-11-10T15:30+01:00,2504.6
2023-11-10T15:45+01:00,1578
2023-11-10T16:00+01:00,884.8
2023-11-10T16:15+01:00,436.9
2023-11-10T16:30+01:00,196.8
2023-11-10T16:45+01:00,60
2023-11-10T17:00+01:00,0
2023-11-10T17:15+01:00,0
2023-11-10T17:30+01:00,0
2023-11-10T17:45+01:00,0
2023-11-10T18:00+01:00,0
2023-11-10T18:15+01:00,0
2023-11-10T18:30+01:00,0
2023-11-10T18:45+01:00,0
2023-11-10T19:00+01:00,0
2023-11-10T19:15+01:00,0
2023-11-10T19:30+01:00,0
2023-11-10T19:45+01:00,0
2023-11-10T20:00+01:00,0
2023-11-10T20:15+01:00,0
2023-11-10T20:30+01:00,0
2023-11-10T20:45+01:00,0
2023-11-10T21:00+01:00,0
2023-11-10T21:15+01:00,0
2023-11-10T21:30+01:00,0
2023-11-10T21:45+01:00,0
2023-11-10T22:00+01:00,0
2023-11-10T22:15+01:00,0
2023-11-10T22:30+01:00,0
2023-11-10T22:45+01:00,0
2023-11-10T23:00+01:00,0
2023-11-10T23:15+01:00,0
2023-11-10T23:30+01:00,0
2023-11-10T23:45+01:00,0
2023-11-11T00:00+01:00,0
2023-11-11T00:15+01:00,0
2023-11-11T00:30+01:00,0
2023-11-11T00:45+01:00,0
2023-11-11T01:00+01:00,0
2023-11-11T01:15+01:00,0
2023-11-11T01:30+01:00,0
2023-11-11T01:45+01:00,0
2023-11-11T02:00+01:00,0
2023-11-11T02:15+01:00,0
2023-11-11T02:30+01:00,0
2023-11-11T02:45+01:00,0
2023-11-11T03:00+01:00,0
2023-11-11T03:15+01:00,0
2023-11-11T03:30+01:00,0
2023-11-11T03:45+01:00,0
2023-11-11T04:00+01:00,0
2023-11-11T04:15+01:00,0
2023-11-11T04:30+01:00,0
2023-11-11T04:45+01:00,0
2023-11-11T05:00+01:00,0
2023-11-11T05:15+01:00,0
2023-11-11T05:30+01:00,0
2023-11-11T05:45+01:00,0
2023-11-11T06:00+01:00,0
2023-11-11T06:15+01:00,0
2023-11-11T06:30+01:00,0
2023-11-11T06:45+01:00,0
2023-11-11T07:00+01:00,31.4
2023-11-11T07:15+01:00,124
2023-11-11T07:30+01:00,260.9
2023-11-11T07:45+01:00,517.6
2023-11-11T08:00+01:00,930.9
2023-11-11T08:15+01:00,1492.2
2023-11-11T08:30+01:00,2236.4
2023-11-11T08:45+01:00,2940.9
2023-11-11T09:00+01:00,3644.1
2023-11-11T09:15+01:00,4378.7
2023-11-11T09:30+01:00,5123.6
2023-11-11T09:45+01:00,5841.5
2023-11-11T10:00+01:00,6529.7
2023-11-11T10:15+01:00,7209.8
2023-11-11T10:30+01:00,7870.8
2023-11-11T10:45+01:00,8458.2
2023-11-11T11:00+01:00,8958.5
2023-11-11T11:15+01:00,9412.8
2023-11-11T11:30+01:00,9790.5
2023-11-11T11:45+01:00,10068.5
2023-11-11T12:00+01:00,10217.5
2023-11-11T12:15+01:00,10218.4
2023-11-11T12:30+01:00,10167.2
2023-11-11T12:45+01:00,10057.1
2023-11-11T13:00+01:00,9820.1
2023-11-11T13:15+01:00,9433.1
2023-11-11T13:30+01:00,8937.8
2023-11-11T13:45+01:00,8385.2
2023-11-11T14:00+01:00,7780
2023-11-11T14:15+01:00,7084.4
2023-11-11T14:30+01:00,6320
2023-11-11T14:45+01:00,5501.1
2023-11-11T15:00+01:00,4632.2
2023-11-11T15:15+01:00,3685.5
2023-11-11T15:30+01:00,2738.1
2023-11-11T15:45+01:00,1844.5
2023-11-11T16:00+01:00,1154.5
2023-11-11T16:15+01:00,632.6
2023-11-11T16:30+01:00,277.5
2023-11-11T16:45+01:00,76.6
2023-11-11T17:00+01:00,0
2023-11-11T17:15+01:00,0
2023-11-11T17:30+01:00,0
2023-11-11T17:45+01:00,0
2023-11-11T18:00+01:00,0
2023-11-11T18:15+01:00,0
2023-11-11T18:30+01:00,0
2023-11-11T18:45+01:00,0
2023-11-11T19:00+01:00,0
2023-11-11T19:15+01:00,0
2023-11-11T19:30+01:00,0
2023-11-11T19:45+01:00,0
2023-11-11T20:00+01:00,0
2023-11-11T20:15+01:00,0
2023-11-11T20:30+01:00,0
2023-11-11T20:45+01:00,0
2023-11-11T21:00+01:00,0
2023-11-11T21:15+01:00,0
2023-11-11T21:30+01:00,0
2023-11-11T21:45+01:00,0
2023-11-11T22:00+01:00,0
2023-11-11T22:15+01:00,0
2023-11-11T22:30+01:00,0
2023-11-11T22:45+01:00,0
2023-11-11T23:00+01:00,0
2023-11-11T23:15+01:00,0
2023-11-11T23:30+01:00,0
2023-11-11T23:45+01:00,0
2023-11-12T00:00+01:00,0
2023-11-12T00:15+01:00,0
2023-11-12T00:30+01:00,0
2023-11-12T00:45+01:00,0
2023-11-12T01:00+01:00,0
2023-11-12T01:15+01:00,0
2023-11-12T01:30+01:00,0
2023-11-12T01:45+01:00,0
2023-11-12T02:00+01:00,0
2023-11-12T02:15+01:00,0
2023-11-12T02:30+01:00,0
2023-11-12T02:45+01:00,0
2023-11-12T03:00+01:00,0
2023-11-12T03:15+01:00,0
2023-11-12T03:30+01:00,0
2023-11-12T03:45+01:00,0
2023-11-12T04:00+01:00,0
2023-11-12T04:15+01:00,0
2023-11-12T04:30+01:00,0
2023-11-12T04:45+01:00,0
2023-11-12T05:00+01:00,0
2023-11-12T05:15+01:00,0
2023-11-12T05:30+01:00,0
2023-11-12T05:45+01:00,0
2023-11-12T06:00+01:00,0
2023-11-12T06:15+01:00,0
2023-11-12T06:30+01:00,0
2023-11-12T06:45+01:00,0
2023-11-12T07:00+01:00,38.5
2023-11-12T07:15+01:00,143.5
2023-11-12T07:30+01:00,303.6
2023-11-12T07:45+01:00,596
2023-11-12T08:00+01:00,1071.9
2023-11-12T08:15+01:00,1748.7
2023-11-12T08:30+01:00,2600.1
2023-11-12T08:45+01:00,3481.8
2023-11-12T09:00+01:00,4354
2023-11-12T09:15+01:00,5269.8
2023-11-12T09:30+01:00,6199.4
2023-11-12T09:45+01:00,7083.8
2023-11-12T10:00+01:00,7922.5
2023-11-12T10:15+01:00,8710.5
2023-11-12T10:30+01:00,9440.9
2023-11-12T10:45+01:00,10071.8
2023-11-12T11:00+01:00,10549.8
2023-11-12T11:15+01:00,10905
2023-11-12T11:30+01:00,11105
2023-11-12T11:45+01:00,11179.2
2023-11-12T12:00+01:00,11125.6
2023-11-12T12:15+01:00,10903
2023-11-12T12:30+01:00,10543
2023-11-12T12:45+01:00,10085.1
2023-11-12T13:00+01:00,9517.6
2023-11-12T13:15+01:00,8885.6
2023-11-12T13:30+01:00,8173.6
2023-11-12T13:45+01:00,7428.5
2023-11-12T14:00+01:00,6689.3
2023-11-12T14:15+01:00,5926
2023-11-12T14:30+01:00,5150.3
2023-11-12T14:45+01:00,4367.8
2023-11-12T15:00+01:00,3551.9
2023-11-12T15:15+01:00,2704.1
2023-11-12T15:30+01:00,1870.3
2023-11-12T15:45+01:00,1142.7
2023-11-12T16:00+01:00,598.6
2023-11-12T16:15+01:00,285.1
2023-11-12T16:30+01:00,129.3
2023-11-12T16:45+01:00,52.1
2023-11-12T17:00+01:00,0
2023-11-12T17:15+01:00,0
2023-11-12T17:30+01:00,0
2023-11-12T17:45+01:00,0
2023-11-12T18:00+01:00,0
2023-11-12T18:15+01:00,0
2023-11-12T18:30+01:00,0
2023-11-12T18:45+01:00,0
2023-11-12T19:00+01:00,0
2023-11-12T19:15+01:00,0
2023-11-12T19:30+01:00,0
2023-11-12T19:45+01:00,0
2023-11-12T20:00+01:00,0
2023-11-12T20:15+01:00,0
2023-11-12T20:30+01:00,0
2023-11-12T20:45+01:00,0
2023-11-12T21:00+01:00,0
2023-11-12T21:15+01:00,0
2023-11-12T21:30+01:00,0
2023-11-12T21:45+01:00,0
2023-11-12T22:00+01:00,0
2023-11-12T22:15+01:00,0
2023-11-12T22:30+01:00,0
2023-11-12T22:45+01:00,0
2023-11-12T23:00+01:00,0
2023-11-12T23:15+01:00,0
2023-11-12T23:30+01:00,0
2023-11-12T23:45+01:00,0
2023-11-13T00:00+01:00,0
2023-11-13T00:15+01:00,0
2023-11-13T00:30+01:00,0
2023-11-13T00:45+01:00,0
2023-11-13T01:00+01:00,0
2023-11-13T01:15+01:00,0
2023-11-13T01:30+01:00,0
2023-11-13T01:45+01:00,0
2023-11-13T02:00+01:00,0
2023-11-13T02:15+01:00,0
2023-11-13T02:30+01:00,0
2023-11-13T02:45+01:00,0
2023-11-13T03:00+01:00,0
2023-11-13T03:15+01:00,0
2023-11-13T03:30+01:00,0
2023-11-13T03:45+01:00,0
2023-11-13T04:00+01:00,0
2023-11-13T04:15+01:00,0
2023-11-13T04:30+01:00,0
2023-11-13T04:45+01:00,0
2023-11-13T05:00+01:00,0
2023-11-13T05:15+01:00,0
2023-11-13T05:30+01:00,0
2023-11-13T05:45+01:00,0
2023-11-13T06:00+01:00,0
2023-11-13T06:15+01:00,0
2023-11-13T06:30+01:00,0
2023-11-13T06:45+01:00,0
2023-11-13T07:00+01:00,25.8
2023-11-13T07:15+01:00,97.8
2023-11-13T07:30+01:00,218.2
2023-11-13T07:45+01:00,427.2
2023-11-13T08:00+01:00,744.4
2023-11-13T08:15+01:00,1157.9
2023-11-13T08:30+01:00,1623.2
2023-11-13T08:45+01:00,2100.9
2023-11-13T09:00+01:00,2581.5
2023-11-13T09:15+01:00,3014.2
2023-11-13T09:30+01:00,3440.1
2023-11-13T09:45+01:00,3812.3
2023-11-13T10:00+01:00,4114.9
2023-11-13T10:15+01:00,4367.5
2023-11-13T10:30+01:00,4542.9
2023-11-13T10:45+01:00,4640.8
2023-11-13T11:00+01:00,4689.3
2023-11-13T11:15+01:00,4727.3
2023-11-13T11:30+01:00,4706.6
2023-11-13T11:45+01:00,4627.3
2023-11-13T12:00+01:00,4475.6
2023-11-13T12:15+01:00,4282.8
2023-11-13T12:30+01:00,4034.9
2023-11-13T12:45+01:00,3751.1
2023-11-13T13:00+01:00,3435.3
2023-11-13T13:15+01:00,3138.9
2023-11-13T13:30+01:00,2826.6
2023-11-13T13:45+01:00,2522.7
2023-11-13T14:00+01:00,2198.9
2023-11-13T14:15+01:00,1895.9
2023-11-13T14:30+01:00,1588.7
2023-11-13T14:45+01:00,1296.3
2023-11-13T15:00+01:00,1051.5
2023-11-13T15:15+01:00,832.8
2023-11-13T15:30+01:00,649.1
2023-11-13T15:45+01:00,471.4
2023-11-13T16:00+01:00,332.4
2023-11-13T16:15+01:00,202.3
2023-11-13T16:30+01:00,105.9
2023-11-13T16:45+01:00,37.1
2023-11-13T17:00+01:00,0
2023-11-13T17:15+01:00,0
2023-11-13T17:30+01:00,0
2023-11-13T17:45+01:00,0
2023-11-13T18:00+01:00,0
2023-11-13T18:15+01:00,0
2023-11-13T18:30+01:00,0
2023-11-13T18:45+01:00,0
2023-11-13T19:00+01:00,0
2023-11-13T19:15+01:00,0
2023-11-13T19:30+01:00,0
2023-11-13T19:45+01:00,0
2023-11-13T20:00+01:00,0
2023-11-13T20:15+01:00,0
2023-11-13T20:30+01:00,0
2023-11-13T20:45+01:00,0
2023-11-13T21:00+01:00,0
2023-11-13T21:15+01:00,0
2023-11-13T21:30+01:00,0
2023-11-13T21:45+01:00,0
2023-11-13T22:00+01:00,0
2023-11-13T22:15+01:00,0
2023-11-13T22:30+01:00,0
2023-11-13T22:45+01:00,0
2023-11-13T23:00+01:00,0
2023-11-13T23:15+01:00,0
2023-11-13T23:30+01:00,0
2023-11-13T23:45+01:00,0
2023-11-14T00:00+01:00,0
2023-11-14T00:15+01:00,0
2023-11-14T00:30+01:00,0
2023-11-14T00:45+01:00,0
2023-11-14T01:00+01:00,0
2023-11-14T01:15+01:00,0
2023-11-14T01:30+01:00,0
2023-11-14T01:45+01:00,0
2023-11-14T02:00+01:00,0
2023-11-14T02:15+01:00,0
2023-11-14T02:30+01:00,0
2023-11-14T02:45+01:00,0
2023-11-14T03:00+01:00,0
2023-11-14T03:15+01:00,0
2023-11-14T03:30+01:00,0
2023-11-14T03:45+01:00,0
2023-11-14T04:00+01:00,0
2023-11-14T04:15+01:00,0
2023-11-14T04:30+01:00,0
2023-11-14T04:45+01:00,0
2023-11-14T05:00+01:00,0
2023-11-14T05:15+01:00,0
2023-11-14T05:30+01:00,0
2023-11-14T05:45+01:00,0
2023-11-14T06:00+01:00,0
2023-11-14T06:15+01:00,0
2023-11-14T06:30+01:00,0
2023-11-14T06:45+01:00,0
2023-11-14T07:00+01:00,21.8
2023-11-14T07:15+01:00,80.8
2023-11-14T07:30+01:00,174.8
2023-11-14T07:45+01:00,356.4
2023-11-14T08:00+01:00,663.5
2023-11-14T08:15+01:00,1098
2023-11-14T08:30+01:00,1631.8
2023-11-14T08:45+01:00,2198.8
2023-11-14T09:00+01:00,2768.2
2023-11-14T09:15+01:00,3365.4
2023-11-14T09:30+01:00,3961.7
2023-11-14T09:45+01:00,4525.7
2023-11-14T10:00+01:00,5036.4
2023-11-14T10:15+01:00,5490
2023-11-14T10:30+01:00,5882.8
2023-11-14T10:45+01:00,6209.9
2023-11-14T11:00+01:00,6462.7
2023-11-14T11:15+01:00,6622.9
2023-11-14T11:30+01:00,6687.4
2023-11-14T11:45+01:00,6664.5
2023-11-14T12:00+01:00,6575.3
2023-11-14T12:15+01:00,6450
2023-11-14T12:30+01:00,6233.5
2023-11-14T12:45+01:00,5949.2
2023-11-14T13:00+01:00,5665.3
2023-11-14T13:15+01:00,5333.5
2023-11-14T13:30+01:00,4940.8
2023-11-14T13:45+01:00,4501.7
2023-11-14T14:00+01:00,4025.1
2023-11-14T14:15+01:00,3532.5
2023-11-14T14:30+01:00,3005.5
2023-11-14T14:45+01:00,2475.1
2023-11-14T15:00+01:00,1951.8
2023-11-14T15:15+01:00,1489.2
2023-11-14T15:30+01:00,1018.9
2023-11-14T15:45+01:00,618.5
2023-11-14T16:00+01:00,346.1
2023-11-14T16:15+01:00,167
2023-11-14T16:30+01:00,74.2
2023-11-14T16:45+01:00,24.4
2023-11-14T17:00+01:00,0
2023-11-14T17:15+01:00,0
2023-11-14T17:30+01:00,0
2023-11-14T17:45+01:00,0
2023-11-14T18:00+01:00,0
2023-11-14T18:15+01:00,0
2023-11-14T18:30+01:00,0
2023-11-14T18:45+01:00,0
2023-11-14T19:00+01:00,0
2023-11-14T19:15+01:00,0
2023-11-14T19:30+01:00,0
2023-11-14T19:45+01:00,0
2023-11-14T20:00+01:00,0
2023-11-14T20:15+01:00,0
2023-11-14T20:30+01:00,0
2023-11-14T20:45+01:00,0
2023-11-14T21:00+01:00,0
2023-11-14T21:15+01:00,0
2023-11-14T21:30+01:00,0
2023-11-14T21:45+01:00,0
2023-11-14T22:00+01:00,0
2023-11-14T22:15+01:00,0
2023-11-14T22:30+01:00,0
2023-11-14T22:45+01:00,0
2023-11-14T23:00+01:00,0
2023-11-14T23:15+01:00,0
2023-11-14T23:30+01:00,0
2023-11-14T23:45+01:00,0
2023-11-15T00:00+01:00,0
2023-11-15T00:15+01:00,0
2023-11-15T00:30+01:00,0
2023-11-15T00:45+01:00,0
2023-11-15T01:00+01:00,0
2023-11-15T01:15+01:00,0
2023-11-15T01:30+01:00,0
2023-11-15T01:45+01:00,0
2023-11-15T02:00+01:00,0
2023-11-15T02:15+01:00,0
2023-11-15T02:30+01:00,0
2023-11-15T02:45+01:00,0
2023-11-15T03:00+01:00,0
2023-11-15T03:15+01:00,0
2023-11-15T03:30+01:00,0
2023-11-15T03:45+01:00,0
2023-11-15T04:00+01:00,0
2023-11-15T04:15+01:00,0
2023-11-15T04:30+01:00,0
2023-11-15T04:45+01:00,0
2023-11-15T05:00+01:00,0
2023-11-15T05:15+01:00,0
2023-11-15T05:30+01:00,0
2023-11-15T05:45+01:00,0
2023-11-15T06:00+01:00,0
2023-11-15T06:15+01:00,0
2023-11-15T06:30+01:00,0
2023-11-15T06:45+01:00,0
2023-11-15T07:00+01:00,20.5
2023-11-15T07:15+01:00,72.2
2023-11-15T07:30+01:00,178.4
2023-11-15T07:45+01:00,388
2023-11-15T08:00+01:00,778.2
2023-11-15T08:15+01:00,1342.3
2023-11-15T08:30+01:00,2029.6
2023-11-15T08:45+01:00,2810.6
2023-11-15T09:00+01:00,3512.4
2023-11-15T09:15+01:00,4278.6
2023-11-15T09:30+01:00,5054.8
2023-11-15T09:45+01:00,5795.2
2023-11-15T10:00+01:00,6447.1
2023-11-15T10:15+01:00,7086.7
2023-11-15T10:30+01:00,7675.6
2023-11-15T10:45+01:00,8176.3
2023-11-15T11:00+01:00,8577.4
2023-11-15T11:15+01:00,8940.8
2023-11-15T11:30+01:00,9196.7
2023-11-15T11:45+01:00,9342.9
2023-11-15T12:00+01:00,9396.2
2023-11-15T12:15+01:00,9346.6
2023-11-15T12:30+01:00,9229
2023-11-15T12:45+01:00,9031.7
2023-11-15T13:00+01:00,8780.3
2023-11-15T13:15+01:00,8410.7
2023-11-15T13:30+01:00,7957.3
2023-11-15T13:45+01:00,7459.1
2023-11-15T14:00+01:00,6892.8
2023-11-15T14:15+01:00,6248.3
2023-11-15T14:30+01:00,5529.9
2023-11-15T14:45+01:00,4747.5
2023-11-15T15:00+01:00,3919.1
2023-11-15T15:15+01:00,3032.5
2023-11-15T15:30+01:00,2142.8
2023-11-15T15:45+01:00,1369.9
2023-11-15T16:00+01:00,766.5
2023-11-15T16:15+01:00,386.6
2023-11-15T16:30+01:00,162.3
2023-11-15T16:45+01:00,40.6
2023-11-15T17:00+01:00,0
2023-11-15T17:15+01:00,0
2023-11-15T17:30+01:00,0
2023-11-15T17:45+01:00,0
2023-11-15T18:00+01:00,0
2023-11-15T18:15+01:00,0
2023-11-15T18:30+01:00,0
2023-11-15T18:45+01:00,0
2023-11-15T19:00+01:00,0
2023-11-15T19:15+01:00,0
2023-11-15T19:30+01:00,0
2023-11-15T19:45+01:00,0
2023-11-15T20:00+01:00,0
2023-11-15T20:15+01:00,0
2023-11-15T20:30+01:00,0
2023-11-15T20:45+01:00,0
2023-11-15T21:00+01:00,0
2023-11-15T21:15+01:00,0
2023-11-15T21:30+01:00,0
2023-11-15T21:45+01:00,0
2023-11-15T22:00+01:00,0
2023-11-15T22:15+01:00,0
2023-11-15T22:30+01:00,0
2023-11-15T22:45+01:00,0
2023-11-15T23:00+01:00,0
2023-11-15T23:15+01:00,0
2023-11-15T23:30+01:00,0
2023-11-15T23:45+01:00,0
2023-11-16T00:00+01:00,0
2023-11-16T00:15+01:00,0
2023-11-16T00:30+01:00,0
2023-11-16T00:45+01:00,0
2023-11-16T01:00+01:00,0
2023-11-16T01:15+01:00,0
2023-11-16T01:30+01:00,0
2023-11-16T01:45+01:00,0
2023-11-16T02:00+01:00,0
2023-11-16T02:15+01:00,0
2023-11-16T02:30+01:00,0
2023-11-16T02:45+01:00,0
2023-11-16T03:00+01:00,0
2023-11-16T03:15+01:00,0
2023-11-16T03:30+01:00,0
2023-11-16T03:45+01:00,0
2023-11-16T04:00+01:00,0
2023-11-16T04:15+01:00,0
2023-11-16T04:30+01:00,0
2023-11-16T04:45+01:00,0
2023-11-16T05:00+01:00,0
2023-11-16T05:15+01:00,0
2023-11-16T05:30+01:00,0
2023-11-16T05:45+01:00,0
2023-11-16T06:00+01:00,0
2023-11-16T06:15+01:00,0
2023-11-16T06:30+01:00,0
2023-11-16T06:45+01:00,0
2023-11-16T07:00+01:00,33.5
2023-11-16T07:15+01:00,114.4
2023-11-16T07:30+01:00,273.9
2023-11-16T07:45+01:00,566.7
2023-11-16T08:00+01:00,1069.3
2023-11-16T08:15+01:00,1770
2023-11-16T08:30+01:00,2652.7
2023-11-16T08:45+01:00,3565.1
2023-11-16T09:00+01:00,4378.1
2023-11-16T09:15+01:00,5186.9
2023-11-16T09:30+01:00,5956
2023-11-16T09:45+01:00,6632
2023-11-16T10:00+01:00,7183.8
2023-11-16T10:15+01:00,7637.1
2023-11-16T10:30+01:00,7984.2
2023-11-16T10:45+01:00,8218.7
2023-11-16T11:00+01:00,8335.3
2023-11-16T11:15+01:00,8366.7
2023-11-16T11:30+01:00,8304.4
2023-11-16T11:45+01:00,8143.6
2023-11-16T12:00+01:00,7855.6
2023-11-16T12:15+01:00,7468.6
2023-11-16T12:30+01:00,6982.4
2023-11-16T12:45+01:00,6445.4
2023-11-16T13:00+01:00,5828
2023-11-16T13:15+01:00,5282.7
2023-11-16T13:30+01:00,4719.1
2023-11-16T13:45+01:00,4155.6
2023-11-16T14:00+01:00,3601.6
2023-11-16T14:15+01:00,3068.3
2023-11-16T14:30+01:00,2547
2023-11-16T14:45+01:00,2051.9
2023-11-16T15:00+01:00,1607.8
2023-11-16T15:15+01:00,1203
2023-11-16T15:30+01:00,867.6
2023-11-16T15:45+01:00,569.8
2023-11-16T16:00+01:00,346.8
2023-11-16T16:15+01:00,196.1
2023-11-16T16:30+01:00,101.7
2023-11-16T16:45+01:00,39.1
2023-11-16T17:00+01:00,0
2023-11-16T17:15+01:00,0
2023-11-16T17:30+01:00,0
2023-11-16T17:45+01:00,0
2023-11-16T18:00+01:00,0
2023-11-16T18:15+01:00,0
2023-11-16T18:30+01:00,0
2023-11-16T18:45+01:00,0
2023-11-16T19:00+01:00,0
2023-11-16T19:15+01:00,0
2023-11-16T19:30+01:00,0
2023-11-16T19:45+01:00,0
2023-11-16T20:00+01:00,0
2023-11-16T20:15+01:00,0
2023-11-16T20:30+01:00,0
2023-11-16T20:45+01:00,0
2023-11-16T21:00+01:00,0
2023-11-16T21:15+01:00,0
2023-11-16T21:30+01:00,0
2023-11-16T21:45+01:00,0
2023-11-16T22:00+01:00,0
2023-11-16T22:15+01:00,0
2023-11-16T22:30+01:00,0
2023-11-16T22:45+01:00,0
2023-11-16T23:00+01:00,0
2023-11-16T23:15+01:00,0
2023-11-16T23:30+01:00,0
2023-11-16T23:45+01:00,0
2023-11-17T00:00+01:00,0
2023-11-17T00:15+01:00,0
2023-11-17T00:30+01:00,0
2023-11-17T00:45+01:00,0
2023-11-17T01:00+01:00,0
2023-11-17T01:15+01:00,0
2023-11-17T01:30+01:00,0
2023-11-17T01:45+01:00,0
2023-11-17T02:00+01:00,0
2023-11-17T02:15+01:00,0
2023-11-17T02:30+01:00,0
2023-11-17T02:45+01:00,0
2023-11-17T03:00+01:00,0
2023-11-17T03:15+01:00,0
2023-11-17T03:30+01:00,0
2023-11-17T03:45+01:00,0
2023-11-17T04:00+01:00,0
2023-11-17T04:15+01:00,0
2023-11-17T04:30+01:00,0
2023-11-17T04:45+01:00,0
2023-11-17T05:00+01:00,0
2023-11-17T05:15+01:00,0
2023-11-17T05:30+01:00,0
2023-11-17T05:45+01:00,0
2023-11-17T06:00+01:00,0
2023-11-17T06:15+01:00,0
2023-11-17T06:30+01:00,0
2023-11-17T06:45+01:00,0
2023-11-17T07:00+01:00,12.6
2023-11-17T07:15+01:00,33.9
2023-11-17T07:30+01:00,111.8
2023-11-17T07:45+01:00,260.4
2023-11-17T08:00+01:00,552.7
2023-11-17T08:15+01:00,993.5
2023-11-17T08:30+01:00,1573.2
2023-11-17T08:45+01:00,2225.5
2023-11-17T09:00+01:00,2898.4
2023-11-17T09:15+01:00,3581.2
2023-11-17T09:30+01:00,4299.6
2023-11-17T09:45+01:00,4987.6
2023-11-17T10:00+01:00,5618.9
2023-11-17T10:15+01:00,6235.1
2023-11-17T10:30+01:00,6823.3
2023-11-17T10:45+01:00,7326.6
2023-11-17T11:00+01:00,7733.8
2023-11-17T11:15+01:00,8093.8
2023-11-17T11:30+01:00,8363.2
2023-11-17T11:45+01:00,8546.5
2023-11-17T12:00+01:00,8636.4
2023-11-17T12:15+01:00,8608
2023-11-17T12:30+01:00,8503.8
2023-11-17T12:45+01:00,8294.1
2023-11-17T13:00+01:00,8002.1
2023-11-17T13:15+01:00,7602.1
2023-11-17T13:30+01:00,7122.9
2023-11-17T13:45+01:00,6603.2
2023-11-17T14:00+01:00,6027.2
2023-11-17T14:15+01:00,5396.7
2023-11-17T14:30+01:00,4717.1
2023-11-17T14:45+01:00,4006.6
2023-11-17T15:00+01:00,3274.7
2023-11-17T15:15+01:00,2556.3
2023-11-17T15:30+01:00,1743.7
2023-11-17T15:45+01:00,1083.8
2023-11-17T16:00+01:00,601.5
2023-11-17T16:15+01:00,297.8
2023-11-17T16:30+01:00,130.5
2023-11-17T16:45+01:00,40.8
2023-11-17T17:00+01:00,0
2023-11-17T17:15+01:00,0
2023-11-17T17:30+01:00,0
2023-11-17T17:45+01:00,0
2023-11-17T18:00+01:00,0
2023-11-17T18:15+01:00,0
2023-11-17T18:30+01:00,0
2023-11-17T18:45+01:00,0
2023-11-17T19:00+01:00,0
2023-11-17T19:15+01:00,0
2023-11-17T19:30+01:00,0
2023-11-17T19:45+01:00,0
2023-11-17T20:00+01:00,0
2023-11-17T20:15+01:00,0
2023-11-17T20:30+01:00,0
2023-11-17T20:45+01:00,0
2023-11-17T21:00+01:00,0
2023-11-17T21:15+01:00,0
2023-11-17T21:30+01:00,0
2023-11-17T21:45+01:00,0
2023-11-17T22:00+01:00,0
2023-11-17T22:15+01:00,0
2023-11-17T22:30+01:00,0
2023-11-17T22:45+01:00,0
2023-11-17T23:00+01:00,0
2023-11-17T23:15+01:00,0
2023-11-17T23:30+01:00,0
2023-11-17T23:45+01:00,0
2023-11-18T00:00+01:00,0
2023-11-18T00:15+01:00,0
2023-11-18T00:30+01:00,0
2023-11-18T00:45+01:00,0
2023-11-18T01:00+01:00,0
2023-11-18T01:15+01:00,0
2023-11-18T01:30+01:00,0
2023-11-18T01:45+01:00,0
2023-11-18T02:00+01:00,0
2023-11-18T02:15+01:00,0
2023-11-18T02:30+01:00,0
2023-11-18T02:45+01:00,0
2023-11-18T03:00+01:00,0
2023-11-18T03:15+01:00,0
2023-11-18T03:30+01:00,0
2023-11-18T03:45+01:00,0
2023-11-18T04:00+01:00,0
2023-11-18T04:15+01:00,0
2023-11-18T04:30+01:00,0
2023-11-18T04:45+01:00,0
2023-11-18T05:00+01:00,0
2023-11-18T05:15+01:00,0
2023-11-18T05:30+01:00,0
2023-11-18T05:45+01:00,0
2023-11-18T06:00+01:00,0
2023-11-18T06:15+01:00,0
2023-11-18T06:30+01:00,0
2023-11-18T06:45+01:00,0
2023-11-18T07:00+01:00,18.1
2023-11-18T07:15+01:00,47.7
2023-11-18T07:30+01:00,149.3
2023-11-18T07:45+01:00,362.3
2023-11-18T08:00+01:00,779.7
2023-11-18T08:15+01:00,1408.7
2023-11-18T08:30+01:00,2224.7
2023-11-18T08:45+01:00,3083.5
2023-11-18T09:00+01:00,3896.8
2023-11-18T09:15+01:00,4719.9
2023-11-18T09:30+01:00,5548.7
2023-11-18T09:45+01:00,6319.5
2023-11-18T10:00+01:00,6990.9
2023-11-18T10:15+01:00,7627.5
2023-11-18T10:30+01:00,8184.2
2023-11-18T10:45+01:00,8634.4
2023-11-18T11:00+01:00,8968.7
2023-11-18T11:15+01:00,9197
2023-11-18T11:30+01:00,9287.9
2023-11-18T11:45+01:00,9237.1
2023-11-18T12:00+01:00,9093.5
2023-11-18T12:15+01:00,8846.9
2023-11-18T12:30+01:00,8486
2023-11-18T12:45+01:00,8048.1
2023-11-18T13:00+01:00,7561.3
2023-11-18T13:15+01:00,7059.6
2023-11-18T13:30+01:00,6499.4
2023-11-18T13:45+01:00,5887.7
2023-11-18T14:00+01:00,5196.8
2023-11-18T14:15+01:00,4464
2023-11-18T14:30+01:00,3707.5
2023-11-18T14:45+01:00,2974.7
2023-11-18T15:00+01:00,2307.5
2023-11-18T15:15+01:00,1701.1
2023-11-18T15:30+01:00,1099.9
2023-11-18T15:45+01:00,652
2023-11-18T16:00+01:00,339.8
2023-11-18T16:15+01:00,158
2023-11-18T16:30+01:00,75.2
2023-11-18T16:45+01:00,33.3
2023-11-18T17:00+01:00,0
2023-11-18T17:15+01:00,0
2023-11-18T17:30+01:00,0
2023-11-18T17:45+01:00,0
2023-11-18T18:00+01:00,0
2023-11-18T18:15+01:00,0
2023-11-18T18:30+01:00,0
2023-11-18T18:45+01:00,0
2023-11-18T19:00+01:00,0
2023-11-18T19:15+01:00,0
2023-11-18T19:30+01:00,0
2023-11-18T19:45+01:00,0
2023-11-18T20:00+01:00,0
2023-11-18T20:15+01:00,0
2023-11-18T20:30+01:00,0
2023-11-18T20:45+01:00,0
2023-11-18T21:00+01:00,0
2023-11-18T21:15+01:00,0
2023-11-18T21:30+01:00,0
2023-11-18T21:45+01:00,0
2023-11-18T22:00+01:00,0
2023-11-18T22:15+01:00,0
2023-11-18T22:30+01:00,0
2023-11-18T22:45+01:00,0
2023-11-18T23:00+01:00,0
2023-11-18T23:15+01:00,0
2023-11-18T23:30+01:00,0
2023-11-18T23:45+01:00,0
2023-11-19T00:00+01:00,0
2023-11-19T00:15+01:00,0
2023-11-19T00:30+01:00,0
2023-11-19T00:45+01:00,0
2023-11-19T01:00+01:00,0
2023-11-19T01:15+01:00,0
2023-11-19T01:30+01:00,0
2023-11-19T01:45+01:00,0
2023-11-19T02:00+01:00,0
2023-11-19T02:15+01:00,0
2023-11-19T02:30+01:00,0
2023-11-19T02:45+01:00,0
2023-11-19T03:00+01:00,0
2023-11-19T03:15+01:00,0
2023-11-19T03:30+01:00,0
2023-11-19T03:45+01:00,0
2023-11-19T04:00+01:00,0
2023-11-19T04:15+01:00,0
2023-11-19T04:30+01:00,0
2023-11-19T04:45+01:00,0
2023-11-19T05:00+01:00,0
2023-11-19T05:15+01:00,0
2023-11-19T05:30+01:00,0
2023-11-19T05:45+01:00,0
2023-11-19T06:00+01:00,0
2023-11-19T06:15+01:00,0
2023-11-19T06:30+01:00,0
2023-11-19T06:45+01:00,0
2023-11-19T07:00+01:00,9.9
2023-11-19T07:15+01:00,29.4
2023-11-19T07:30+01:00,97.5
2023-11-19T07:45+01:00,215.1
2023-11-19T08:00+01:00,453.6
2023-11-19T08:15+01:00,855.6
2023-11-19T08:30+01:00,1383.9
2023-11-19T08:45+01:00,1970.7
2023-11-19T09:00+01:00,2588.8
2023-11-19T09:15+01:00,3282.2
2023-11-19T09:30+01:00,4032.6
2023-11-19T09:45+01:00,4761.4
2023-11-19T10:00+01:00,5495
2023-11-19T10:15+01:00,6211
2023-11-19T10:30+01:00,6904.7
2023-11-19T10:45+01:00,7485.9
2023-11-19T11:00+01:00,7968.3
2023-11-19T11:15+01:00,8422.4
2023-11-19T11:30+01:00,8793.1
2023-11-19T11:45+01:00,9071.8
2023-11-19T12:00+01:00,9280.8
2023-11-19T12:15+01:00,9387.1
2023-11-19T12:30+01:00,9415.6
2023-11-19T12:45+01:00,9314.4
2023-11-19T13:00+01:00,9120.4
2023-11-19T13:15+01:00,8787.3
2023-11-19T13:30+01:00,8346.7
2023-11-19T13:45+01:00,7847
2023-11-19T14:00+01:00,7192.2
2023-11-19T14:15+01:00,6396.8
2023-11-19T14:30+01:00,5511.3
2023-11-19T14:45+01:00,4591.4
2023-11-19T15:00+01:00,3683.8
2023-11-19T15:15+01:00,2804.9
2023-11-19T15:30+01:00,1920.6
2023-11-19T15:45+01:00,1171.8
2023-11-19T16:00+01:00,655.7
2023-11-19T16:15+01:00,297.2
2023-11-19T16:30+01:00,122.3
2023-11-19T16:45+01:00,37.6
2023-11-19T17:00+01:00,0
2023-11-19T17:15+01:00,0
2023-11-19T17:30+01:00,0
2023-11-19T17:45+01:00,0
2023-11-19T18:00+01:00,0
2023-11-19T18:15+01:00,0
2023-11-19T18:30+01:00,0
2023-11-19T18:45+01:00,0
2023-11-19T19:00+01:00,0
2023-11-19T19:15+01:00,0
2023-11-19T19:30+01:00,0
2023-11-19T19:45+01:00,0
2023-11-19T20:00+01:00,0
2023-11-19T20:15+01:00,0
2023-11-19T20:30+01:00,0
2023-11-19T20:45+01:00,0
2023-11-19T21:00+01:00,0
2023-11-19T21:15+01:00,0
2023-11-19T21:30+01:00,0
2023-11-19T21:45+01:00,0
2023-11-19T22:00+01:00,0
2023-11-19T22:15+01:00,0
2023-11-19T22:30+01:00,0
2023-11-19T22:45+01:00,0
2023-11-19T23:00+01:00,0
2023-11-19T23:15+01:00,0
2023-11-19T23:30+01:00,0
2023-11-19T23:45+01:00,0
2023-11-20T00:00+01:00,0
2023-11-20T00:15+01:00,0
2023-11-20T00:30+01:00,0
2023-11-20T00:45+01:00,0
2023-11-20T01:00+01:00,0
2023-11-20T01:15+01:00,0
2023-11-20T01:30+01:00,0
2023-11-20T01:45+01:00,0
2023-11-20T02:00+01:00,0
2023-11-20T02:15+01:00,0
2023-11-20T02:30+01:00,0
2023-11-20T02:45+01:00,0
2023-11-20T03:00+01:00,0
2023-11-20T03:15+01:00,0
2023-11-20T03:30+01:00,0
2023-11-20T03:45+01:00,0
2023-11-20T04:00+01:00,0
2023-11-20T04:15+01:00,0
2023-11-20T04:30+01:00,0
2023-11-20T04:45+01:00,0
2023-11-20T05:00+01:00,0
2023-11-20T05:15+01:00,0
2023-11-20T05:30+01:00,0
2023-11-20T05:45+01:00,0
2023-11-20T06:00+01:00,0
2023-11-20T06:15+01:00,0
2023-11-20T06:30+01:00,0
2023-11-20T06:45+01:00,0
2023-11-20T07:00+01:00,16.2
2023-11-20T07:15+01:00,52.2
2023-11-20T07:30+01:00,136.4
2023-11-20T07:45+01:00,283.2
2023-11-20T08:00+01:00,532.1
2023-11-20T08:15+01:00,890.5
2023-11-20T08:30+01:00,1339
2023-11-20T08:45+01:00,1886
2023-11-20T09:00+01:00,2411.3
2023-11-20T09:15+01:00,2990.9
2023-11-20T09:30+01:00,3588.1
2023-11-20T09:45+01:00,4152.6
2023-11-20T10:00+01:00,4686.2
2023-11-20T10:15+01:00,5191.7
2023-11-20T10:30+01:00,5665.5
2023-11-20T10:45+01:00,6084.6
2023-11-20T11:00+01:00,6447.7
2023-11-20T11:15+01:00,6756.8
2023-11-20T11:30+01:00,7006
2023-11-20T11:45+01:00,7189.6
2023-11-20T12:00+01:00,7301.8
2023-11-20T12:15+01:00,7332.8
2023-11-20T12:30+01:00,7308.4
2023-11-20T12:45+01:00,7184.7
2023-11-20T13:00+01:00,6979.6
2023-11-20T13:15+01:00,6715.3
2023-11-20T13:30+01:00,6374.8
2023-11-20T13:45+01:00,5986.6
2023-11-20T14:00+01:00,5502.3
2023-11-20T14:15+01:00,4915.3
2023-11-20T14:30+01:00,4260.3
2023-11-20T14:45+01:00,3573.4
2023-11-20T15:00+01:00,2894.4
2023-11-20T15:15+01:00,2271.5
2023-11-20T15:30+01:00,1539.2
2023-11-20T15:45+01:00,924.2
2023-11-20T16:00+01:00,489.7
2023-11-20T16:15+01:00,224.7
2023-11-20T16:30+01:00,97.1
2023-11-20T16:45+01:00,35.9
2023-11-20T17:00+01:00,0
2023-11-20T17:15+01:00,0
2023-11-20T17:30+01:00,0
2023-11-20T17:45+01:00,0
2023-11-20T18:00+01:00,0
2023-11-20T18:15+01:00,0
2023-11-20T18:30+01:00,0
2023-11-20T18:45+01:00,0
2023-11-20T19:00+01:00,0
2023-11-20T19:15+01:00,0
2023-11-20T19:30+01:00,0
2023-11-20T19:45+01:00,0
2023-11-20T20:00+01:00,0
2023-11-20T20:15+01:00,0
2023-11-20T20:30+01:00,0
2023-11-20T20:45+01:00,0
2023-11-20T21:00+01:00,0
2023-11-20T21:15+01:00,0
2023-11-20T21:30+01:00,0
2023-11-20T21:45+01:00,0
2023-11-20T22:00+01:00,0
2023-11-20T22:15+01:00,0
2023-11-20T22:30+01:00,0
2023-11-20T22:45+01:00,0
2023-11-20T23:00+01:00,0
2023-11-20T23:15+01:00,0
2023-11-20T23:30+01:00,0
2023-11-20T23:45+01:00,0
2023-11-21T00:00+01:00,0
2023-11-21T00:15+01:00,0
2023-11-21T00:30+01:00,0
2023-11-21T00:45+01:00,0
2023-11-21T01:00+01:00,0
2023-11-21T01:15+01:00,0
2023-11-21T01:30+01:00,0
2023-11-21T01:45+01:00,0
2023-11-21T02:00+01:00,0
2023-11-21T02:15+01:00,0
2023-11-21T02:30+01:00,0
2023-11-21T02:45+01:00,0
2023-11-21T03:00+01:00,0
2023-11-21T03:15+01:00,0
2023-11-21T03:30+01:00,0
2023-11-21T03:45+01:00,0
2023-11-21T04:00+01:00,0
2023-11-21T04:15+01:00,0
2023-11-21T04:30+01:00,0
2023-11-21T04:45+01:00,0
2023-11-21T05:00+01:00,0
2023-11-21T05:15+01:00,0
2023-11-21T05:30+01:00,0
2023-11-21T05:45+01:00,0
2023-11-21T06:00+01:00,0
2023-11-21T06:15+01:00,0
2023-11-21T06:30+01:00,0
2023-11-21T06:45+01:00,0
2023-11-21T07:00+01:00,7.8
2023-11-21T07:15+01:00,24.5
2023-11-21T07:30+01:00,73.3
2023-11-21T07:45+01:00,183.1
2023-11-21T08:00+01:00,389.1
2023-11-21T08:15+01:00,705.6
2023-11-21T08:30+01:00,1079
2023-11-21T08:45+01:00,1482.4
2023-11-21T09:00+01:00,1975.4
2023-11-21T09:15+01:00,2458.8
2023-11-21T09:30+01:00,2963.3
2023-11-21T09:45+01:00,3443.9
2023-11-21T10:00+01:00,3878.8
2023-11-21T10:15+01:00,4282.2
2023-11-21T10:30+01:00,4628.9
2023-11-21T10:45+01:00,4903.5
2023-11-21T11:00+01:00,5113.2
2023-11-21T11:15+01:00,5284.8
2023-11-21T11:30+01:00,5381.5
2023-11-21T11:45+01:00,5422.4
2023-11-21T12:00+01:00,5435.4
2023-11-21T12:15+01:00,5412.8
2023-11-21T12:30+01:00,5335.4
2023-11-21T12:45+01:00,5192.5
2023-11-21T13:00+01:00,4995.7
2023-11-21T13:15+01:00,4748.5
2023-11-21T13:30+01:00,4436.1
2023-11-21T13:45+01:00,4070.8
2023-11-21T14:00+01:00,3669.8
2023-11-21T14:15+01:00,3220.6
2023-11-21T14:30+01:00,2734.5
2023-11-21T14:45+01:00,2247.3
2023-11-21T15:00+01:00,1804.9
2023-11-21T15:15+01:00,1347.5
2023-11-21T15:30+01:00,939.7
2023-11-21T15:45+01:00,599.2
2023-11-21T16:00+01:00,335.7
2023-11-21T16:15+01:00,166.6
2023-11-21T16:30+01:00,75.8
2023-11-21T16:45+01:00,17.1
2023-11-21T17:00+01:00,0
2023-11-21T17:15+01:00,0
2023-11-21T17:30+01:00,0
2023-11-21T17:45+01:00,0
2023-11-21T18:00+01:00,0
2023-11-21T18:15+01:00,0
2023-11-21T18:30+01:00,0
2023-11-21T18:45+01:00,0
2023-11-21T19:00+01:00,0
2023-11-21T19:15+01:00,0
2023-11-21T19:30+01:00,0
2023-11-21T19:45+01:00,0
2023-11-21T20:00+01:00,0
2023-11-21T20:15+01:00,0
2023-11-21T20:30+01:00,0
2023-11-21T20:45+01:00,0
2023-11-21T21:00+01:00,0
2023-11-21T21:15+01:00,0
2023-11-21T21:30+01:00,0
2023-11-21T21:45+01:00,0
2023-11-21T22:00+01:00,0
2023-11-21T22:15+01:00,0
2023-11-21T22:30+01:00,0
2023-11-21T22:45+01:00,0
2023-11-21T23:00+01:00,0
2023-11-21T23:15+01:00,0
2023-11-21T23:30+01:00,0
2023-11-21T23:45+01:00,0
2023-11-22T00:00+01:00,0
2023-11-22T00:15+01:00,0
2023-11-22T00:30+01:00,0
2023-11-22T00:45+01:00,0
2023-11-22T01:00+01:00,0
2023-11-22T01:15+01:00,0
2023-11-22T01:30+01:00,0
2023-11-22T01:45+01:00,0
2023-11-22T02:00+01:00,0
2023-11-22T02:15+01:00,0
2023-11-22T02:30+01:00,0
2023-11-22T02:45+01:00,0
2023-11-22T03:00+01:00,0
2023-11-22T03:15+01:00,0
2023-11-22T03:30+01:00,0
2023-11-22T03:45+01:00,0
2023-11-22T04:00+01:00,0
2023-11-22T04:15+01:00,0
2023-11-22T04:30+01:00,0
2023-11-22T04:45+01:00,0
2023-11-22T05:00+01:00,0
2023-11-22T05:15+01:00,0
2023-11-22T05:30+01:00,0
2023-11-22T05:45+01:00,0
2023-11-22T06:00+01:00,0
2023-11-22T06:15+01:00,0
2023-11-22T06:30+01:00,0
2023-11-22T06:45+01:00,0
2023-11-22T07:00+01:00,2
2023-11-22T07:15+01:00,4
2023-11-22T07:30+01:00,50.5
2023-11-22T07:45+01:00,206.6
2023-11-22T08:00+01:00,625.2
2023-11-22T08:15+01:00,1379.9
2023-11-22T08:30+01:00,2295.9
2023-11-22T08:45+01:00,3318.1
2023-11-22T09:00+01:00,4287.6
2023-11-22T09:15+01:00,5285.5
2023-11-22T09:30+01:00,6250.6
2023-11-22T09:45+01:00,7170.2
2023-11-22T10:00+01:00,8037.9
2023-11-22T10:15+01:00,8847
2023-11-22T10:30+01:00,9593.5
2023-11-22T10:45+01:00,10185.1
2023-11-22T11:00+01:00,10555
2023-11-22T11:15+01:00,10854.4
2023-11-22T11:30+01:00,10984
2023-11-22T11:45+01:00,11015.3
2023-11-22T12:00+01:00,10953.5
2023-11-22T12:15+01:00,10638.7
2023-11-22T12:30+01:00,10276.5
2023-11-22T12:45+01:00,9836.4
2023-11-22T13:00+01:00,9305.4
2023-11-22T13:15+01:00,8689.5
2023-11-22T13:30+01:00,8003.3
2023-11-22T13:45+01:00,7289.7
2023-11-22T14:00+01:00,6499.1
2023-11-22T14:15+01:00,5621.1
2023-11-22T14:30+01:00,4713.4
2023-11-22T14:45+01:00,3842.2
2023-11-22T15:00+01:00,3035.4
2023-11-22T15:15+01:00,2257.3
2023-11-22T15:30+01:00,1517.9
2023-11-22T15:45+01:00,901.9
2023-11-22T16:00+01:00,443.8
2023-11-22T16:15+01:00,202
2023-11-22T16:30+01:00,100.1
2023-11-22T16:45+01:00,17.4
2023-11-22T17:00+01:00,0
2023-11-22T17:15+01:00,0
2023-11-22T17:30+01:00,0
2023-11-22T17:45+01:00,0
2023-11-22T18:00+01:00,0
2023-11-22T18:15+01:00,0
2023-11-22T18:30+01:00,0
2023-11-22T18:45+01:00,0
2023-11-22T19:00+01:00,0
2023-11-22T19:15+01:00,0
2023-11-22T19:30+01:00,0
2023-11-22T19:45+01:00,0
2023-11-22T20:00+01:00,0
2023-11-22T20:15+01:00,0
2023-11-22T20:30+01:00,0
2023-11-22T20:45+01:00,0
2023-11-22T21:00+01:00,0
2023-11-22T21:15+01:00,0
2023-11-22T21:30+01:00,0
2023-11-22T21:45+01:00,0
2023-11-22T22:00+01:00,0
2023-11-22T22:15+01:00,0
2023-11-22T22:30+01:00,0
2023-11-22T22:45+01:00,0
2023-11-22T23:00+01:00,0
2023-11-22T23:15+01:00,0
2023-11-22T23:30+01:00,0
2023-11-22T23:45+01:00,0
2023-11-23T00:00+01:00,0
2023-11-23T00:15+01:00,0
2023-11-23T00:30+01:00,0
2023-11-23T00:45+01:00,0
2023-11-23T01:00+01:00,0
2023-11-23T01:15+01:00,0
2023-11-23T01:30+01:00,0
2023-11-23T01:45+01:00,0
2023-11-23T02:00+01:00,0
2023-11-23T02:15+01:00,0
2023-11-23T02:30+01:00,0
2023-11-23T02:45+01:00,0
2023-11-23T03:00+01:00,0
2023-11-23T03:15+01:00,0
2023-11-23T03:30+01:00,0
2023-11-23T03:45+01:00,0
2023-11-23T04:00+01:00,0
2023-11-23T04:15+01:00,0
2023-11-23T04:30+01:00,0
2023-11-23T04:45+01:00,0
2023-11-23T05:00+01:00,0
2023-11-23T05:15+01:00,0
2023-11-23T05:30+01:00,0
2023-11-23T05:45+01:00,0
2023-11-23T06:00+01:00,0
2023-11-23T06:15+01:00,0
2023-11-23T06:30+01:00,0
2023-11-23T06:45+01:00,0
2023-11-23T07:00+01:00,20.7
2023-11-23T07:15+01:00,62.7
2023-11-23T07:30+01:00,149.2
2023-11-23T07:45+01:00,329
2023-11-23T08:00+01:00,671.2
2023-11-23T08:15+01:00,1185.9
2023-11-23T08:30+01:00,1851.8
2023-11-23T08:45+01:00,2596.3
2023-11-23T09:00+01:00,3276.1
2023-11-23T09:15+01:00,3989.6
2023-11-23T09:30+01:00,4703.5
2023-11-23T09:45+01:00,5359.1
2023-11-23T10:00+01:00,5927.3
2023-11-23T10:15+01:00,6382.4
2023-11-23T10:30+01:00,6774.9
2023-11-23T10:45+01:00,7069.1
2023-11-23T11:00+01:00,7276.6
2023-11-23T11:15+01:00,7434.6
2023-11-23T11:30+01:00,7503.4
2023-11-23T11:45+01:00,7520.6
2023-11-23T12:00+01:00,7480.4
2023-11-23T12:15+01:00,7328.9
2023-11-23T12:30+01:00,7121.8
2023-11-23T12:45+01:00,6850.7
2023-11-23T13:00+01:00,6520.4
2023-11-23T13:15+01:00,6157.9
2023-11-23T13:30+01:00,5739.9
2023-11-23T13:45+01:00,5266
2023-11-23T14:00+01:00,4736.9
2023-11-23T14:15+01:00,4145
2023-11-23T14:30+01:00,3516.9
2023-11-23T14:45+01:00,2900.4
2023-11-23T15:00+01:00,2360.6
2023-11-23T15:15+01:00,1750.6
2023-11-23T15:30+01:00,1223.3
2023-11-23T15:45+01:00,756.6
2023-11-23T16:00+01:00,398.4
2023-11-23T16:15+01:00,186.1
2023-11-23T16:30+01:00,86
2023-11-23T16:45+01:00,24.3
2023-11-23T17:00+01:00,0
2023-11-23T17:15+01:00,0
2023-11-23T17:30+01:00,0
2023-11-23T17:45+01:00,0
2023-11-23T18:00+01:00,0
2023-11-23T18:15+01:00,0
2023-11-23T18:30+01:00,0
2023-11-23T18:45+01:00,0
2023-11-23T19:00+01:00,0
2023-11-23T19:15+01:00,0
2023-11-23T19:30+01:00,0
2023-11-23T19:45+01:00,0
2023-11-23T20:00+01:00,0
2023-11-23T20:15+01:00,0
2023-11-23T20:30+01:00,0
2023-11-23T20:45+01:00,0
2023-11-23T21:00+01:00,0
2023-11-23T21:15+01:00,0
2023-11-23T21:30+01:00,0
2023-11-23T21:45+01:00,0
2023-11-23T22:00+01:00,0
2023-11-23T22:15+01:00,0
2023-11-23T22:30+01:00,0
2023-11-23T22:45+01:00,0
2023-11-23T23:00+01:00,0
2023-11-23T23:15+01:00,0
2023-11-23T23:30+01:00,0
2023-11-23T23:45+01:00,0
2023-11-24T00:00+01:00,0
2023-11-24T00:15+01:00,0
2023-11-24T00:30+01:00,0
2023-11-24T00:45+01:00,0
2023-11-24T01:00+01:00,0
2023-11-24T01:15+01:00,0
2023-11-24T01:30+01:00,0
2023-11-24T01:45+01:00,0
2023-11-24T02:00+01:00,0
2023-11-24T02:15+01:00,0
2023-11-24T02:30+01:00,0
2023-11-24T02:45+01:00,0
2023-11-24T03:00+01:00,0
2023-11-24T03:15+01:00,0
2023-11-24T03:30+01:00,0
2023-11-24T03:45+01:00,0
2023-11-24T04:00+01:00,0
2023-11-24T04:15+01:00,0
2023-11-24T04:30+01:00,0
2023-11-24T04:45+01:00,0
2023-11-24T05:00+01:00,0
2023-11-24T05:15+01:00,0
2023-11-24T05:30+01:00,0
2023-11-24T05:45+01:00,0
2023-11-24T06:00+01:00,0
2023-11-24T06:15+01:00,0
2023-11-24T06:30+01:00,0
2023-11-24T06:45+01:00,0
2023-11-24T07:00+01:00,8.4
2023-11-24T07:15+01:00,19.4
2023-11-24T07:30+01:00,61.8
2023-11-24T07:45+01:00,195.9
2023-11-24T08:00+01:00,429.8
2023-11-24T08:15+01:00,816.2
2023-11-24T08:30+01:00,1313.2
2023-11-24T08:45+01:00,1898.4
2023-11-24T09:00+01:00,2607.4
2023-11-24T09:15+01:00,3333.9
2023-11-24T09:30+01:00,4084.8
2023-11-24T09:45+01:00,4817.1
2023-11-24T10:00+01:00,5469.6
2023-11-24T10:15+01:00,6068.3
2023-11-24T10:30+01:00,6598.5
2023-11-24T10:45+01:00,7045.1
2023-11-24T11:00+01:00,7418.7
2023-11-24T11:15+01:00,7710.3
2023-11-24T11:30+01:00,7884.5
2023-11-24T11:45+01:00,7969
2023-11-24T12:00+01:00,7972.9
2023-11-24T12:15+01:00,7891.8
2023-11-24T12:30+01:00,7714
2023-11-24T12:45+01:00,7453.2
2023-11-24T13:00+01:00,7142.8
2023-11-24T13:15+01:00,6826
2023-11-24T13:30+01:00,6437.9
2023-11-24T13:45+01:00,5963.5
2023-11-24T14:00+01:00,5419.3
2023-11-24T14:15+01:00,4736.3
2023-11-24T14:30+01:00,3972.1
2023-11-24T14:45+01:00,3215.3
2023-11-24T15:00+01:00,2529
2023-11-24T15:15+01:00,1867.8
2023-11-24T15:30+01:00,1270.7
2023-11-24T15:45+01:00,766.3
2023-11-24T16:00+01:00,388.7
2023-11-24T16:15+01:00,180
2023-11-24T16:30+01:00,81.8
2023-11-24T16:45+01:00,22.6
2023-11-24T17:00+01:00,0
2023-11-24T17:15+01:00,0
2023-11-24T17:30+01:00,0
2023-11-24T17:45+01:00,0
2023-11-24T18:00+01:00,0
2023-11-24T18:15+01:00,0
2023-11-24T18:30+01:00,0
2023-11-24T18:45+01:00,0
2023-11-24T19:00+01:00,0
2023-11-24T19:15+01:00,0
2023-11-24T19:30+01:00,0
2023-11-24T19:45+01:00,0
2023-11-24T20:00+01:00,0
2023-11-24T20:15+01:00,0
2023-11-24T20:30+01:00,0
2023-11-24T20:45+01:00,0
2023-11-24T21:00+01:00,0
2023-11-24T21:15+01:00,0
2023-11-24T21:30+01:00,0
2023-11-24T21:45+01:00,0
2023-11-24T22:00+01:00,0
2023-11-24T22:15+01:00,0
2023-11-24T22:30+01:00,0
2023-11-24T22:45+01:00,0
2023-11-24T23:00+01:00,0
2023-11-24T23:15+01:00,0
2023-11-24T23:30+01:00,0
2023-11-24T23:45+01:00,0
2023-11-25T00:00+01:00,0
2023-11-25T00:15+01:00,0
2023-11-25T00:30+01:00,0
2023-11-25T00:45+01:00,0
2023-11-25T01:00+01:00,0
2023-11-25T01:15+01:00,0
2023-11-25T01:30+01:00,0
2023-11-25T01:45+01:00,0
2023-11-25T02:00+01:00,0
2023-11-25T02:15+01:00,0
2023-11-25T02:30+01:00,0
2023-11-25T02:45+01:00,0
2023-11-25T03:00+01:00,0
2023-11-25T03:15+01:00,0
2023-11-25T03:30+01:00,0
2023-11-25T03:45+01:00,0
2023-11-25T04:00+01:00,0
2023-11-25T04:15+01:00,0
2023-11-25T04:30+01:00,0
2023-11-25T04:45+01:00,0
2023-11-25T05:00+01:00,0
2023-11-25T05:15+01:00,0
2023-11-25T05:30+01:00,0
2023-11-25T05:45+01:00,0
2023-11-25T06:00+01:00,0
2023-11-25T06:15+01:00,0
2023-11-25T06:30+01:00,0
2023-11-25T06:45+01:00,0
2023-11-25T07:00+01:00,2.7
2023-11-25T07:15+01:00,4.9
2023-11-25T07:30+01:00,30
2023-11-25T07:45+01:00,182.6
2023-11-25T08:00+01:00,532.2
2023-11-25T08:15+01:00,1133.3
2023-11-25T08:30+01:00,1912.9
2023-11-25T08:45+01:00,2760.2
2023-11-25T09:00+01:00,3593.4
2023-11-25T09:15+01:00,4426.6
2023-11-25T09:30+01:00,5237.6
2023-11-25T09:45+01:00,5967.6
2023-11-25T10:00+01:00,6534.8
2023-11-25T10:15+01:00,7008.8
2023-11-25T10:30+01:00,7375.2
2023-11-25T10:45+01:00,7673.4
2023-11-25T11:00+01:00,7894.8
2023-11-25T11:15+01:00,8033.4
2023-11-25T11:30+01:00,8069.9
2023-11-25T11:45+01:00,8053.6
2023-11-25T12:00+01:00,7958.5
2023-11-25T12:15+01:00,7759.6
2023-11-25T12:30+01:00,7477.9
2023-11-25T12:45+01:00,7145.8
2023-11-25T13:00+01:00,6785.7
2023-11-25T13:15+01:00,6392.3
2023-11-25T13:30+01:00,5928.4
2023-11-25T13:45+01:00,5407.9
2023-11-25T14:00+01:00,4826.8
2023-11-25T14:15+01:00,4190.5
2023-11-25T14:30+01:00,3516.6
2023-11-25T14:45+01:00,2845.9
2023-11-25T15:00+01:00,2233.2
2023-11-25T15:15+01:00,1601.8
2023-11-25T15:30+01:00,1066.6
2023-11-25T15:45+01:00,633.4
2023-11-25T16:00+01:00,316.8
2023-11-25T16:15+01:00,142.9
2023-11-25T16:30+01:00,59.5
2023-11-25T16:45+01:00,15.1
2023-11-25T17:00+01:00,0
2023-11-25T17:15+01:00,0
2023-11-25T17:30+01:00,0
2023-11-25T17:45+01:00,0
2023-11-25T18:00+01:00,0
2023-11-25T18:15+01:00,0
2023-11-25T18:30+01:00,0
2023-11-25T18:45+01:00,0
2023-11-25T19:00+01:00,0
2023-11-25T19:15+01:00,0
2023-11-25T19:30+01:00,0
2023-11-25T19:45+01:00,0
2023-11-25T20:00+01:00,0
2023-11-25T20:15+01:00,0
2023-11-25T20:30+01:00,0
2023-11-25T20:45+01:00,0
2023-11-25T21:00+01:00,0
2023-11-25T21:15+01:00,0
2023-11-25T21:30+01:00,0
2023-11-25T21:45+01:00,0
2023-11-25T22:00+01:00,0
2023-11-25T22:15+01:00,0
2023-11-25T22:30+01:00,0
2023-11-25T22:45+01:00,0
2023-11-25T23:00+01:00,0
2023-11-25T23:15+01:00,0
2023-11-25T23:30+01:00,0
2023-11-25T23:45+01:00,0
2023-11-26T00:00+01:00,0
2023-11-26T00:15+01:00,0
2023-11-26T00:30+01:00,0
2023-11-26T00:45+01:00,0
2023-11-26T01:00+01:00,0
2023-11-26T01:15+01:00,0
2023-11-26T01:30+01:00,0
2023-11-26T01:45+01:00,0
2023-11-26T02:00+01:00,0
2023-11-26T02:15+01:00,0
2023-11-26T02:30+01:00,0
2023-11-26T02:45+01:00,0
2023-11-26T03:00+01:00,0
2023-11-26T03:15+01:00,0
2023-11-26T03:30+01:00,0
2023-11-26T03:45+01:00,0
2023-11-26T04:00+01:00,0
2023-11-26T04:15+01:00,0
2023-11-26T04:30+01:00,0
2023-11-26T04:45+01:00,0
2023-11-26T05:00+01:00,0
2023-11-26T05:15+01:00,0
2023-11-26T05:30+01:00,0
2023-11-26T05:45+01:00,0
2023-11-26T06:00+01:00,0
2023-11-26T06:15+01:00,0
2023-11-26T06:30+01:00,0
2023-11-26T06:45+01:00,0
2023-11-26T07:00+01:00,3
2023-11-26T07:15+01:00,6
2023-11-26T07:30+01:00,27.8
2023-11-26T07:45+01:00,155.7
2023-11-26T08:00+01:00,453
2023-11-26T08:15+01:00,953.1
2023-11-26T08:30+01:00,1618.9
2023-11-26T08:45+01:00,2409.6
2023-11-26T09:00+01:00,3200.9
2023-11-26T09:15+01:00,4016.6
2023-11-26T09:30+01:00,4824.2
2023-11-26T09:45+01:00,5613.5
2023-11-26T10:00+01:00,6292.6
2023-11-26T10:15+01:00,6895.2
2023-11-26T10:30+01:00,7401.4
2023-11-26T10:45+01:00,7862.3
2023-11-26T11:00+01:00,8217.9
2023-11-26T11:15+01:00,8415.7
2023-11-26T11:30+01:00,8522.7
2023-11-26T11:45+01:00,8534.3
2023-11-26T12:00+01:00,8430.1
2023-11-26T12:15+01:00,8206.6
2023-11-26T12:30+01:00,7862.2
2023-11-26T12:45+01:00,7459
2023-11-26T13:00+01:00,7025.4
2023-11-26T13:15+01:00,6592.6
2023-11-26T13:30+01:00,6118.5
2023-11-26T13:45+01:00,5568.8
2023-11-26T14:00+01:00,4986.6
2023-11-26T14:15+01:00,4314.3
2023-11-26T14:30+01:00,3584.7
2023-11-26T14:45+01:00,2880.4
2023-11-26T15:00+01:00,2224.7
2023-11-26T15:15+01:00,1589.9
2023-11-26T15:30+01:00,1002.7
2023-11-26T15:45+01:00,556.4
2023-11-26T16:00+01:00,249.5
2023-11-26T16:15+01:00,101.3
2023-11-26T16:30+01:00,47.3
2023-11-26T16:45+01:00,11.7
2023-11-26T17:00+01:00,0
2023-11-26T17:15+01:00,0
2023-11-26T17:30+01:00,0
2023-11-26T17:45+01:00,0
2023-11-26T18:00+01:00,0
2023-11-26T18:15+01:00,0
2023-11-26T18:30+01:00,0
2023-11-26T18:45+01:00,0
2023-11-26T19:00+01:00,0
2023-11-26T19:15+01:00,0
2023-11-26T19:30+01:00,0
2023-11-26T19:45+01:00,0
2023-11-26T20:00+01:00,0
2023-11-26T20:15+01:00,0
2023-11-26T20:30+01:00,0
2023-11-26T20:45+01:00,0
2023-11-26T21:00+01:00,0
2023-11-26T21:15+01:00,0
2023-11-26T21:30+01:00,0
2023-11-26T21:45+01:00,0
2023-11-26T22:00+01:00,0
2023-11-26T22:15+01:00,0
2023-11-26T22:30+01:00,0
2023-11-26T22:45+01:00,0
2023-11-26T23:00+01:00,0
2023-11-26T23:15+01:00,0
2023-11-26T23:30+01:00,0
2023-11-26T23:45+01:00,0
2023-11-27T00:00+01:00,0
2023-11-27T00:15+01:00,0
2023-11-27T00:30+01:00,0
2023-11-27T00:45+01:00,0
2023-11-27T01:00+01:00,0
2023-11-27T01:15+01:00,0
2023-11-27T01:30+01:00,0
2023-11-27T01:45+01:00,0
2023-11-27T02:00+01:00,0
2023-11-27T02:15+01:00,0
2023-11-27T02:30+01:00,0
2023-11-27T02:45+01:00,0
2023-11-27T03:00+01:00,0
2023-11-27T03:15+01:00,0
2023-11-27T03:30+01:00,0
2023-11-27T03:45+01:00,0
2023-11-27T04:00+01:00,0
2023-11-27T04:15+01:00,0
2023-11-27T04:30+01:00,0
2023-11-27T04:45+01:00,0
2023-11-27T05:00+01:00,0
2023-11-27T05:15+01:00,0
2023-11-27T05:30+01:00,0
2023-11-27T05:45+01:00,0
2023-11-27T06:00+01:00,0
2023-11-27T06:15+01:00,0
2023-11-27T06:30+01:00,0
2023-11-27T06:45+01:00,0
2023-11-27T07:00+01:00,2.3
2023-11-27T07:15+01:00,1.7
2023-11-27T07:30+01:00,20.5
2023-11-27T07:45+01:00,122.5
2023-11-27T08:00+01:00,280.2
2023-11-27T08:15+01:00,524.1
2023-11-27T08:30+01:00,831.8
2023-11-27T08:45+01:00,1207.2
2023-11-27T09:00+01:00,1656.3
2023-11-27T09:15+01:00,2094.4
2023-11-27T09:30+01:00,2557.8
2023-11-27T09:45+01:00,3009.3
2023-11-27T10:00+01:00,3390.7
2023-11-27T10:15+01:00,3758.8
2023-11-27T10:30+01:00,4068.4
2023-11-27T10:45+01:00,4325.4
2023-11-27T11:00+01:00,4494.3
2023-11-27T11:15+01:00,4545.9
2023-11-27T11:30+01:00,4558.2
2023-11-27T11:45+01:00,4538
2023-11-27T12:00+01:00,4416.5
2023-11-27T12:15+01:00,4230.3
2023-11-27T12:30+01:00,3949.7
2023-11-27T12:45+01:00,3625.2
2023-11-27T13:00+01:00,3286.2
2023-11-27T13:15+01:00,2952.9
2023-11-27T13:30+01:00,2607.7
2023-11-27T13:45+01:00,2265.3
2023-11-27T14:00+01:00,1926.4
2023-11-27T14:15+01:00,1605
2023-11-27T14:30+01:00,1294
2023-11-27T14:45+01:00,1015.4
2023-11-27T15:00+01:00,740.6
2023-11-27T15:15+01:00,541.2
2023-11-27T15:30+01:00,372.6
2023-11-27T15:45+01:00,243
2023-11-27T16:00+01:00,141.5
2023-11-27T16:15+01:00,82.2
2023-11-27T16:30+01:00,49.7
2023-11-27T16:45+01:00,7.7
2023-11-27T17:00+01:00,0
2023-11-27T17:15+01:00,0
2023-11-27T17:30+01:00,0
2023-11-27T17:45+01:00,0
2023-11-27T18:00+01:00,0
2023-11-27T18:15+01:00,0
2023-11-27T18:30+01:00,0
2023-11-27T18:45+01:00,0
2023-11-27T19:00+01:00,0
2023-11-27T19:15+01:00,0
2023-11-27T19:30+01:00,0
2023-11-27T19:45+01:00,0
2023-11-27T20:00+01:00,0
2023-11-27T20:15+01:00,0
2023-11-27T20:30+01:00,0
2023-11-27T20:45+01:00,0
2023-11-27T21:00+01:00,0
2023-11-27T21:15+01:00,0
2023-11-27T21:30+01:00,0
2023-11-27T21:45+01:00,0
2023-11-27T22:00+01:00,0
2023-11-27T22:15+01:00,0
2023-11-27T22:30+01:00,0
2023-11-27T22:45+01:00,0
2023-11-27T23:00+01:00,0
2023-11-27T23:15+01:00,0
2023-11-27T23:30+01:00,0
2023-11-27T23:45+01:00,0
2023-11-28T00:00+01:00,0
2023-11-28T00:15+01:00,0
2023-11-28T00:30+01:00,0
2023-11-28T00:45+01:00,0
2023-11-28T01:00+01:00,0
2023-11-28T01:15+01:00,0
2023-11-28T01:30+01:00,0
2023-11-28T01:45+01:00,0
2023-11-28T02:00+01:00,0
2023-11-28T02:15+01:00,0
2023-11-28T02:30+01:00,0
2023-11-28T02:45+01:00,0
2023-11-28T03:00+01:00,0
2023-11-28T03:15+01:00,0
2023-11-28T03:30+01:00,0
2023-11-28T03:45+01:00,0
2023-11-28T04:00+01:00,0
2023-11-28T04:15+01:00,0
2023-11-28T04:30+01:00,0
2023-11-28T04:45+01:00,0
2023-11-28T05:00+01:00,0
2023-11-28T05:15+01:00,0
2023-11-28T05:30+01:00,0
2023-11-28T05:45+01:00,0
2023-11-28T06:00+01:00,0
2023-11-28T06:15+01:00,0
2023-11-28T06:30+01:00,0
2023-11-28T06:45+01:00,0
2023-11-28T07:00+01:00,1.3
2023-11-28T07:15+01:00,4.5
2023-11-28T07:30+01:00,10.2
2023-11-28T07:45+01:00,80.5
2023-11-28T08:00+01:00,174.7
2023-11-28T08:15+01:00,321.6
2023-11-28T08:30+01:00,545.6
2023-11-28T08:45+01:00,840
2023-11-28T09:00+01:00,1160.4
2023-11-28T09:15+01:00,1588.1
2023-11-28T09:30+01:00,2074.3
2023-11-28T09:45+01:00,2527.3
2023-11-28T10:00+01:00,2951.9
2023-11-28T10:15+01:00,3354.2
2023-11-28T10:30+01:00,3725.3
2023-11-28T10:45+01:00,4100.3
2023-11-28T11:00+01:00,4432.9
2023-11-28T11:15+01:00,4670.4
2023-11-28T11:30+01:00,4871.9
2023-11-28T11:45+01:00,4997.2
2023-11-28T12:00+01:00,5032.4
2023-11-28T12:15+01:00,5050.6
2023-11-28T12:30+01:00,4987.7
2023-11-28T12:45+01:00,4877
2023-11-28T13:00+01:00,4729.8
2023-11-28T13:15+01:00,4532.7
2023-11-28T13:30+01:00,4289.1
2023-11-28T13:45+01:00,3957.9
2023-11-28T14:00+01:00,3596.4
2023-11-28T14:15+01:00,3159.9
2023-11-28T14:30+01:00,2662.6
2023-11-28T14:45+01:00,2146.2
2023-11-28T15:00+01:00,1676.7
2023-11-28T15:15+01:00,1173.5
2023-11-28T15:30+01:00,770.7
2023-11-28T15:45+01:00,453.5
2023-11-28T16:00+01:00,220.8
2023-11-28T16:15+01:00,107.6
2023-11-28T16:30+01:00,46
2023-11-28T16:45+01:00,11.1
2023-11-28T17:00+01:00,0
2023-11-28T17:15+01:00,0
2023-11-28T17:30+01:00,0
2023-11-28T17:45+01:00,0
2023-11-28T18:00+01:00,0
2023-11-28T18:15+01:00,0
2023-11-28T18:30+01:00,0
2023-11-28T18:45+01:00,0
2023-11-28T19:00+01:00,0
2023-11-28T19:15+01:00,0
2023-11-28T19:30+01:00,0
2023-11-28T19:45+01:00,0
2023-11-28T20:00+01:00,0
2023-11-28T20:15+01:00,0
2023-11-28T20:30+01:00,0
2023-11-28T20:45+01:00,0
2023-11-28T21:00+01:00,0
2023-11-28T21:15+01:00,0
2023-11-28T21:30+01:00,0
2023-11-28T21:45+01:00,0
2023-11-28T22:00+01:00,0
2023-11-28T22:15+01:00,0
2023-11-28T22:30+01:00,0
2023-11-28T22:45+01:00,0
2023-11-28T23:00+01:00,0
2023-11-28T23:15+01:00,0
2023-11-28T23:30+01:00,0
2023-11-28T23:45+01:00,0
2023-11-29T00:00+01:00,0
2023-11-29T00:15+01:00,0
2023-11-29T00:30+01:00,0
2023-11-29T00:45+01:00,0
2023-11-29T01:00+01:00,0
2023-11-29T01:15+01:00,0
2023-11-29T01:30+01:00,0
2023-11-29T01:45+01:00,0
2023-11-29T02:00+01:00,0
2023-11-29T02:15+01:00,0
2023-11-29T02:30+01:00,0
2023-11-29T02:45+01:00,0
2023-11-29T03:00+01:00,0
2023-11-29T03:15+01:00,0
2023-11-29T03:30+01:00,0
2023-11-29T03:45+01:00,0
2023-11-29T04:00+01:00,0
2023-11-29T04:15+01:00,0
2023-11-29T04:30+01:00,0
2023-11-29T04:45+01:00,0
2023-11-29T05:00+01:00,0
2023-11-29T05:15+01:00,0
2023-11-29T05:30+01:00,0
2023-11-29T05:45+01:00,0
2023-11-29T06:00+01:00,0
2023-11-29T06:15+01:00,0
2023-11-29T06:30+01:00,0
2023-11-29T06:45+01:00,0
2023-11-29T07:00+01:00,5.1
2023-11-29T07:15+01:00,5.4
2023-11-29T07:30+01:00,26.6
2023-11-29T07:45+01:00,148
2023-11-29T08:00+01:00,398.5
2023-11-29T08:15+01:00,795.7
2023-11-29T08:30+01:00,1328.5
2023-11-29T08:45+01:00,1989.5
2023-11-29T09:00+01:00,2671.8
2023-11-29T09:15+01:00,3466
2023-11-29T09:30+01:00,4237.7
2023-11-29T09:45+01:00,4995.2
2023-11-29T10:00+01:00,5631.4
2023-11-29T10:15+01:00,6156.7
2023-11-29T10:30+01:00,6591.8
2023-11-29T10:45+01:00,7014.3
2023-11-29T11:00+01:00,7401.8
2023-11-29T11:15+01:00,7681.4
2023-11-29T11:30+01:00,7869.1
2023-11-29T11:45+01:00,7964.9
2023-11-29T12:00+01:00,7970.1
2023-11-29T12:15+01:00,7929.5
2023-11-29T12:30+01:00,7774.7
2023-11-29T12:45+01:00,7537.1
2023-11-29T13:00+01:00,7216.6
2023-11-29T13:15+01:00,6850
2023-11-29T13:30+01:00,6410.7
2023-11-29T13:45+01:00,5887.4
2023-11-29T14:00+01:00,5305
2023-11-29T14:15+01:00,4649.2
2023-11-29T14:30+01:00,3924.6
2023-11-29T14:45+01:00,3199.5
2023-11-29T15:00+01:00,2553.8
2023-11-29T15:15+01:00,1848
2023-11-29T15:30+01:00,1248.5
2023-11-29T15:45+01:00,733
2023-11-29T16:00+01:00,350
2023-11-29T16:15+01:00,158.9
2023-11-29T16:30+01:00,74.5
2023-11-29T16:45+01:00,20.5
2023-11-29T17:00+01:00,0
2023-11-29T17:15+01:00,0
2023-11-29T17:30+01:00,0
2023-11-29T17:45+01:00,0
2023-11-29T18:00+01:00,0
2023-11-29T18:15+01:00,0
2023-11-29T18:30+01:00,0
2023-11-29T18:45+01:00,0
2023-11-29T19:00+01:00,0
2023-11-29T19:15+01:00,0
2023-11-29T19:30+01:00,0
2023-11-29T19:45+01:00,0
2023-11-29T20:00+01:00,0
2023-11-29T20:15+01:00,0
2023-11-29T20:30+01:00,0
2023-11-29T20:45+01:00,0
2023-11-29T21:00+01:00,0
2023-11-29T21:15+01:00,0
2023-11-29T21:30+01:00,0
2023-11-29T21:45+01:00,0
2023-11-29T22:00+01:00,0
2023-11-29T22:15+01:00,0
2023-11-29T22:30+01:00,0
2023-11-29T22:45+01:00,0
2023-11-29T23:00+01:00,0
2023-11-29T23:15+01:00,0
2023-11-29T23:30+01:00,0
2023-11-29T23:45+01:00,0
2023-11-30T00:00+01:00,0
2023-11-30T00:15+01:00,0
2023-11-30T00:30+01:00,0
2023-11-30T00:45+01:00,0
2023-11-30T01:00+01:00,0
2023-11-30T01:15+01:00,0
2023-11-30T01:30+01:00,0
2023-11-30T01:45+01:00,0
2023-11-30T02:00+01:00,0
2023-11-30T02:15+01:00,0
2023-11-30T02:30+01:00,0
2023-11-30T02:45+01:00,0
2023-11-30T03:00+01:00,0
2023-11-30T03:15+01:00,0
2023-11-30T03:30+01:00,0
2023-11-30T03:45+01:00,0
2023-11-30T04:00+01:00,0
2023-11-30T04:15+01:00,0
2023-11-30T04:30+01:00,0
2023-11-30T04:45+01:00,0
2023-11-30T05:00+01:00,0
2023-11-30T05:15+01:00,0
2023-11-30T05:30+01:00,0
2023-11-30T05:45+01:00,0
2023-11-30T06:00+01:00,0
2023-11-30T06:15+01:00,0
2023-11-30T06:30+01:00,0
2023-11-30T06:45+01:00,0
2023-11-30T07:00+01:00,0
2023-11-30T07:15+01:00,1
2023-11-30T07:30+01:00,3.2
2023-11-30T07:45+01:00,87.8
2023-11-30T08:00+01:00,234.4
2023-11-30T08:15+01:00,471.3
2023-11-30T08:30+01:00,788
2023-11-30T08:45+01:00,1194.4
2023-11-30T09:00+01:00,1676.6
2023-11-30T09:15+01:00,2238.4
2023-11-30T09:30+01:00,2846.3
2023-11-30T09:45+01:00,3421.9
2023-11-30T10:00+01:00,3904.3
2023-11-30T10:15+01:00,4382.8
2023-11-30T10:30+01:00,4805
2023-11-30T10:45+01:00,5190.5
2023-11-30T11:00+01:00,5534.8
2023-11-30T11:15+01:00,5797.7
2023-11-30T11:30+01:00,5991.7
2023-11-30T11:45+01:00,6099.7
2023-11-30T12:00+01:00,6117.3
2023-11-30T12:15+01:00,6076.1
2023-11-30T12:30+01:00,5936.7
2023-11-30T12:45+01:00,5713.1
2023-11-30T13:00+01:00,5442.3
2023-11-30T13:15+01:00,5114.9
2023-11-30T13:30+01:00,4720.3
2023-11-30T13:45+01:00,4268.2
2023-11-30T14:00+01:00,3758.2
2023-11-30T14:15+01:00,3199.2
2023-11-30T14:30+01:00,2610.8
2023-11-30T14:45+01:00,2088.7
2023-11-30T15:00+01:00,1517.8
2023-11-30T15:15+01:00,1078.3
2023-11-30T15:30+01:00,691.6
2023-11-30T15:45+01:00,387.6
2023-11-30T16:00+01:00,185.4
2023-11-30T16:15+01:00,88.9
2023-11-30T16:30+01:00,41.2
2023-11-30T16:45+01:00,8.1
2023-11-30T17:00+01:00,0
2023-11-30T17:15+01:00,0
2023-11-30T17:30+01:00,0
2023-11-30T17:45+01:00,0
2023-11-30T18:00+01:00,0
2023-11-30T18:15+01:00,0
2023-11-30T18:30+01:00,0
2023-11-30T18:45+01:00,0
2023-11-30T19:00+01:00,0
2023-11-30T19:15+01:00,0
2023-11-30T19:30+01:00,0
2023-11-30T19:45+01:00,0
2023-11-30T20:00+01:00,0
2023-11-30T20:15+01:00,0
2023-11-30T20:30+01:00,0
2023-11-30T20:45+01:00,0
2023-11-30T21:00+01:00,0
2023-11-30T21:15+01:00,0
2023-11-30T21:30+01:00,0
2023-11-30T21:45+01:00,0
2023-11-30T22:00+01:00,0
2023-11-30T22:15+01:00,0
2023-11-30T22:30+01:00,0
2023-11-30T22:45+01:00,0
2023-11-30T23:00+01:00,0
2023-11-30T23:15+01:00,0
2023-11-30T23:30+01:00,0
2023-11-30T23:45+01:00,0
2023-12-01T00:00+01:00,0
2023-12-01T00:15+01:00,0
2023-12-01T00:30+01:00,0
2023-12-01T00:45+01:00,0
2023-12-01T01:00+01:00,0
2023-12-01T01:15+01:00,0
2023-12-01T01:30+01:00,0
2023-12-01T01:45+01:00,0
2023-12-01T02:00+01:00,0
2023-12-01T02:15+01:00,0
2023-12-01T02:30+01:00,0
2023-12-01T02:45+01:00,0
2023-12-01T03:00+01:00,0
2023-12-01T03:15+01:00,0
2023-12-01T03:30+01:00,0
2023-12-01T03:45+01:00,0
2023-12-01T04:00+01:00,0
2023-12-01T04:15+01:00,0
2023-12-01T04:30+01:00,0
2023-12-01T04:45+01:00,0
2023-12-01T05:00+01:00,0
2023-12-01T05:15+01:00,0
2023-12-01T05:30+01:00,0
2023-12-01T05:45+01:00,0
2023-12-01T06:00+01:00,0
2023-12-01T06:15+01:00,0
2023-12-01T06:30+01:00,0
2023-12-01T06:45+01:00,0
2023-12-01T07:00+01:00,0
2023-12-01T07:15+01:00,1
2023-12-01T07:30+01:00,3
2023-12-01T07:45+01:00,42.8
2023-12-01T08:00+01:00,112.9
2023-12-01T08:15+01:00,237.3
2023-12-01T08:30+01:00,419.3
2023-12-01T08:45+01:00,654
2023-12-01T09:00+01:00,925.3
2023-12-01T09:15+01:00,1298.1
2023-12-01T09:30+01:00,1677.8
2023-12-01T09:45+01:00,2017.2
2023-12-01T10:00+01:00,2347.8
2023-12-01T10:15+01:00,2666.5
2023-12-01T10:30+01:00,2970
2023-12-01T10:45+01:00,3241.5
2023-12-01T11:00+01:00,3482.9
2023-12-01T11:15+01:00,3698.6
2023-12-01T11:30+01:00,3846.2
2023-12-01T11:45+01:00,3947
2023-12-01T12:00+01:00,3984.4
2023-12-01T12:15+01:00,3941.7
2023-12-01T12:30+01:00,3851.7
2023-12-01T12:45+01:00,3726.1
2023-12-01T13:00+01:00,3552.5
2023-12-01T13:15+01:00,3349.7
2023-12-01T13:30+01:00,3107.5
2023-12-01T13:45+01:00,2829.9
2023-12-01T14:00+01:00,2520.4
2023-12-01T14:15+01:00,2175.2
2023-12-01T14:30+01:00,1820.2
2023-12-01T14:45+01:00,1453.4
2023-12-01T15:00+01:00,1107.8
2023-12-01T15:15+01:00,754.6
2023-12-01T15:30+01:00,475.6
2023-12-01T15:45+01:00,251.7
2023-12-01T16:00+01:00,95.5
2023-12-01T16:15+01:00,39.4
2023-12-01T16:30+01:00,13.8
2023-12-01T16:45+01:00,1.9
2023-12-01T17:00+01:00,0
2023-12-01T17:15+01:00,0
2023-12-01T17:30+01:00,0
2023-12-01T17:45+01:00,0
2023-12-01T18:00+01:00,0
2023-12-01T18:15+01:00,0
2023-12-01T18:30+01:00,0
2023-12-01T18:45+01:00,0
2023-12-01T19:00+01:00,0
2023-12-01T19:15+01:00,0
2023-12-01T19:30+01:00,0
2023-12-01T19:45+01:00,0
2023-12-01T20:00+01:00,0
2023-12-01T20:15+01:00,0
2023-12-01T20:30+01:00,0
2023-12-01T20:45+01:00,0
2023-12-01T21:00+01:00,0
2023-12-01T21:15+01:00,0
2023-12-01T21:30+01:00,0
2023-12-01T21:45+01:00,0
2023-12-01T22:00+01:00,0
2023-12-01T22:15+01:00,0
2023-12-01T22:30+01:00,0
2023-12-01T22:45+01:00,0
2023-12-01T23:00+01:00,0
2023-12-01T23:15+01:00,0
2023-12-01T23:30+01:00,0
2023-12-01T23:45+01:00,0
2023-12-02T00:00+01:00,0
2023-12-02T00:15+01:00,0
2023-12-02T00:30+01:00,0
2023-12-02T00:45+01:00,0
2023-12-02T01:00+01:00,0
2023-12-02T01:15+01:00,0
2023-12-02T01:30+01:00,0
2023-12-02T01:45+01:00,0
2023-12-02T02:00+01:00,0
2023-12-02T02:15+01:00,0
2023-12-02T02:30+01:00,0
2023-12-02T02:45+01:00,0
2023-12-02T03:00+01:00,0
2023-12-02T03:15+01:00,0
2023-12-02T03:30+01:00,0
2023-12-02T03:45+01:00,0
2023-12-02T04:00+01:00,0
2023-12-02T04:15+01:00,0
2023-12-02T04:30+01:00,0
2023-12-02T04:45+01:00,0
2023-12-02T05:00+01:00,0
2023-12-02T05:15+01:00,0
2023-12-02T05:30+01:00,0
2023-12-02T05:45+01:00,0
2023-12-02T06:00+01:00,0
2023-12-02T06:15+01:00,0
2023-12-02T06:30+01:00,0
2023-12-02T06:45+01:00,0
2023-12-02T07:00+01:00,1
2023-12-02T07:15+01:00,1
2023-12-02T07:30+01:00,3
2023-12-02T07:45+01:00,24.6
2023-12-02T08:00+01:00,90.7
2023-12-02T08:15+01:00,185
2023-12-02T08:30+01:00,328.7
2023-12-02T08:45+01:00,520.1
2023-12-02T09:00+01:00,748.2
2023-12-02T09:15+01:00,1014.8
2023-12-02T09:30+01:00,1337
2023-12-02T09:45+01:00,1684.3
2023-12-02T10:00+01:00,2013.5
2023-12-02T10:15+01:00,2338.3
2023-12-02T10:30+01:00,2662.7
2023-12-02T10:45+01:00,2962.5
2023-12-02T11:00+01:00,3190.9
2023-12-02T11:15+01:00,3387.9
2023-12-02T11:30+01:00,3501.2
2023-12-02T11:45+01:00,3587.1
2023-12-02T12:00+01:00,3621.5
2023-12-02T12:15+01:00,3621.3
2023-12-02T12:30+01:00,3563.8
2023-12-02T12:45+01:00,3456.7
2023-12-02T13:00+01:00,3329.5
2023-12-02T13:15+01:00,3146.4
2023-12-02T13:30+01:00,2933.5
2023-12-02T13:45+01:00,2687.8
2023-12-02T14:00+01:00,2402.9
2023-12-02T14:15+01:00,2086.8
2023-12-02T14:30+01:00,1745
2023-12-02T14:45+01:00,1406.8
2023-12-02T15:00+01:00,1071.4
2023-12-02T15:15+01:00,783.3
2023-12-02T15:30+01:00,518.9
2023-12-02T15:45+01:00,300.1
2023-12-02T16:00+01:00,147.6
2023-12-02T16:15+01:00,62.8
2023-12-02T16:30+01:00,25.3
2023-12-02T16:45+01:00,7.6
2023-12-02T17:00+01:00,0
2023-12-02T17:15+01:00,0
2023-12-02T17:30+01:00,0
2023-12-02T17:45+01:00,0
2023-12-02T18:00+01:00,0
2023-12-02T18:15+01:00,0
2023-12-02T18:30+01:00,0
2023-12-02T18:45+01:00,0
2023-12-02T19:00+01:00,0
2023-12-02T19:15+01:00,0
2023-12-02T19:30+01:00,0
2023-12-02T19:45+01:00,0
2023-12-02T20:00+01:00,0
2023-12-02T20:15+01:00,0
2023-12-02T20:30+01:00,0
2023-12-02T20:45+01:00,0
2023-12-02T21:00+01:00,0
2023-12-02T21:15+01:00,0
2023-12-02T21:30+01:00,0
2023-12-02T21:45+01:00,0
2023-12-02T22:00+01:00,0
2023-12-02T22:15+01:00,0
2023-12-02T22:30+01:00,0
2023-12-02T22:45+01:00,0
2023-12-02T23:00+01:00,0
2023-12-02T23:15+01:00,0
2023-12-02T23:30+01:00,0
2023-12-02T23:45+01:00,0
2023-12-03T00:00+01:00,0
2023-12-03T00:15+01:00,0
2023-12-03T00:30+01:00,0
2023-12-03T00:45+01:00,0
2023-12-03T01:00+01:00,0
2023-12-03T01:15+01:00,0
2023-12-03T01:30+01:00,0
2023-12-03T01:45+01:00,0
2023-12-03T02:00+01:00,0
2023-12-03T02:15+01:00,0
2023-12-03T02:30+01:00,0
2023-12-03T02:45+01:00,0
2023-12-03T03:00+01:00,0
2023-12-03T03:15+01:00,0
2023-12-03T03:30+01:00,0
2023-12-03T03:45+01:00,0
2023-12-03T04:00+01:00,0
2023-12-03T04:15+01:00,0
2023-12-03T04:30+01:00,0
2023-12-03T04:45+01:00,0
2023-12-03T05:00+01:00,0
2023-12-03T05:15+01:00,0
2023-12-03T05:30+01:00,0
2023-12-03T05:45+01:00,0
2023-12-03T06:00+01:00,0
2023-12-03T06:15+01:00,0
2023-12-03T06:30+01:00,0
2023-12-03T06:45+01:00,0
2023-12-03T07:00+01:00,2.5
2023-12-03T07:15+01:00,7.5
2023-12-03T07:30+01:00,18.1
2023-12-03T07:45+01:00,58.5
2023-12-03T08:00+01:00,167.5
2023-12-03T08:15+01:00,354.8
2023-12-03T08:30+01:00,663
2023-12-03T08:45+01:00,1045.8
2023-12-03T09:00+01:00,1481.5
2023-12-03T09:15+01:00,1992
2023-12-03T09:30+01:00,2475.6
2023-12-03T09:45+01:00,2958.7
2023-12-03T10:00+01:00,3382.6
2023-12-03T10:15+01:00,3752.6
2023-12-03T10:30+01:00,4093.3
2023-12-03T10:45+01:00,4428.7
2023-12-03T11:00+01:00,4743.2
2023-12-03T11:15+01:00,5035.4
2023-12-03T11:30+01:00,5284.1
2023-12-03T11:45+01:00,5482.3
2023-12-03T12:00+01:00,5602.4
2023-12-03T12:15+01:00,5678.3
2023-12-03T12:30+01:00,5673.9
2023-12-03T12:45+01:00,5589
2023-12-03T13:00+01:00,5464.3
2023-12-03T13:15+01:00,5230.6
2023-12-03T13:30+01:00,4931.5
2023-12-03T13:45+01:00,4544.6
2023-12-03T14:00+01:00,4109.4
2023-12-03T14:15+01:00,3610.5
2023-12-03T14:30+01:00,3065.9
2023-12-03T14:45+01:00,2490.1
2023-12-03T15:00+01:00,1980.6
2023-12-03T15:15+01:00,1402.1
2023-12-03T15:30+01:00,902
2023-12-03T15:45+01:00,477.2
2023-12-03T16:00+01:00,206.9
2023-12-03T16:15+01:00,72.9
2023-12-03T16:30+01:00,28.1
2023-12-03T16:45+01:00,10.1
2023-12-03T17:00+01:00,0
2023-12-03T17:15+01:00,0
2023-12-03T17:30+01:00,0
2023-12-03T17:45+01:00,0
2023-12-03T18:00+01:00,0
2023-12-03T18:15+01:00,0
2023-12-03T18:30+01:00,0
2023-12-03T18:45+01:00,0
2023-12-03T19:00+01:00,0
2023-12-03T19:15+01:00,0
2023-12-03T19:30+01:00,0
2023-12-03T19:45+01:00,0
2023-12-03T20:00+01:00,0
2023-12-03T20:15+01:00,0
2023-12-03T20:30+01:00,0
2023-12-03T20:45+01:00,0
2023-12-03T21:00+01:00,0
2023-12-03T21:15+01:00,0
2023-12-03T21:30+01:00,0
2023-12-03T21:45+01:00,0
2023-12-03T22:00+01:00,0
2023-12-03T22:15+01:00,0
2023-12-03T22:30+01:00,0
2023-12-03T22:45+01:00,0
2023-12-03T23:00+01:00,0
2023-12-03T23:15+01:00,0
2023-12-03T23:30+01:00,0
2023-12-03T23:45+01:00,0
2023-12-04T00:00+01:00,0
2023-12-04T00:15+01:00,0
2023-12-04T00:30+01:00,0
2023-12-04T00:45+01:00,0
2023-12-04T01:00+01:00,0
2023-12-04T01:15+01:00,0
2023-12-04T01:30+01:00,0
2023-12-04T01:45+01:00,0
2023-12-04T02:00+01:00,0
2023-12-04T02:15+01:00,0
2023-12-04T02:30+01:00,0
2023-12-04T02:45+01:00,0
2023-12-04T03:00+01:00,0
2023-12-04T03:15+01:00,0
2023-12-04T03:30+01:00,0
2023-12-04T03:45+01:00,0
2023-12-04T04:00+01:00,0
2023-12-04T04:15+01:00,0
2023-12-04T04:30+01:00,0
2023-12-04T04:45+01:00,0
2023-12-04T05:00+01:00,0
2023-12-04T05:15+01:00,0
2023-12-04T05:30+01:00,0
2023-12-04T05:45+01:00,0
2023-12-04T06:00+01:00,0
2023-12-04T06:15+01:00,0
2023-12-04T06:30+01:00,0
2023-12-04T06:45+01:00,0
2023-12-04T07:00+01:00,0.5
2023-12-04T07:15+01:00,0.5
2023-12-04T07:30+01:00,1.6
2023-12-04T07:45+01:00,12
2023-12-04T08:00+01:00,87
2023-12-04T08:15+01:00,189.8
2023-12-04T08:30+01:00,335.8
2023-12-04T08:45+01:00,521
2023-12-04T09:00+01:00,723.3
2023-12-04T09:15+01:00,936.3
2023-12-04T09:30+01:00,1134.9
2023-12-04T09:45+01:00,1307.9
2023-12-04T10:00+01:00,1461.8
2023-12-04T10:15+01:00,1606.2
2023-12-04T10:30+01:00,1733
2023-12-04T10:45+01:00,1840.3
2023-12-04T11:00+01:00,1894.2
2023-12-04T11:15+01:00,1899.1
2023-12-04T11:30+01:00,1934.7
2023-12-04T11:45+01:00,1920.2
2023-12-04T12:00+01:00,1875.1
2023-12-04T12:15+01:00,1853.4
2023-12-04T12:30+01:00,1795
2023-12-04T12:45+01:00,1701.6
2023-12-04T13:00+01:00,1594.8
2023-12-04T13:15+01:00,1467.2
2023-12-04T13:30+01:00,1330.2
2023-12-04T13:45+01:00,1173.2
2023-12-04T14:00+01:00,1029.6
2023-12-04T14:15+01:00,880.4
2023-12-04T14:30+01:00,726.6
2023-12-04T14:45+01:00,588
2023-12-04T15:00+01:00,420.4
2023-12-04T15:15+01:00,292.3
2023-12-04T15:30+01:00,177.7
2023-12-04T15:45+01:00,92.3
2023-12-04T16:00+01:00,43.4
2023-12-04T16:15+01:00,18.2
2023-12-04T16:30+01:00,8.2
2023-12-04T16:45+01:00,0.8
2023-12-04T17:00+01:00,0
2023-12-04T17:15+01:00,0
2023-12-04T17:30+01:00,0
2023-12-04T17:45+01:00,0
2023-12-04T18:00+01:00,0
2023-12-04T18:15+01:00,0
2023-12-04T18:30+01:00,0
2023-12-04T18:45+01:00,0
2023-12-04T19:00+01:00,0
2023-12-04T19:15+01:00,0
2023-12-04T19:30+01:00,0
2023-12-04T19:45+01:00,0
2023-12-04T20:00+01:00,0
2023-12-04T20:15+01:00,0
2023-12-04T20:30+01:00,0
2023-12-04T20:45+01:00,0
2023-12-04T21:00+01:00,0
2023-12-04T21:15+01:00,0
2023-12-04T21:30+01:00,0
2023-12-04T21:45+01:00,0
2023-12-04T22:00+01:00,0
2023-12-04T22:15+01:00,0
2023-12-04T22:30+01:00,0
2023-12-04T22:45+01:00,0
2023-12-04T23:00+01:00,0
2023-12-04T23:15+01:00,0
2023-12-04T23:30+01:00,0
2023-12-04T23:45+01:00,0
2023-12-05T00:00+01:00,0
2023-12-05T00:15+01:00,0
2023-12-05T00:30+01:00,0
2023-12-05T00:45+01:00,0
2023-12-05T01:00+01:00,0
2023-12-05T01:15+01:00,0
2023-12-05T01:30+01:00,0
2023-12-05T01:45+01:00,0
2023-12-05T02:00+01:00,0
2023-12-05T02:15+01:00,0
2023-12-05T02:30+01:00,0
2023-12-05T02:45+01:00,0
2023-12-05T03:00+01:00,0
2023-12-05T03:15+01:00,0
2023-12-05T03:30+01:00,0
2023-12-05T03:45+01:00,0
2023-12-05T04:00+01:00,0
2023-12-05T04:15+01:00,0
2023-12-05T04:30+01:00,0
2023-12-05T04:45+01:00,0
2023-12-05T05:00+01:00,0
2023-12-05T05:15+01:00,0
2023-12-05T05:30+01:00,0
2023-12-05T05:45+01:00,0
2023-12-05T06:00+01:00,0
2023-12-05T06:15+01:00,0
2023-12-05T06:30+01:00,0
2023-12-05T06:45+01:00,0
2023-12-05T07:00+01:00,0
2023-12-05T07:15+01:00,0
2023-12-05T07:30+01:00,1.3
2023-12-05T07:45+01:00,9.6
2023-12-05T08:00+01:00,60.7
2023-12-05T08:15+01:00,150.9
2023-12-05T08:30+01:00,285.4
2023-12-05T08:45+01:00,464.3
2023-12-05T09:00+01:00,668.8
2023-12-05T09:15+01:00,906.4
2023-12-05T09:30+01:00,1127.2
2023-12-05T09:45+01:00,1358.4
2023-12-05T10:00+01:00,1571.2
2023-12-05T10:15+01:00,1791.5
2023-12-05T10:30+01:00,2001.1
2023-12-05T10:45+01:00,2202.2
2023-12-05T11:00+01:00,2360
2023-12-05T11:15+01:00,2469.7
2023-12-05T11:30+01:00,2581.3
2023-12-05T11:45+01:00,2625.3
2023-12-05T12:00+01:00,2634.8
2023-12-05T12:15+01:00,2639.7
2023-12-05T12:30+01:00,2590.1
2023-12-05T12:45+01:00,2491.8
2023-12-05T13:00+01:00,2412.3
2023-12-05T13:15+01:00,2250.9
2023-12-05T13:30+01:00,2066.5
2023-12-05T13:45+01:00,1851.7
2023-12-05T14:00+01:00,1623.2
2023-12-05T14:15+01:00,1397.1
2023-12-05T14:30+01:00,1160.3
2023-12-05T14:45+01:00,935
2023-12-05T15:00+01:00,698.5
2023-12-05T15:15+01:00,496.8
2023-12-05T15:30+01:00,310.7
2023-12-05T15:45+01:00,165.5
2023-12-05T16:00+01:00,64.7
2023-12-05T16:15+01:00,21.2
2023-12-05T16:30+01:00,10.4
2023-12-05T16:45+01:00,1.8
2023-12-05T17:00+01:00,0
2023-12-05T17:15+01:00,0
2023-12-05T17:30+01:00,0
2023-12-05T17:45+01:00,0
2023-12-05T18:00+01:00,0
2023-12-05T18:15+01:00,0
2023-12-05T18:30+01:00,0
2023-12-05T18:45+01:00,0
2023-12-05T19:00+01:00,0
2023-12-05T19:15+01:00,0
2023-12-05T19:30+01:00,0
2023-12-05T19:45+01:00,0
2023-12-05T20:00+01:00,0
2023-12-05T20:15+01:00,0
2023-12-05T20:30+01:00,0
2023-12-05T20:45+01:00,0
2023-12-05T21:00+01:00,0
2023-12-05T21:15+01:00,0
2023-12-05T21:30+01:00,0
2023-12-05T21:45+01:00,0
2023-12-05T22:00+01:00,0
2023-12-05T22:15+01:00,0
2023-12-05T22:30+01:00,0
2023-12-05T22:45+01:00,0
2023-12-05T23:00+01:00,0
2023-12-05T23:15+01:00,0
2023-12-05T23:30+01:00,0
2023-12-05T23:45+01:00,0
2023-12-06T00:00+01:00,0
2023-12-06T00:15+01:00,0
2023-12-06T00:30+01:00,0
2023-12-06T00:45+01:00,0
2023-12-06T01:00+01:00,0
2023-12-06T01:15+01:00,0
2023-12-06T01:30+01:00,0
2023-12-06T01:45+01:00,0
2023-12-06T02:00+01:00,0
2023-12-06T02:15+01:00,0
2023-12-06T02:30+01:00,0
2023-12-06T02:45+01:00,0
2023-12-06T03:00+01:00,0
2023-12-06T03:15+01:00,0
2023-12-06T03:30+01:00,0
2023-12-06T03:45+01:00,0
2023-12-06T04:00+01:00,0
2023-12-06T04:15+01:00,0
2023-12-06T04:30+01:00,0
2023-12-06T04:45+01:00,0
2023-12-06T05:00+01:00,0
2023-12-06T05:15+01:00,0
2023-12-06T05:30+01:00,0
2023-12-06T05:45+01:00,0
2023-12-06T06:00+01:00,0
2023-12-06T06:15+01:00,0
2023-12-06T06:30+01:00,0
2023-12-06T06:45+01:00,0
2023-12-06T07:00+01:00,0
2023-12-06T07:15+01:00,0
2023-12-06T07:30+01:00,0
2023-12-06T07:45+01:00,2.1
2023-12-06T08:00+01:00,38.6
2023-12-06T08:15+01:00,79.4
2023-12-06T08:30+01:00,146
2023-12-06T08:45+01:00,237.7
2023-12-06T09:00+01:00,346.2
2023-12-06T09:15+01:00,472.5
2023-12-06T09:30+01:00,626
2023-12-06T09:45+01:00,767.5
2023-12-06T10:00+01:00,906.4
2023-12-06T10:15+01:00,1037.3
2023-12-06T10:30+01:00,1158.5
2023-12-06T10:45+01:00,1282.5
2023-12-06T11:00+01:00,1401.4
2023-12-06T11:15+01:00,1504
2023-12-06T11:30+01:00,1593.6
2023-12-06T11:45+01:00,1651.9
2023-12-06T12:00+01:00,1693.8
2023-12-06T12:15+01:00,1727.2
2023-12-06T12:30+01:00,1730.8
2023-12-06T12:45+01:00,1701.1
2023-12-06T13:00+01:00,1664.5
2023-12-06T13:15+01:00,1597
2023-12-06T13:30+01:00,1512.2
2023-12-06T13:45+01:00,1400.2
2023-12-06T14:00+01:00,1282.9
2023-12-06T14:15+01:00,1156.8
2023-12-06T14:30+01:00,1010.5
2023-12-06T14:45+01:00,819.9
2023-12-06T15:00+01:00,649.9
2023-12-06T15:15+01:00,484.9
2023-12-06T15:30+01:00,326.8
2023-12-06T15:45+01:00,191.9
2023-12-06T16:00+01:00,90.1
2023-12-06T16:15+01:00,29.7
2023-12-06T16:30+01:00,11.1
2023-12-06T16:45+01:00,2.1
2023-12-06T17:00+01:00,0
2023-12-06T17:15+01:00,0
2023-12-06T17:30+01:00,0
2023-12-06T17:45+01:00,0
2023-12-06T18:00+01:00,0
2023-12-06T18:15+01:00,0
2023-12-06T18:30+01:00,0
2023-12-06T18:45+01:00,0
2023-12-06T19:00+01:00,0
2023-12-06T19:15+01:00,0
2023-12-06T19:30+01:00,0
2023-12-06T19:45+01:00,0
2023-12-06T20:00+01:00,0
2023-12-06T20:15+01:00,0
2023-12-06T20:30+01:00,0
2023-12-06T20:45+01:00,0
2023-12-06T21:00+01:00,0
2023-12-06T21:15+01:00,0
2023-12-06T21:30+01:00,0
2023-12-06T21:45+01:00,0
2023-12-06T22:00+01:00,0
2023-12-06T22:15+01:00,0
2023-12-06T22:30+01:00,0
2023-12-06T22:45+01:00,0
2023-12-06T23:00+01:00,0
2023-12-06T23:15+01:00,0
2023-12-06T23:30+01:00,0
2023-12-06T23:45+01:00,0
2023-12-07T00:00+01:00,0
2023-12-07T00:15+01:00,0
2023-12-07T00:30+01:00,0
2023-12-07T00:45+01:00,0
2023-12-07T01:00+01:00,0
2023-12-07T01:15+01:00,0
2023-12-07T01:30+01:00,0
2023-12-07T01:45+01:00,0
2023-12-07T02:00+01:00,0
2023-12-07T02:15+01:00,0
2023-12-07T02:30+01:00,0
2023-12-07T02:45+01:00,0
2023-12-07T03:00+01:00,0
2023-12-07T03:15+01:00,0
2023-12-07T03:30+01:00,0
2023-12-07T03:45+01:00,0
2023-12-07T04:00+01:00,0
2023-12-07T04:15+01:00,0
2023-12-07T04:30+01:00,0
2023-12-07T04:45+01:00,0
2023-12-07T05:00+01:00,0
2023-12-07T05:15+01:00,0
2023-12-07T05:30+01:00,0
2023-12-07T05:45+01:00,0
2023-12-07T06:00+01:00,0
2023-12-07T06:15+01:00,0
2023-12-07T06:30+01:00,0
2023-12-07T06:45+01:00,0
2023-12-07T07:00+01:00,0
2023-12-07T07:15+01:00,0
2023-12-07T07:30+01:00,0
2023-12-07T07:45+01:00,1.2
2023-12-07T08:00+01:00,51.5
2023-12-07T08:15+01:00,193.9
2023-12-07T08:30+01:00,436.9
2023-12-07T08:45+01:00,755.6
2023-12-07T09:00+01:00,1133.5
2023-12-07T09:15+01:00,1569.5
2023-12-07T09:30+01:00,2014.3
2023-12-07T09:45+01:00,2468.9
2023-12-07T10:00+01:00,2907.9
2023-12-07T10:15+01:00,3294.6
2023-12-07T10:30+01:00,3652.9
2023-12-07T10:45+01:00,4038.2
2023-12-07T11:00+01:00,4417.7
2023-12-07T11:15+01:00,4815.3
2023-12-07T11:30+01:00,5137.6
2023-12-07T11:45+01:00,5435.3
2023-12-07T12:00+01:00,5645.5
2023-12-07T12:15+01:00,5782.2
2023-12-07T12:30+01:00,5836.5
2023-12-07T12:45+01:00,5804.8
2023-12-07T13:00+01:00,5702.5
2023-12-07T13:15+01:00,5539.9
2023-12-07T13:30+01:00,5306.7
2023-12-07T13:45+01:00,5014.6
2023-12-07T14:00+01:00,4623.9
2023-12-07T14:15+01:00,4162
2023-12-07T14:30+01:00,3626.3
2023-12-07T14:45+01:00,3049.7
2023-12-07T15:00+01:00,2427.3
2023-12-07T15:15+01:00,1810.9
2023-12-07T15:30+01:00,1196.2
2023-12-07T15:45+01:00,632.8
2023-12-07T16:00+01:00,255.8
2023-12-07T16:15+01:00,77.1
2023-12-07T16:30+01:00,31.1
2023-12-07T16:45+01:00,10.4
2023-12-07T17:00+01:00,0
2023-12-07T17:15+01:00,0
2023-12-07T17:30+01:00,0
2023-12-07T17:45+01:00,0
2023-12-07T18:00+01:00,0
2023-12-07T18:15+01:00,0
2023-12-07T18:30+01:00,0
2023-12-07T18:45+01:00,0
2023-12-07T19:00+01:00,0
2023-12-07T19:15+01:00,0
2023-12-07T19:30+01:00,0
2023-12-07T19:45+01:00,0
2023-12-07T20:00+01:00,0
2023-12-07T20:15+01:00,0
2023-12-07T20:30+01:00,0
2023-12-07T20:45+01:00,0
2023-12-07T21:00+01:00,0
2023-12-07T21:15+01:00,0
2023-12-07T21:30+01:00,0
2023-12-07T21:45+01:00,0
2023-12-07T22:00+01:00,0
2023-12-07T22:15+01:00,0
2023-12-07T22:30+01:00,0
2023-12-07T22:45+01:00,0
2023-12-07T23:00+01:00,0
2023-12-07T23:15+01:00,0
2023-12-07T23:30+01:00,0
2023-12-07T23:45+01:00,0
2023-12-08T00:00+01:00,0
2023-12-08T00:15+01:00,0
2023-12-08T00:30+01:00,0
2023-12-08T00:45+01:00,0
2023-12-08T01:00+01:00,0
2023-12-08T01:15+01:00,0
2023-12-08T01:30+01:00,0
2023-12-08T01:45+01:00,0
2023-12-08T02:00+01:00,0
2023-12-08T02:15+01:00,0
2023-12-08T02:30+01:00,0
2023-12-08T02:45+01:00,0
2023-12-08T03:00+01:00,0
2023-12-08T03:15+01:00,0
2023-12-08T03:30+01:00,0
2023-12-08T03:45+01:00,0
2023-12-08T04:00+01:00,0
2023-12-08T04:15+01:00,0
2023-12-08T04:30+01:00,0
2023-12-08T04:45+01:00,0
2023-12-08T05:00+01:00,0
2023-12-08T05:15+01:00,0
2023-12-08T05:30+01:00,0
2023-12-08T05:45+01:00,0
2023-12-08T06:00+01:00,0
2023-12-08T06:15+01:00,0
2023-12-08T06:30+01:00,0
2023-12-08T06:45+01:00,0
2023-12-08T07:00+01:00,0
2023-12-08T07:15+01:00,0
2023-12-08T07:30+01:00,0
2023-12-08T07:45+01:00,1.9
2023-12-08T08:00+01:00,61.9
2023-12-08T08:15+01:00,184.6
2023-12-08T08:30+01:00,367.7
2023-12-08T08:45+01:00,581.6
2023-12-08T09:00+01:00,812.7
2023-12-08T09:15+01:00,1067.7
2023-12-08T09:30+01:00,1317.7
2023-12-08T09:45+01:00,1559.6
2023-12-08T10:00+01:00,1786.8
2023-12-08T10:15+01:00,1977.9
2023-12-08T10:30+01:00,2148.4
2023-12-08T10:45+01:00,2300.1
2023-12-08T11:00+01:00,2427.3
2023-12-08T11:15+01:00,2492.8
2023-12-08T11:30+01:00,2547.7
2023-12-08T11:45+01:00,2554.7
2023-12-08T12:00+01:00,2536.6
2023-12-08T12:15+01:00,2488.7
2023-12-08T12:30+01:00,2391.1
2023-12-08T12:45+01:00,2249.1
2023-12-08T13:00+01:00,2098.7
2023-12-08T13:15+01:00,1910.5
2023-12-08T13:30+01:00,1708.9
2023-12-08T13:45+01:00,1495.5
2023-12-08T14:00+01:00,1296.8
2023-12-08T14:15+01:00,1099.1
2023-12-08T14:30+01:00,901.1
2023-12-08T14:45+01:00,707
2023-12-08T15:00+01:00,537.4
2023-12-08T15:15+01:00,388.1
2023-12-08T15:30+01:00,256
2023-12-08T15:45+01:00,155.5
2023-12-08T16:00+01:00,87.7
2023-12-08T16:15+01:00,45.9
2023-12-08T16:30+01:00,27.2
2023-12-08T16:45+01:00,3.6
2023-12-08T17:00+01:00,0
2023-12-08T17:15+01:00,0
2023-12-08T17:30+01:00,0
2023-12-08T17:45+01:00,0
2023-12-08T18:00+01:00,0
2023-12-08T18:15+01:00,0
2023-12-08T18:30+01:00,0
2023-12-08T18:45+01:00,0
2023-12-08T19:00+01:00,0
2023-12-08T19:15+01:00,0
2023-12-08T19:30+01:00,0
2023-12-08T19:45+01:00,0
2023-12-08T20:00+01:00,0
2023-12-08T20:15+01:00,0
2023-12-08T20:30+01:00,0
2023-12-08T20:45+01:00,0
2023-12-08T21:00+01:00,0
2023-12-08T21:15+01:00,0
2023-12-08T21:30+01:00,0
2023-12-08T21:45+01:00,0
2023-12-08T22:00+01:00,0
2023-12-08T22:15+01:00,0
2023-12-08T22:30+01:00,0
2023-12-08T22:45+01:00,0
2023-12-08T23:00+01:00,0
2023-12-08T23:15+01:00,0
2023-12-08T23:30+01:00,0
2023-12-08T23:45+01:00,0
2023-12-09T00:00+01:00,0
2023-12-09T00:15+01:00,0
2023-12-09T00:30+01:00,0
2023-12-09T00:45+01:00,0
2023-12-09T01:00+01:00,0
2023-12-09T01:15+01:00,0
2023-12-09T01:30+01:00,0
2023-12-09T01:45+01:00,0
2023-12-09T02:00+01:00,0
2023-12-09T02:15+01:00,0
2023-12-09T02:30+01:00,0
2023-12-09T02:45+01:00,0
2023-12-09T03:00+01:00,0
2023-12-09T03:15+01:00,0
2023-12-09T03:30+01:00,0
2023-12-09T03:45+01:00,0
2023-12-09T04:00+01:00,0
2023-12-09T04:15+01:00,0
2023-12-09T04:30+01:00,0
2023-12-09T04:45+01:00,0
2023-12-09T05:00+01:00,0
2023-12-09T05:15+01:00,0
2023-12-09T05:30+01:00,0
2023-12-09T05:45+01:00,0
2023-12-09T06:00+01:00,0
2023-12-09T06:15+01:00,0
2023-12-09T06:30+01:00,0
2023-12-09T06:45+01:00,0
2023-12-09T07:00+01:00,0
2023-12-09T07:15+01:00,0
2023-12-09T07:30+01:00,0
2023-12-09T07:45+01:00,1
2023-12-09T08:00+01:00,55
2023-12-09T08:15+01:00,198
2023-12-09T08:30+01:00,441.1
2023-12-09T08:45+01:00,773
2023-12-09T09:00+01:00,1189.5
2023-12-09T09:15+01:00,1677.5
2023-12-09T09:30+01:00,2194.7
2023-12-09T09:45+01:00,2715.2
2023-12-09T10:00+01:00,3220.1
2023-12-09T10:15+01:00,3710.7
2023-12-09T10:30+01:00,4172.4
2023-12-09T10:45+01:00,4608.4
2023-12-09T11:00+01:00,5001.2
2023-12-09T11:15+01:00,5367.3
2023-12-09T11:30+01:00,5649.6
2023-12-09T11:45+01:00,5807.3
2023-12-09T12:00+01:00,5849.1
2023-12-09T12:15+01:00,5879.1
2023-12-09T12:30+01:00,5793.2
2023-12-09T12:45+01:00,5567.7
2023-12-09T13:00+01:00,5260
2023-12-09T13:15+01:00,4905
2023-12-09T13:30+01:00,4458.3
2023-12-09T13:45+01:00,3933.6
2023-12-09T14:00+01:00,3381.1
2023-12-09T14:15+01:00,2805.1
2023-12-09T14:30+01:00,2236.6
2023-12-09T14:45+01:00,1726.3
2023-12-09T15:00+01:00,1268.1
2023-12-09T15:15+01:00,877.5
2023-12-09T15:30+01:00,556.6
2023-12-09T15:45+01:00,300.2
2023-12-09T16:00+01:00,122.6
2023-12-09T16:15+01:00,47.6
2023-12-09T16:30+01:00,21.9
2023-12-09T16:45+01:00,5.6
2023-12-09T17:00+01:00,0
2023-12-09T17:15+01:00,0
2023-12-09T17:30+01:00,0
2023-12-09T17:45+01:00,0
2023-12-09T18:00+01:00,0
2023-12-09T18:15+01:00,0
2023-12-09T18:30+01:00,0
2023-12-09T18:45+01:00,0
2023-12-09T19:00+01:00,0
2023-12-09T19:15+01:00,0
2023-12-09T19:30+01:00,0
2023-12-09T19:45+01:00,0
2023-12-09T20:00+01:00,0
2023-12-09T20:15+01:00,0
2023-12-09T20:30+01:00,0
2023-12-09T20:45+01:00,0
2023-12-09T21:00+01:00,0
2023-12-09T21:15+01:00,0
2023-12-09T21:30+01:00,0
2023-12-09T21:45+01:00,0
2023-12-09T22:00+01:00,0
2023-12-09T22:15+01:00,0
2023-12-09T22:30+01:00,0
2023-12-09T22:45+01:00,0
2023-12-09T23:00+01:00,0
2023-12-09T23:15+01:00,0
2023-12-09T23:30+01:00,0
2023-12-09T23:45+01:00,0
2023-12-10T00:00+01:00,0
2023-12-10T00:15+01:00,0
2023-12-10T00:30+01:00,0
2023-12-10T00:45+01:00,0
2023-12-10T01:00+01:00,0
2023-12-10T01:15+01:00,0
2023-12-10T01:30+01:00,0
2023-12-10T01:45+01:00,0
2023-12-10T02:00+01:00,0
2023-12-10T02:15+01:00,0
2023-12-10T02:30+01:00,0
2023-12-10T02:45+01:00,0
2023-12-10T03:00+01:00,0
2023-12-10T03:15+01:00,0
2023-12-10T03:30+01:00,0
2023-12-10T03:45+01:00,0
2023-12-10T04:00+01:00,0
2023-12-10T04:15+01:00,0
2023-12-10T04:30+01:00,0
2023-12-10T04:45+01:00,0
2023-12-10T05:00+01:00,0
2023-12-10T05:15+01:00,0
2023-12-10T05:30+01:00,0
2023-12-10T05:45+01:00,0
2023-12-10T06:00+01:00,0
2023-12-10T06:15+01:00,0
2023-12-10T06:30+01:00,0
2023-12-10T06:45+01:00,0
2023-12-10T07:00+01:00,0
2023-12-10T07:15+01:00,0
2023-12-10T07:30+01:00,0
2023-12-10T07:45+01:00,2.7
2023-12-10T08:00+01:00,89.6
2023-12-10T08:15+01:00,271.3
2023-12-10T08:30+01:00,615.6
2023-12-10T08:45+01:00,1076.7
2023-12-10T09:00+01:00,1596.9
2023-12-10T09:15+01:00,2158.6
2023-12-10T09:30+01:00,2763.8
2023-12-10T09:45+01:00,3319.2
2023-12-10T10:00+01:00,3806.5
2023-12-10T10:15+01:00,4288.2
2023-12-10T10:30+01:00,4712.6
2023-12-10T10:45+01:00,5047.4
2023-12-10T11:00+01:00,5346.9
2023-12-10T11:15+01:00,5595
2023-12-10T11:30+01:00,5766.2
2023-12-10T11:45+01:00,5883.8
2023-12-10T12:00+01:00,5953.6
2023-12-10T12:15+01:00,5946.4
2023-12-10T12:30+01:00,5895.2
2023-12-10T12:45+01:00,5810.1
2023-12-10T13:00+01:00,5650.5
2023-12-10T13:15+01:00,5456
2023-12-10T13:30+01:00,5152.9
2023-12-10T13:45+01:00,4771.7
2023-12-10T14:00+01:00,4320.7
2023-12-10T14:15+01:00,3822.2
2023-12-10T14:30+01:00,3272.5
2023-12-10T14:45+01:00,2689.2
2023-12-10T15:00+01:00,2076.7
2023-12-10T15:15+01:00,1504.2
2023-12-10T15:30+01:00,956
2023-12-10T15:45+01:00,484.4
2023-12-10T16:00+01:00,184
2023-12-10T16:15+01:00,62.7
2023-12-10T16:30+01:00,33.4
2023-12-10T16:45+01:00,5.5
2023-12-10T17:00+01:00,0
2023-12-10T17:15+01:00,0
2023-12-10T17:30+01:00,0
2023-12-10T17:45+01:00,0
2023-12-10T18:00+01:00,0
2023-12-10T18:15+01:00,0
2023-12-10T18:30+01:00,0
2023-12-10T18:45+01:00,0
2023-12-10T19:00+01:00,0
2023-12-10T19:15+01:00,0
2023-12-10T19:30+01:00,0
2023-12-10T19:45+01:00,0
2023-12-10T20:00+01:00,0
2023-12-10T20:15+01:00,0
2023-12-10T20:30+01:00,0
2023-12-10T20:45+01:00,0
2023-12-10T21:00+01:00,0
2023-12-10T21:15+01:00,0
2023-12-10T21:30+01:00,0
2023-12-10T21:45+01:00,0
2023-12-10T22:00+01:00,0
2023-12-10T22:15+01:00,0
2023-12-10T22:30+01:00,0
2023-12-10T22:45+01:00,0
2023-12-10T23:00+01:00,0
2023-12-10T23:15+01:00,0
2023-12-10T23:30+01:00,0
2023-12-10T23:45+01:00,0
2023-12-11T00:00+01:00,0
2023-12-11T00:15+01:00,0
2023-12-11T00:30+01:00,0
2023-12-11T00:45+01:00,0
2023-12-11T01:00+01:00,0
2023-12-11T01:15+01:00,0
2023-12-11T01:30+01:00,0
2023-12-11T01:45+01:00,0
2023-12-11T02:00+01:00,0
2023-12-11T02:15+01:00,0
2023-12-11T02:30+01:00,0
2023-12-11T02:45+01:00,0
2023-12-11T03:00+01:00,0
2023-12-11T03:15+01:00,0
2023-12-11T03:30+01:00,0
2023-12-11T03:45+01:00,0
2023-12-11T04:00+01:00,0
2023-12-11T04:15+01:00,0
2023-12-11T04:30+01:00,0
2023-12-11T04:45+01:00,0
2023-12-11T05:00+01:00,0
2023-12-11T05:15+01:00,0
2023-12-11T05:30+01:00,0
2023-12-11T05:45+01:00,0
2023-12-11T06:00+01:00,0
2023-12-11T06:15+01:00,0
2023-12-11T06:30+01:00,0
2023-12-11T06:45+01:00,0
2023-12-11T07:00+01:00,0
2023-12-11T07:15+01:00,0
2023-12-11T07:30+01:00,0
2023-12-11T07:45+01:00,0.4
2023-12-11T08:00+01:00,117.4
2023-12-11T08:15+01:00,294.9
2023-12-11T08:30+01:00,673.1
2023-12-11T08:45+01:00,1168.6
2023-12-11T09:00+01:00,1738.3
2023-12-11T09:15+01:00,2398.7
2023-12-11T09:30+01:00,3053.1
2023-12-11T09:45+01:00,3681.1
2023-12-11T10:00+01:00,4254.1
2023-12-11T10:15+01:00,4807.7
2023-12-11T10:30+01:00,5301.2
2023-12-11T10:45+01:00,5731.7
2023-12-11T11:00+01:00,6091.3
2023-12-11T11:15+01:00,6394.8
2023-12-11T11:30+01:00,6637
2023-12-11T11:45+01:00,6776
2023-12-11T12:00+01:00,6822.8
2023-12-11T12:15+01:00,6796.6
2023-12-11T12:30+01:00,6657.3
2023-12-11T12:45+01:00,6431
2023-12-11T13:00+01:00,6156.6
2023-12-11T13:15+01:00,5810.1
2023-12-11T13:30+01:00,5396.8
2023-12-11T13:45+01:00,4930.5
2023-12-11T14:00+01:00,4431.7
2023-12-11T14:15+01:00,3893.8
2023-12-11T14:30+01:00,3303.8
2023-12-11T14:45+01:00,2679.3
2023-12-11T15:00+01:00,2091.6
2023-12-11T15:15+01:00,1515.3
2023-12-11T15:30+01:00,962.3
2023-12-11T15:45+01:00,488.2
2023-12-11T16:00+01:00,168.5
2023-12-11T16:15+01:00,36.1
2023-12-11T16:30+01:00,9.5
2023-12-11T16:45+01:00,2.1
2023-12-11T17:00+01:00,0
2023-12-11T17:15+01:00,0
2023-12-11T17:30+01:00,0
2023-12-11T17:45+01:00,0
2023-12-11T18:00+01:00,0
2023-12-11T18:15+01:00,0
2023-12-11T18:30+01:00,0
2023-12-11T18:45+01:00,0
2023-12-11T19:00+01:00,0
2023-12-11T19:15+01:00,0
2023-12-11T19:30+01:00,0
2023-12-11T19:45+01:00,0
2023-12-11T20:00+01:00,0
2023-12-11T20:15+01:00,0
2023-12-11T20:30+01:00,0
2023-12-11T20:45+01:00,0
2023-12-11T21:00+01:00,0
2023-12-11T21:15+01:00,0
2023-12-11T21:30+01:00,0
2023-12-11T21:45+01:00,0
2023-12-11T22:00+01:00,0
2023-12-11T22:15+01:00,0
2023-12-11T22:30+01:00,0
2023-12-11T22:45+01:00,0
2023-12-11T23:00+01:00,0
2023-12-11T23:15+01:00,0
2023-12-11T23:30+01:00,0
2023-12-11T23:45+01:00,0
2023-12-12T00:00+01:00,0
2023-12-12T00:15+01:00,0
2023-12-12T00:30+01:00,0
2023-12-12T00:45+01:00,0
2023-12-12T01:00+01:00,0
2023-12-12T01:15+01:00,0
2023-12-12T01:30+01:00,0
2023-12-12T01:45+01:00,0
2023-12-12T02:00+01:00,0
2023-12-12T02:15+01:00,0
2023-12-12T02:30+01:00,0
2023-12-12T02:45+01:00,0
2023-12-12T03:00+01:00,0
2023-12-12T03:15+01:00,0
2023-12-12T03:30+01:00,0
2023-12-12T03:45+01:00,0
2023-12-12T04:00+01:00,0
2023-12-12T04:15+01:00,0
2023-12-12T04:30+01:00,0
2023-12-12T04:45+01:00,0
2023-12-12T05:00+01:00,0
2023-12-12T05:15+01:00,0
2023-12-12T05:30+01:00,0
2023-12-12T05:45+01:00,0
2023-12-12T06:00+01:00,0
2023-12-12T06:15+01:00,0
2023-12-12T06:30+01:00,0
2023-12-12T06:45+01:00,0
2023-12-12T07:00+01:00,0
2023-12-12T07:15+01:00,0
2023-12-12T07:30+01:00,0
2023-12-12T07:45+01:00,0.3
2023-12-12T08:00+01:00,89.8
2023-12-12T08:15+01:00,260.6
2023-12-12T08:30+01:00,590.7
2023-12-12T08:45+01:00,985.5
2023-12-12T09:00+01:00,1427.8
2023-12-12T09:15+01:00,1928
2023-12-12T09:30+01:00,2448.6
2023-12-12T09:45+01:00,2944.8
2023-12-12T10:00+01:00,3392.2
2023-12-12T10:15+01:00,3822.1
2023-12-12T10:30+01:00,4195.1
2023-12-12T10:45+01:00,4498.5
2023-12-12T11:00+01:00,4727.4
2023-12-12T11:15+01:00,4899
2023-12-12T11:30+01:00,4983.2
2023-12-12T11:45+01:00,5008.4
2023-12-12T12:00+01:00,5002.9
2023-12-12T12:15+01:00,4957.1
2023-12-12T12:30+01:00,4839.6
2023-12-12T12:45+01:00,4652
2023-12-12T13:00+01:00,4414.7
2023-12-12T13:15+01:00,4136.8
2023-12-12T13:30+01:00,3805.6
2023-12-12T13:45+01:00,3424.7
2023-12-12T14:00+01:00,3027.1
2023-12-12T14:15+01:00,2605.5
2023-12-12T14:30+01:00,2151.5
2023-12-12T14:45+01:00,1690.5
2023-12-12T15:00+01:00,1258
2023-12-12T15:15+01:00,892.7
2023-12-12T15:30+01:00,568.6
2023-12-12T15:45+01:00,313.9
2023-12-12T16:00+01:00,127.8
2023-12-12T16:15+01:00,51.5
2023-12-12T16:30+01:00,21.9
2023-12-12T16:45+01:00,6.1
2023-12-12T17:00+01:00,0
2023-12-12T17:15+01:00,0
2023-12-12T17:30+01:00,0
2023-12-12T17:45+01:00,0
2023-12-12T18:00+01:00,0
2023-12-12T18:15+01:00,0
2023-12-12T18:30+01:00,0
2023-12-12T18:45+01:00,0
2023-12-12T19:00+01:00,0
2023-12-12T19:15+01:00,0
2023-12-12T19:30+01:00,0
2023-12-12T19:45+01:00,0
2023-12-12T20:00+01:00,0
2023-12-12T20:15+01:00,0
2023-12-12T20:30+01:00,0
2023-12-12T20:45+01:00,0
2023-12-12T21:00+01:00,0
2023-12-12T21:15+01:00,0
2023-12-12T21:30+01:00,0
2023-12-12T21:45+01:00,0
2023-12-12T22:00+01:00,0
2023-12-12T22:15+01:00,0
2023-12-12T22:30+01:00,0
2023-12-12T22:45+01:00,0
2023-12-12T23:00+01:00,0
2023-12-12T23:15+01:00,0
2023-12-12T23:30+01:00,0
2023-12-12T23:45+01:00,0
2023-12-13T00:00+01:00,0
2023-12-13T00:15+01:00,0
2023-12-13T00:30+01:00,0
2023-12-13T00:45+01:00,0
2023-12-13T01:00+01:00,0
2023-12-13T01:15+01:00,0
2023-12-13T01:30+01:00,0
2023-12-13T01:45+01:00,0
2023-12-13T02:00+01:00,0
2023-12-13T02:15+01:00,0
2023-12-13T02:30+01:00,0
2023-12-13T02:45+01:00,0
2023-12-13T03:00+01:00,0
2023-12-13T03:15+01:00,0
2023-12-13T03:30+01:00,0
2023-12-13T03:45+01:00,0
2023-12-13T04:00+01:00,0
2023-12-13T04:15+01:00,0
2023-12-13T04:30+01:00,0
2023-12-13T04:45+01:00,0
2023-12-13T05:00+01:00,0
2023-12-13T05:15+01:00,0
2023-12-13T05:30+01:00,0
2023-12-13T05:45+01:00,0
2023-12-13T06:00+01:00,0
2023-12-13T06:15+01:00,0
2023-12-13T06:30+01:00,0
2023-12-13T06:45+01:00,0
2023-12-13T07:00+01:00,0
2023-12-13T07:15+01:00,0
2023-12-13T07:30+01:00,0
2023-12-13T07:45+01:00,0.2
2023-12-13T08:00+01:00,62.3
2023-12-13T08:15+01:00,178.7
2023-12-13T08:30+01:00,423.3
2023-12-13T08:45+01:00,730.4
2023-12-13T09:00+01:00,1107.3
2023-12-13T09:15+01:00,1550
2023-12-13T09:30+01:00,2046.4
2023-12-13T09:45+01:00,2512.1
2023-12-13T10:00+01:00,2962.8
2023-12-13T10:15+01:00,3404.7
2023-12-13T10:30+01:00,3807.8
2023-12-13T10:45+01:00,4150.3
2023-12-13T11:00+01:00,4434.4
2023-12-13T11:15+01:00,4670.4
2023-12-13T11:30+01:00,4834.6
2023-12-13T11:45+01:00,4920.8
2023-12-13T12:00+01:00,4947.2
2023-12-13T12:15+01:00,4917.6
2023-12-13T12:30+01:00,4823.7
2023-12-13T12:45+01:00,4669.6
2023-12-13T13:00+01:00,4451.6
2023-12-13T13:15+01:00,4182.5
2023-12-13T13:30+01:00,3849.6
2023-12-13T13:45+01:00,3470.9
2023-12-13T14:00+01:00,3075.2
2023-12-13T14:15+01:00,2651.6
2023-12-13T14:30+01:00,2190.6
2023-12-13T14:45+01:00,1732.3
2023-12-13T15:00+01:00,1286.9
2023-12-13T15:15+01:00,908.7
2023-12-13T15:30+01:00,573.7
2023-12-13T15:45+01:00,314.1
2023-12-13T16:00+01:00,127.1
2023-12-13T16:15+01:00,49.3
2023-12-13T16:30+01:00,21.2
2023-12-13T16:45+01:00,5.7
2023-12-13T17:00+01:00,0
2023-12-13T17:15+01:00,0
2023-12-13T17:30+01:00,0
2023-12-13T17:45+01:00,0
2023-12-13T18:00+01:00,0
2023-12-13T18:15+01:00,0
2023-12-13T18:30+01:00,0
2023-12-13T18:45+01:00,0
2023-12-13T19:00+01:00,0
2023-12-13T19:15+01:00,0
2023-12-13T19:30+01:00,0
2023-12-13T19:45+01:00,0
2023-12-13T20:00+01:00,0
2023-12-13T20:15+01:00,0
2023-12-13T20:30+01:00,0
2023-12-13T20:45+01:00,0
2023-12-13T21:00+01:00,0
2023-12-13T21:15+01:00,0
2023-12-13T21:30+01:00,0
2023-12-13T21:45+01:00,0
2023-12-13T22:00+01:00,0
2023-12-13T22:15+01:00,0
2023-12-13T22:30+01:00,0
2023-12-13T22:45+01:00,0
2023-12-13T23:00+01:00,0
2023-12-13T23:15+01:00,0
2023-12-13T23:30+01:00,0
2023-12-13T23:45+01:00,0
2023-12-14T00:00+01:00,0
2023-12-14T00:15+01:00,0
2023-12-14T00:30+01:00,0
2023-12-14T00:45+01:00,0
2023-12-14T01:00+01:00,0
2023-12-14T01:15+01:00,0
2023-12-14T01:30+01:00,0
2023-12-14T01:45+01:00,0
2023-12-14T02:00+01:00,0
2023-12-14T02:15+01:00,0
2023-12-14T02:30+01:00,0
2023-12-14T02:45+01:00,0
2023-12-14T03:00+01:00,0
2023-12-14T03:15+01:00,0
2023-12-14T03:30+01:00,0
2023-12-14T03:45+01:00,0
2023-12-14T04:00+01:00,0
2023-12-14T04:15+01:00,0
2023-12-14T04:30+01:00,0
2023-12-14T04:45+01:00,0
2023-12-14T05:00+01:00,0
2023-12-14T05:15+01:00,0
2023-12-14T05:30+01:00,0
2023-12-14T05:45+01:00,0
2023-12-14T06:00+01:00,0
2023-12-14T06:15+01:00,0
2023-12-14T06:30+01:00,0
2023-12-14T06:45+01:00,0
2023-12-14T07:00+01:00,0
2023-12-14T07:15+01:00,0
2023-12-14T07:30+01:00,0
2023-12-14T07:45+01:00,0.1
2023-12-14T08:00+01:00,60.4
2023-12-14T08:15+01:00,158.4
2023-12-14T08:30+01:00,333.2
2023-12-14T08:45+01:00,533
2023-12-14T09:00+01:00,769.3
2023-12-14T09:15+01:00,1052.5
2023-12-14T09:30+01:00,1386.4
2023-12-14T09:45+01:00,1694.6
2023-12-14T10:00+01:00,1977
2023-12-14T10:15+01:00,2256.5
2023-12-14T10:30+01:00,2508
2023-12-14T10:45+01:00,2730.9
2023-12-14T11:00+01:00,2914
2023-12-14T11:15+01:00,3058.3
2023-12-14T11:30+01:00,3170.6
2023-12-14T11:45+01:00,3237.4
2023-12-14T12:00+01:00,3271.2
2023-12-14T12:15+01:00,3287.7
2023-12-14T12:30+01:00,3259.5
2023-12-14T12:45+01:00,3189
2023-12-14T13:00+01:00,3072.4
2023-12-14T13:15+01:00,2907.9
2023-12-14T13:30+01:00,2700.4
2023-12-14T13:45+01:00,2460.5
2023-12-14T14:00+01:00,2200.1
2023-12-14T14:15+01:00,1911.5
2023-12-14T14:30+01:00,1595.2
2023-12-14T14:45+01:00,1283.3
2023-12-14T15:00+01:00,967.8
2023-12-14T15:15+01:00,691.1
2023-12-14T15:30+01:00,445.6
2023-12-14T15:45+01:00,245.7
2023-12-14T16:00+01:00,124.6
2023-12-14T16:15+01:00,65
2023-12-14T16:30+01:00,35.8
2023-12-14T16:45+01:00,6.5
2023-12-14T17:00+01:00,0
2023-12-14T17:15+01:00,0
2023-12-14T17:30+01:00,0
2023-12-14T17:45+01:00,0
2023-12-14T18:00+01:00,0
2023-12-14T18:15+01:00,0
2023-12-14T18:30+01:00,0
2023-12-14T18:45+01:00,0
2023-12-14T19:00+01:00,0
2023-12-14T19:15+01:00,0
2023-12-14T19:30+01:00,0
2023-12-14T19:45+01:00,0
2023-12-14T20:00+01:00,0
2023-12-14T20:15+01:00,0
2023-12-14T20:30+01:00,0
2023-12-14T20:45+01:00,0
2023-12-14T21:00+01:00,0
2023-12-14T21:15+01:00,0
2023-12-14T21:30+01:00,0
2023-12-14T21:45+01:00,0
2023-12-14T22:00+01:00,0
2023-12-14T22:15+01:00,0
2023-12-14T22:30+01:00,0
2023-12-14T22:45+01:00,0
2023-12-14T23:00+01:00,0
2023-12-14T23:15+01:00,0
2023-12-14T23:30+01:00,0
2023-12-14T23:45+01:00,0
2023-12-15T00:00+01:00,0
2023-12-15T00:15+01:00,0
2023-12-15T00:30+01:00,0
2023-12-15T00:45+01:00,0
2023-12-15T01:00+01:00,0
2023-12-15T01:15+01:00,0
2023-12-15T01:30+01:00,0
2023-12-15T01:45+01:00,0
2023-12-15T02:00+01:00,0
2023-12-15T02:15+01:00,0
2023-12-15T02:30+01:00,0
2023-12-15T02:45+01:00,0
2023-12-15T03:00+01:00,0
2023-12-15T03:15+01:00,0
2023-12-15T03:30+01:00,0
2023-12-15T03:45+01:00,0
2023-12-15T04:00+01:00,0
2023-12-15T04:15+01:00,0
2023-12-15T04:30+01:00,0
2023-12-15T04:45+01:00,0
2023-12-15T05:00+01:00,0
2023-12-15T05:15+01:00,0
2023-12-15T05:30+01:00,0
2023-12-15T05:45+01:00,0
2023-12-15T06:00+01:00,0
2023-12-15T06:15+01:00,0
2023-12-15T06:30+01:00,0
2023-12-15T06:45+01:00,0
2023-12-15T07:00+01:00,0
2023-12-15T07:15+01:00,0
2023-12-15T07:30+01:00,0
2023-12-15T07:45+01:00,0.1
2023-12-15T08:00+01:00,87.5
2023-12-15T08:15+01:00,246.8
2023-12-15T08:30+01:00,519.5
2023-12-15T08:45+01:00,833.6
2023-12-15T09:00+01:00,1203.9
2023-12-15T09:15+01:00,1631.4
2023-12-15T09:30+01:00,2112.8
2023-12-15T09:45+01:00,2555.4
2023-12-15T10:00+01:00,2965.2
2023-12-15T10:15+01:00,3348.9
2023-12-15T10:30+01:00,3677.1
2023-12-15T10:45+01:00,3946.7
2023-12-15T11:00+01:00,4152.9
2023-12-15T11:15+01:00,4297
2023-12-15T11:30+01:00,4362.5
2023-12-15T11:45+01:00,4353.7
2023-12-15T12:00+01:00,4312
2023-12-15T12:15+01:00,4241.1
2023-12-15T12:30+01:00,4124.1
2023-12-15T12:45+01:00,3955.8
2023-12-15T13:00+01:00,3767.1
2023-12-15T13:15+01:00,3529.9
2023-12-15T13:30+01:00,3260.7
2023-12-15T13:45+01:00,2954.4
2023-12-15T14:00+01:00,2626.2
2023-12-15T14:15+01:00,2270.5
2023-12-15T14:30+01:00,1885
2023-12-15T14:45+01:00,1514.5
2023-12-15T15:00+01:00,1162.9
2023-12-15T15:15+01:00,829.9
2023-12-15T15:30+01:00,534.6
2023-12-15T15:45+01:00,304
2023-12-15T16:00+01:00,147.1
2023-12-15T16:15+01:00,66.2
2023-12-15T16:30+01:00,30.4
2023-12-15T16:45+01:00,9.5
2023-12-15T17:00+01:00,0
2023-12-15T17:15+01:00,0
2023-12-15T17:30+01:00,0
2023-12-15T17:45+01:00,0
2023-12-15T18:00+01:00,0
2023-12-15T18:15+01:00,0
2023-12-15T18:30+01:00,0
2023-12-15T18:45+01:00,0
2023-12-15T19:00+01:00,0
2023-12-15T19:15+01:00,0
2023-12-15T19:30+01:00,0
2023-12-15T19:45+01:00,0
2023-12-15T20:00+01:00,0
2023-12-15T20:15+01:00,0
2023-12-15T20:30+01:00,0
2023-12-15T20:45+01:00,0
2023-12-15T21:00+01:00,0
2023-12-15T21:15+01:00,0
2023-12-15T21:30+01:00,0
2023-12-15T21:45+01:00,0
2023-12-15T22:00+01:00,0
2023-12-15T22:15+01:00,0
2023-12-15T22:30+01:00,0
2023-12-15T22:45+01:00,0
2023-12-15T23:00+01:00,0
2023-12-15T23:15+01:00,0
2023-12-15T23:30+01:00,0
2023-12-15T23:45+01:00,0
2023-12-16T00:00+01:00,0
2023-12-16T00:15+01:00,0
2023-12-16T00:30+01:00,0
2023-12-16T00:45+01:00,0
2023-12-16T01:00+01:00,0
2023-12-16T01:15+01:00,0
2023-12-16T01:30+01:00,0
2023-12-16T01:45+01:00,0
2023-12-16T02:00+01:00,0
2023-12-16T02:15+01:00,0
2023-12-16T02:30+01:00,0
2023-12-16T02:45+01:00,0
2023-12-16T03:00+01:00,0
2023-12-16T03:15+01:00,0
2023-12-16T03:30+01:00,0
2023-12-16T03:45+01:00,0
2023-12-16T04:00+01:00,0
2023-12-16T04:15+01:00,0
2023-12-16T04:30+01:00,0
2023-12-16T04:45+01:00,0
2023-12-16T05:00+01:00,0
2023-12-16T05:15+01:00,0
2023-12-16T05:30+01:00,0
2023-12-16T05:45+01:00,0
2023-12-16T06:00+01:00,0
2023-12-16T06:15+01:00,0
2023-12-16T06:30+01:00,0
2023-12-16T06:45+01:00,0
2023-12-16T07:00+01:00,0
2023-12-16T07:15+01:00,0
2023-12-16T07:30+01:00,0
2023-12-16T07:45+01:00,0
2023-12-16T08:00+01:00,98.4
2023-12-16T08:15+01:00,268.7
2023-12-16T08:30+01:00,603.9
2023-12-16T08:45+01:00,1024.8
2023-12-16T09:00+01:00,1549
2023-12-16T09:15+01:00,2179.5
2023-12-16T09:30+01:00,2896.2
2023-12-16T09:45+01:00,3566.2
2023-12-16T10:00+01:00,4211.3
2023-12-16T10:15+01:00,4818.4
2023-12-16T10:30+01:00,5363.8
2023-12-16T10:45+01:00,5844.2
2023-12-16T11:00+01:00,6246.1
2023-12-16T11:15+01:00,6551.9
2023-12-16T11:30+01:00,6762.2
2023-12-16T11:45+01:00,6865.3
2023-12-16T12:00+01:00,6900.4
2023-12-16T12:15+01:00,6880
2023-12-16T12:30+01:00,6788.6
2023-12-16T12:45+01:00,6616.4
2023-12-16T13:00+01:00,6362.7
2023-12-16T13:15+01:00,6034.9
2023-12-16T13:30+01:00,5645.1
2023-12-16T13:45+01:00,5181.8
2023-12-16T14:00+01:00,4643
2023-12-16T14:15+01:00,4029.6
2023-12-16T14:30+01:00,3357.2
2023-12-16T14:45+01:00,2709.7
2023-12-16T15:00+01:00,2074.2
2023-12-16T15:15+01:00,1494.6
2023-12-16T15:30+01:00,958
2023-12-16T15:45+01:00,524.3
2023-12-16T16:00+01:00,230.7
2023-12-16T16:15+01:00,91.3
2023-12-16T16:30+01:00,40.4
2023-12-16T16:45+01:00,13.9
2023-12-16T17:00+01:00,0
2023-12-16T17:15+01:00,0
2023-12-16T17:30+01:00,0
2023-12-16T17:45+01:00,0
2023-12-16T18:00+01:00,0
2023-12-16T18:15+01:00,0
2023-12-16T18:30+01:00,0
2023-12-16T18:45+01:00,0
2023-12-16T19:00+01:00,0
2023-12-16T19:15+01:00,0
2023-12-16T19:30+01:00,0
2023-12-16T19:45+01:00,0
2023-12-16T20:00+01:00,0
2023-12-16T20:15+01:00,0
2023-12-16T20:30+01:00,0
2023-12-16T20:45+01:00,0
2023-12-16T21:00+01:00,0
2023-12-16T21:15+01:00,0
2023-12-16T21:30+01:00,0
2023-12-16T21:45+01:00,0
2023-12-16T22:00+01:00,0
2023-12-16T22:15+01:00,0
2023-12-16T22:30+01:00,0
2023-12-16T22:45+01:00,0
2023-12-16T23:00+01:00,0
2023-12-16T23:15+01:00,0
2023-12-16T23:30+01:00,0
2023-12-16T23:45+01:00,0
2023-12-17T00:00+01:00,0
2023-12-17T00:15+01:00,0
2023-12-17T00:30+01:00,0
2023-12-17T00:45+01:00,0
2023-12-17T01:00+01:00,0
2023-12-17T01:15+01:00,0
2023-12-17T01:30+01:00,0
2023-12-17T01:45+01:00,0
2023-12-17T02:00+01:00,0
2023-12-17T02:15+01:00,0
2023-12-17T02:30+01:00,0
2023-12-17T02:45+01:00,0
2023-12-17T03:00+01:00,0
2023-12-17T03:15+01:00,0
2023-12-17T03:30+01:00,0
2023-12-17T03:45+01:00,0
2023-12-17T04:00+01:00,0
2023-12-17T04:15+01:00,0
2023-12-17T04:30+01:00,0
2023-12-17T04:45+01:00,0
2023-12-17T05:00+01:00,0
2023-12-17T05:15+01:00,0
2023-12-17T05:30+01:00,0
2023-12-17T05:45+01:00,0
2023-12-17T06:00+01:00,0
2023-12-17T06:15+01:00,0
2023-12-17T06:30+01:00,0
2023-12-17T06:45+01:00,0
2023-12-17T07:00+01:00,0
2023-12-17T07:15+01:00,0
2023-12-17T07:30+01:00,0
2023-12-17T07:45+01:00,0
2023-12-17T08:00+01:00,135.9
2023-12-17T08:15+01:00,381.2
2023-12-17T08:30+01:00,808.9
2023-12-17T08:45+01:00,1329.4
2023-12-17T09:00+01:00,1956.2
2023-12-17T09:15+01:00,2696.2
2023-12-17T09:30+01:00,3492.5
2023-12-17T09:45+01:00,4268.2
2023-12-17T10:00+01:00,4992.4
2023-12-17T10:15+01:00,5678.2
2023-12-17T10:30+01:00,6330
2023-12-17T10:45+01:00,6931.2
2023-12-17T11:00+01:00,7472.8
2023-12-17T11:15+01:00,7983.3
2023-12-17T11:30+01:00,8379.4
2023-12-17T11:45+01:00,8713.1
2023-12-17T12:00+01:00,8924.6
2023-12-17T12:15+01:00,9013.4
2023-12-17T12:30+01:00,9049
2023-12-17T12:45+01:00,8985.3
2023-12-17T13:00+01:00,8774.2
2023-12-17T13:15+01:00,8494.7
2023-12-17T13:30+01:00,8094.5
2023-12-17T13:45+01:00,7572.8
2023-12-17T14:00+01:00,6902
2023-12-17T14:15+01:00,6105.4
2023-12-17T14:30+01:00,5207.3
2023-12-17T14:45+01:00,4276.1
2023-12-17T15:00+01:00,3353.4
2023-12-17T15:15+01:00,2406.7
2023-12-17T15:30+01:00,1537
2023-12-17T15:45+01:00,818.7
2023-12-17T16:00+01:00,332.2
2023-12-17T16:15+01:00,115.3
2023-12-17T16:30+01:00,46.5
2023-12-17T16:45+01:00,16
2023-12-17T17:00+01:00,0
2023-12-17T17:15+01:00,0
2023-12-17T17:30+01:00,0
2023-12-17T17:45+01:00,0
2023-12-17T18:00+01:00,0
2023-12-17T18:15+01:00,0
2023-12-17T18:30+01:00,0
2023-12-17T18:45+01:00,0
2023-12-17T19:00+01:00,0
2023-12-17T19:15+01:00,0
2023-12-17T19:30+01:00,0
2023-12-17T19:45+01:00,0
2023-12-17T20:00+01:00,0
2023-12-17T20:15+01:00,0
2023-12-17T20:30+01:00,0
2023-12-17T20:45+01:00,0
2023-12-17T21:00+01:00,0
2023-12-17T21:15+01:00,0
2023-12-17T21:30+01:00,0
2023-12-17T21:45+01:00,0
2023-12-17T22:00+01:00,0
2023-12-17T22:15+01:00,0
2023-12-17T22:30+01:00,0
2023-12-17T22:45+01:00,0
2023-12-17T23:00+01:00,0
2023-12-17T23:15+01:00,0
2023-12-17T23:30+01:00,0
2023-12-17T23:45+01:00,0
2023-12-18T00:00+01:00,0
2023-12-18T00:15+01:00,0
2023-12-18T00:30+01:00,0
2023-12-18T00:45+01:00,0
2023-12-18T01:00+01:00,0
2023-12-18T01:15+01:00,0
2023-12-18T01:30+01:00,0
2023-12-18T01:45+01:00,0
2023-12-18T02:00+01:00,0
2023-12-18T02:15+01:00,0
2023-12-18T02:30+01:00,0
2023-12-18T02:45+01:00,0
2023-12-18T03:00+01:00,0
2023-12-18T03:15+01:00,0
2023-12-18T03:30+01:00,0
2023-12-18T03:45+01:00,0
2023-12-18T04:00+01:00,0
2023-12-18T04:15+01:00,0
2023-12-18T04:30+01:00,0
2023-12-18T04:45+01:00,0
2023-12-18T05:00+01:00,0
2023-12-18T05:15+01:00,0
2023-12-18T05:30+01:00,0
2023-12-18T05:45+01:00,0
2023-12-18T06:00+01:00,0
2023-12-18T06:15+01:00,0
2023-12-18T06:30+01:00,0
2023-12-18T06:45+01:00,0
2023-12-18T07:00+01:00,0
2023-12-18T07:15+01:00,0
2023-12-18T07:30+01:00,0
2023-12-18T07:45+01:00,0
2023-12-18T08:00+01:00,118.5
2023-12-18T08:15+01:00,553.1
2023-12-18T08:30+01:00,1278.4
2023-12-18T08:45+01:00,2180.9
2023-12-18T09:00+01:00,3211.1
2023-12-18T09:15+01:00,4359.2
2023-12-18T09:30+01:00,5603.8
2023-12-18T09:45+01:00,6778.6
2023-12-18T10:00+01:00,7841.9
2023-12-18T10:15+01:00,8818.6
2023-12-18T10:30+01:00,9709.2
2023-12-18T10:45+01:00,10496.4
2023-12-18T11:00+01:00,11170.2
2023-12-18T11:15+01:00,11757
2023-12-18T11:30+01:00,12212.4
2023-12-18T11:45+01:00,12527.2
2023-12-18T12:00+01:00,12655
2023-12-18T12:15+01:00,12625.7
2023-12-18T12:30+01:00,12508.4
2023-12-18T12:45+01:00,12282
2023-12-18T13:00+01:00,11880.4
2023-12-18T13:15+01:00,11382.8
2023-12-18T13:30+01:00,10726.1
2023-12-18T13:45+01:00,9923.5
2023-12-18T14:00+01:00,8981.1
2023-12-18T14:15+01:00,7890.3
2023-12-18T14:30+01:00,6720.5
2023-12-18T14:45+01:00,5521.9
2023-12-18T15:00+01:00,4305.4
2023-12-18T15:15+01:00,3073.3
2023-12-18T15:30+01:00,1907.6
2023-12-18T15:45+01:00,1008.5
2023-12-18T16:00+01:00,391.6
2023-12-18T16:15+01:00,134.5
2023-12-18T16:30+01:00,55.5
2023-12-18T16:45+01:00,19.1
2023-12-18T17:00+01:00,0
2023-12-18T17:15+01:00,0
2023-12-18T17:30+01:00,0
2023-12-18T17:45+01:00,0
2023-12-18T18:00+01:00,0
2023-12-18T18:15+01:00,0
2023-12-18T18:30+01:00,0
2023-12-18T18:45+01:00,0
2023-12-18T19:00+01:00,0
2023-12-18T19:15+01:00,0
2023-12-18T19:30+01:00,0
2023-12-18T19:45+01:00,0
2023-12-18T20:00+01:00,0
2023-12-18T20:15+01:00,0
2023-12-18T20:30+01:00,0
2023-12-18T20:45+01:00,0
2023-12-18T21:00+01:00,0
2023-12-18T21:15+01:00,0
2023-12-18T21:30+01:00,0
2023-12-18T21:45+01:00,0
2023-12-18T22:00+01:00,0
2023-12-18T22:15+01:00,0
2023-12-18T22:30+01:00,0
2023-12-18T22:45+01:00,0
2023-12-18T23:00+01:00,0
2023-12-18T23:15+01:00,0
2023-12-18T23:30+01:00,0
2023-12-18T23:45+01:00,0
2023-12-19T00:00+01:00,0
2023-12-19T00:15+01:00,0
2023-12-19T00:30+01:00,0
2023-12-19T00:45+01:00,0
2023-12-19T01:00+01:00,0
2023-12-19T01:15+01:00,0
2023-12-19T01:30+01:00,0
2023-12-19T01:45+01:00,0
2023-12-19T02:00+01:00,0
2023-12-19T02:15+01:00,0
2023-12-19T02:30+01:00,0
2023-12-19T02:45+01:00,0
2023-12-19T03:00+01:00,0
2023-12-19T03:15+01:00,0
2023-12-19T03:30+01:00,0
2023-12-19T03:45+01:00,0
2023-12-19T04:00+01:00,0
2023-12-19T04:15+01:00,0
2023-12-19T04:30+01:00,0
2023-12-19T04:45+01:00,0
2023-12-19T05:00+01:00,0
2023-12-19T05:15+01:00,0
2023-12-19T05:30+01:00,0
2023-12-19T05:45+01:00,0
2023-12-19T06:00+01:00,0
2023-12-19T06:15+01:00,0
2023-12-19T06:30+01:00,0
2023-12-19T06:45+01:00,0
2023-12-19T07:00+01:00,0
2023-12-19T07:15+01:00,0
2023-12-19T07:30+01:00,0
2023-12-19T07:45+01:00,0
2023-12-19T08:00+01:00,96
2023-12-19T08:15+01:00,423.9
2023-12-19T08:30+01:00,979.1
2023-12-19T08:45+01:00,1601.9
2023-12-19T09:00+01:00,2294.1
2023-12-19T09:15+01:00,3044.2
2023-12-19T09:30+01:00,3868.6
2023-12-19T09:45+01:00,4609.8
2023-12-19T10:00+01:00,5257.8
2023-12-19T10:15+01:00,5879
2023-12-19T10:30+01:00,6450.9
2023-12-19T10:45+01:00,6941.8
2023-12-19T11:00+01:00,7375.1
2023-12-19T11:15+01:00,7784.7
2023-12-19T11:30+01:00,8064.2
2023-12-19T11:45+01:00,8266.3
2023-12-19T12:00+01:00,8354.7
2023-12-19T12:15+01:00,8303.2
2023-12-19T12:30+01:00,8151
2023-12-19T12:45+01:00,7902.8
2023-12-19T13:00+01:00,7551.4
2023-12-19T13:15+01:00,7105
2023-12-19T13:30+01:00,6563.4
2023-12-19T13:45+01:00,5972
2023-12-19T14:00+01:00,5338.6
2023-12-19T14:15+01:00,4657
2023-12-19T14:30+01:00,3945.3
2023-12-19T14:45+01:00,3233.9
2023-12-19T15:00+01:00,2524.3
2023-12-19T15:15+01:00,1816.9
2023-12-19T15:30+01:00,1150.1
2023-12-19T15:45+01:00,602.1
2023-12-19T16:00+01:00,265.2
2023-12-19T16:15+01:00,115.7
2023-12-19T16:30+01:00,58.6
2023-12-19T16:45+01:00,15.1
2023-12-19T17:00+01:00,0
2023-12-19T17:15+01:00,0
2023-12-19T17:30+01:00,0
2023-12-19T17:45+01:00,0
2023-12-19T18:00+01:00,0
2023-12-19T18:15+01:00,0
2023-12-19T18:30+01:00,0
2023-12-19T18:45+01:00,0
2023-12-19T19:00+01:00,0
2023-12-19T19:15+01:00,0
2023-12-19T19:30+01:00,0
2023-12-19T19:45+01:00,0
2023-12-19T20:00+01:00,0
2023-12-19T20:15+01:00,0
2023-12-19T20:30+01:00,0
2023-12-19T20:45+01:00,0
2023-12-19T21:00+01:00,0
2023-12-19T21:15+01:00,0
2023-12-19T21:30+01:00,0
2023-12-19T21:45+01:00,0
2023-12-19T22:00+01:00,0
2023-12-19T22:15+01:00,0
2023-12-19T22:30+01:00,0
2023-12-19T22:45+01:00,0
2023-12-19T23:00+01:00,0
2023-12-19T23:15+01:00,0
2023-12-19T23:30+01:00,0
2023-12-19T23:45+01:00,0
2023-12-20T00:00+01:00,0
2023-12-20T00:15+01:00,0
2023-12-20T00:30+01:00,0
2023-12-20T00:45+01:00,0
2023-12-20T01:00+01:00,0
2023-12-20T01:15+01:00,0
2023-12-20T01:30+01:00,0
2023-12-20T01:45+01:00,0
2023-12-20T02:00+01:00,0
2023-12-20T02:15+01:00,0
2023-12-20T02:30+01:00,0
2023-12-20T02:45+01:00,0
2023-12-20T03:00+01:00,0
2023-12-20T03:15+01:00,0
2023-12-20T03:30+01:00,0
2023-12-20T03:45+01:00,0
2023-12-20T04:00+01:00,0
2023-12-20T04:15+01:00,0
2023-12-20T04:30+01:00,0
2023-12-20T04:45+01:00,0
2023-12-20T05:00+01:00,0
2023-12-20T05:15+01:00,0
2023-12-20T05:30+01:00,0
2023-12-20T05:45+01:00,0
2023-12-20T06:00+01:00,0
2023-12-20T06:15+01:00,0
2023-12-20T06:30+01:00,0
2023-12-20T06:45+01:00,0
2023-12-20T07:00+01:00,0
2023-12-20T07:15+01:00,0
2023-12-20T07:30+01:00,0
2023-12-20T07:45+01:00,0
2023-12-20T08:00+01:00,27.1
2023-12-20T08:15+01:00,147.2
2023-12-20T08:30+01:00,363.7
2023-12-20T08:45+01:00,625.4
2023-12-20T09:00+01:00,956.1
2023-12-20T09:15+01:00,1357.3
2023-12-20T09:30+01:00,1812
2023-12-20T09:45+01:00,2266.4
2023-12-20T10:00+01:00,2692.6
2023-12-20T10:15+01:00,3117.7
2023-12-20T10:30+01:00,3519.6
2023-12-20T10:45+01:00,3890.4
2023-12-20T11:00+01:00,4214.9
2023-12-20T11:15+01:00,4509
2023-12-20T11:30+01:00,4728.3
2023-12-20T11:45+01:00,4889.2
2023-12-20T12:00+01:00,4987.2
2023-12-20T12:15+01:00,5054.2
2023-12-20T12:30+01:00,5053.6
2023-12-20T12:45+01:00,4999.6
2023-12-20T13:00+01:00,4892.5
2023-12-20T13:15+01:00,4702.3
2023-12-20T13:30+01:00,4425.6
2023-12-20T13:45+01:00,4065.6
2023-12-20T14:00+01:00,3666.5
2023-12-20T14:15+01:00,3218.3
2023-12-20T14:30+01:00,2705.7
2023-12-20T14:45+01:00,2154.2
2023-12-20T15:00+01:00,1651.9
2023-12-20T15:15+01:00,1195.8
2023-12-20T15:30+01:00,784.1
2023-12-20T15:45+01:00,441.5
2023-12-20T16:00+01:00,201.4
2023-12-20T16:15+01:00,86.1
2023-12-20T16:30+01:00,40.9
2023-12-20T16:45+01:00,10.2
2023-12-20T17:00+01:00,0
2023-12-20T17:15+01:00,0
2023-12-20T17:30+01:00,0
2023-12-20T17:45+01:00,0
2023-12-20T18:00+01:00,0
2023-12-20T18:15+01:00,0
2023-12-20T18:30+01:00,0
2023-12-20T18:45+01:00,0
2023-12-20T19:00+01:00,0
2023-12-20T19:15+01:00,0
2023-12-20T19:30+01:00,0
2023-12-20T19:45+01:00,0
2023-12-20T20:00+01:00,0
2023-12-20T20:15+01:00,0
2023-12-20T20:30+01:00,0
2023-12-20T20:45+01:00,0
2023-12-20T21:00+01:00,0
2023-12-20T21:15+01:00,0
2023-12-20T21:30+01:00,0
2023-12-20T21:45+01:00,0
2023-12-20T22:00+01:00,0
2023-12-20T22:15+01:00,0
2023-12-20T22:30+01:00,0
2023-12-20T22:45+01:00,0
2023-12-20T23:00+01:00,0
2023-12-20T23:15+01:00,0
2023-12-20T23:30+01:00,0
2023-12-20T23:45+01:00,0
2023-12-21T00:00+01:00,0
2023-12-21T00:15+01:00,0
2023-12-21T00:30+01:00,0
2023-12-21T00:45+01:00,0
2023-12-21T01:00+01:00,0
2023-12-21T01:15+01:00,0
2023-12-21T01:30+01:00,0
2023-12-21T01:45+01:00,0
2023-12-21T02:00+01:00,0
2023-12-21T02:15+01:00,0
2023-12-21T02:30+01:00,0
2023-12-21T02:45+01:00,0
2023-12-21T03:00+01:00,0
2023-12-21T03:15+01:00,0
2023-12-21T03:30+01:00,0
2023-12-21T03:45+01:00,0
2023-12-21T04:00+01:00,0
2023-12-21T04:15+01:00,0
2023-12-21T04:30+01:00,0
2023-12-21T04:45+01:00,0
2023-12-21T05:00+01:00,0
2023-12-21T05:15+01:00,0
2023-12-21T05:30+01:00,0
2023-12-21T05:45+01:00,0
2023-12-21T06:00+01:00,0
2023-12-21T06:15+01:00,0
2023-12-21T06:30+01:00,0
2023-12-21T06:45+01:00,0
2023-12-21T07:00+01:00,0
2023-12-21T07:15+01:00,0
2023-12-21T07:30+01:00,0
2023-12-21T07:45+01:00,0
2023-12-21T08:00+01:00,21.5
2023-12-21T08:15+01:00,113
2023-12-21T08:30+01:00,239.5
2023-12-21T08:45+01:00,334.1
2023-12-21T09:00+01:00,415.7
2023-12-21T09:15+01:00,522.6
2023-12-21T09:30+01:00,649.8
2023-12-21T09:45+01:00,759.9
2023-12-21T10:00+01:00,838.7
2023-12-21T10:15+01:00,935.6
2023-12-21T10:30+01:00,1032
2023-12-21T10:45+01:00,1129.4
2023-12-21T11:00+01:00,1230.8
2023-12-21T11:15+01:00,1295.1
2023-12-21T11:30+01:00,1379.4
2023-12-21T11:45+01:00,1428.7
2023-12-21T12:00+01:00,1472.7
2023-12-21T12:15+01:00,1511.4
2023-12-21T12:30+01:00,1541.4
2023-12-21T12:45+01:00,1548.6
2023-12-21T13:00+01:00,1528.5
2023-12-21T13:15+01:00,1484.6
2023-12-21T13:30+01:00,1421.3
2023-12-21T13:45+01:00,1326.2
2023-12-21T14:00+01:00,1222.1
2023-12-21T14:15+01:00,1091.9
2023-12-21T14:30+01:00,936.9
2023-12-21T14:45+01:00,757.5
2023-12-21T15:00+01:00,602.8
2023-12-21T15:15+01:00,461.8
2023-12-21T15:30+01:00,332.9
2023-12-21T15:45+01:00,221.8
2023-12-21T16:00+01:00,148.3
2023-12-21T16:15+01:00,92.4
2023-12-21T16:30+01:00,50
2023-12-21T16:45+01:00,10.5
2023-12-21T17:00+01:00,0
2023-12-21T17:15+01:00,0
2023-12-21T17:30+01:00,0
2023-12-21T17:45+01:00,0
2023-12-21T18:00+01:00,0
2023-12-21T18:15+01:00,0
2023-12-21T18:30+01:00,0
2023-12-21T18:45+01:00,0
2023-12-21T19:00+01:00,0
2023-12-21T19:15+01:00,0
2023-12-21T19:30+01:00,0
2023-12-21T19:45+01:00,0
2023-12-21T20:00+01:00,0
2023-12-21T20:15+01:00,0
2023-12-21T20:30+01:00,0
2023-12-21T20:45+01:00,0
2023-12-21T21:00+01:00,0
2023-12-21T21:15+01:00,0
2023-12-21T21:30+01:00,0
2023-12-21T21:45+01:00,0
2023-12-21T22:00+01:00,0
2023-12-21T22:15+01:00,0
2023-12-21T22:30+01:00,0
2023-12-21T22:45+01:00,0
2023-12-21T23:00+01:00,0
2023-12-21T23:15+01:00,0
2023-12-21T23:30+01:00,0
2023-12-21T23:45+01:00,0
2023-12-22T00:00+01:00,0
2023-12-22T00:15+01:00,0
2023-12-22T00:30+01:00,0
2023-12-22T00:45+01:00,0
2023-12-22T01:00+01:00,0
2023-12-22T01:15+01:00,0
2023-12-22T01:30+01:00,0
2023-12-22T01:45+01:00,0
2023-12-22T02:00+01:00,0
2023-12-22T02:15+01:00,0
2023-12-22T02:30+01:00,0
2023-12-22T02:45+01:00,0
2023-12-22T03:00+01:00,0
2023-12-22T03:15+01:00,0
2023-12-22T03:30+01:00,0
2023-12-22T03:45+01:00,0
2023-12-22T04:00+01:00,0
2023-12-22T04:15+01:00,0
2023-12-22T04:30+01:00,0
2023-12-22T04:45+01:00,0
2023-12-22T05:00+01:00,0
2023-12-22T05:15+01:00,0
2023-12-22T05:30+01:00,0
2023-12-22T05:45+01:00,0
2023-12-22T06:00+01:00,0
2023-12-22T06:15+01:00,0
2023-12-22T06:30+01:00,0
2023-12-22T06:45+01:00,0
2023-12-22T07:00+01:00,0
2023-12-22T07:15+01:00,0
2023-12-22T07:30+01:00,0
2023-12-22T07:45+01:00,0
2023-12-22T08:00+01:00,30
2023-12-22T08:15+01:00,146.5
2023-12-22T08:30+01:00,309.4
2023-12-22T08:45+01:00,542.5
2023-12-22T09:00+01:00,862.1
2023-12-22T09:15+01:00,1250.1
2023-12-22T09:30+01:00,1732.3
2023-12-22T09:45+01:00,2188.2
2023-12-22T10:00+01:00,2628.8
2023-12-22T10:15+01:00,3051.5
2023-12-22T10:30+01:00,3442.3
2023-12-22T10:45+01:00,3776
2023-12-22T11:00+01:00,4063.1
2023-12-22T11:15+01:00,4276.8
2023-12-22T11:30+01:00,4438.1
2023-12-22T11:45+01:00,4524
2023-12-22T12:00+01:00,4549.3
2023-12-22T12:15+01:00,4553.8
2023-12-22T12:30+01:00,4508.9
2023-12-22T12:45+01:00,4408.5
2023-12-22T13:00+01:00,4236
2023-12-22T13:15+01:00,3988.2
2023-12-22T13:30+01:00,3674.7
2023-12-22T13:45+01:00,3306.4
2023-12-22T14:00+01:00,2891.4
2023-12-22T14:15+01:00,2445.5
2023-12-22T14:30+01:00,1973.5
2023-12-22T14:45+01:00,1490.8
2023-12-22T15:00+01:00,1079.1
2023-12-22T15:15+01:00,737
2023-12-22T15:30+01:00,477.8
2023-12-22T15:45+01:00,285.9
2023-12-22T16:00+01:00,136.5
2023-12-22T16:15+01:00,64
2023-12-22T16:30+01:00,31.2
2023-12-22T16:45+01:00,9
2023-12-22T17:00+01:00,0
2023-12-22T17:15+01:00,0
2023-12-22T17:30+01:00,0
2023-12-22T17:45+01:00,0
2023-12-22T18:00+01:00,0
2023-12-22T18:15+01:00,0
2023-12-22T18:30+01:00,0
2023-12-22T18:45+01:00,0
2023-12-22T19:00+01:00,0
2023-12-22T19:15+01:00,0
2023-12-22T19:30+01:00,0
2023-12-22T19:45+01:00,0
2023-12-22T20:00+01:00,0
2023-12-22T20:15+01:00,0
2023-12-22T20:30+01:00,0
2023-12-22T20:45+01:00,0
2023-12-22T21:00+01:00,0
2023-12-22T21:15+01:00,0
2023-12-22T21:30+01:00,0
2023-12-22T21:45+01:00,0
2023-12-22T22:00+01:00,0
2023-12-22T22:15+01:00,0
2023-12-22T22:30+01:00,0
2023-12-22T22:45+01:00,0
2023-12-22T23:00+01:00,0
2023-12-22T23:15+01:00,0
2023-12-22T23:30+01:00,0
2023-12-22T23:45+01:00,0
2023-12-23T00:00+01:00,0
2023-12-23T00:15+01:00,0
2023-12-23T00:30+01:00,0
2023-12-23T00:45+01:00,0
2023-12-23T01:00+01:00,0
2023-12-23T01:15+01:00,0
2023-12-23T01:30+01:00,0
2023-12-23T01:45+01:00,0
2023-12-23T02:00+01:00,0
2023-12-23T02:15+01:00,0
2023-12-23T02:30+01:00,0
2023-12-23T02:45+01:00,0
2023-12-23T03:00+01:00,0
2023-12-23T03:15+01:00,0
2023-12-23T03:30+01:00,0
2023-12-23T03:45+01:00,0
2023-12-23T04:00+01:00,0
2023-12-23T04:15+01:00,0
2023-12-23T04:30+01:00,0
2023-12-23T04:45+01:00,0
2023-12-23T05:00+01:00,0
2023-12-23T05:15+01:00,0
2023-12-23T05:30+01:00,0
2023-12-23T05:45+01:00,0
2023-12-23T06:00+01:00,0
2023-12-23T06:15+01:00,0
2023-12-23T06:30+01:00,0
2023-12-23T06:45+01:00,0
2023-12-23T07:00+01:00,0
2023-12-23T07:15+01:00,0
2023-12-23T07:30+01:00,0
2023-12-23T07:45+01:00,0
2023-12-23T08:00+01:00,21.5
2023-12-23T08:15+01:00,107.6
2023-12-23T08:30+01:00,207.9
2023-12-23T08:45+01:00,336
2023-12-23T09:00+01:00,482.4
2023-12-23T09:15+01:00,658.9
2023-12-23T09:30+01:00,852.5
2023-12-23T09:45+01:00,1049.9
2023-12-23T10:00+01:00,1232
2023-12-23T10:15+01:00,1418.5
2023-12-23T10:30+01:00,1587
2023-12-23T10:45+01:00,1747.6
2023-12-23T11:00+01:00,1882
2023-12-23T11:15+01:00,1977.6
2023-12-23T11:30+01:00,2073.3
2023-12-23T11:45+01:00,2125.3
2023-12-23T12:00+01:00,2154.8
2023-12-23T12:15+01:00,2166.6
2023-12-23T12:30+01:00,2162.5
2023-12-23T12:45+01:00,2130.8
2023-12-23T13:00+01:00,2076.4
2023-12-23T13:15+01:00,1967.5
2023-12-23T13:30+01:00,1830.2
2023-12-23T13:45+01:00,1665.3
2023-12-23T14:00+01:00,1498.2
2023-12-23T14:15+01:00,1314.9
2023-12-23T14:30+01:00,1118.4
2023-12-23T14:45+01:00,888.8
2023-12-23T15:00+01:00,709.3
2023-12-23T15:15+01:00,532.4
2023-12-23T15:30+01:00,378.2
2023-12-23T15:45+01:00,247
2023-12-23T16:00+01:00,148.9
2023-12-23T16:15+01:00,92
2023-12-23T16:30+01:00,52.3
2023-12-23T16:45+01:00,10.7
2023-12-23T17:00+01:00,0
2023-12-23T17:15+01:00,0
2023-12-23T17:30+01:00,0
2023-12-23T17:45+01:00,0
2023-12-23T18:00+01:00,0
2023-12-23T18:15+01:00,0
2023-12-23T18:30+01:00,0
2023-12-23T18:45+01:00,0
2023-12-23T19:00+01:00,0
2023-12-23T19:15+01:00,0
2023-12-23T19:30+01:00,0
2023-12-23T19:45+01:00,0
2023-12-23T20:00+01:00,0
2023-12-23T20:15+01:00,0
2023-12-23T20:30+01:00,0
2023-12-23T20:45+01:00,0
2023-12-23T21:00+01:00,0
2023-12-23T21:15+01:00,0
2023-12-23T21:30+01:00,0
2023-12-23T21:45+01:00,0
2023-12-23T22:00+01:00,0
2023-12-23T22:15+01:00,0
2023-12-23T22:30+01:00,0
2023-12-23T22:45+01:00,0
2023-12-23T23:00+01:00,0
2023-12-23T23:15+01:00,0
2023-12-23T23:30+01:00,0
2023-12-23T23:45+01:00,0
2023-12-24T00:00+01:00,0
2023-12-24T00:15+01:00,0
2023-12-24T00:30+01:00,0
2023-12-24T00:45+01:00,0
2023-12-24T01:00+01:00,0
2023-12-24T01:15+01:00,0
2023-12-24T01:30+01:00,0
2023-12-24T01:45+01:00,0
2023-12-24T02:00+01:00,0
2023-12-24T02:15+01:00,0
2023-12-24T02:30+01:00,0
2023-12-24T02:45+01:00,0
2023-12-24T03:00+01:00,0
2023-12-24T03:15+01:00,0
2023-12-24T03:30+01:00,0
2023-12-24T03:45+01:00,0
2023-12-24T04:00+01:00,0
2023-12-24T04:15+01:00,0
2023-12-24T04:30+01:00,0
2023-12-24T04:45+01:00,0
2023-12-24T05:00+01:00,0
2023-12-24T05:15+01:00,0
2023-12-24T05:30+01:00,0
2023-12-24T05:45+01:00,0
2023-12-24T06:00+01:00,0
2023-12-24T06:15+01:00,0
2023-12-24T06:30+01:00,0
2023-12-24T06:45+01:00,0
2023-12-24T07:00+01:00,0
2023-12-24T07:15+01:00,0
2023-12-24T07:30+01:00,0
2023-12-24T07:45+01:00,0
2023-12-24T08:00+01:00,26.1
2023-12-24T08:15+01:00,118.7
2023-12-24T08:30+01:00,234.6
2023-12-24T08:45+01:00,369.8
2023-12-24T09:00+01:00,532.4
2023-12-24T09:15+01:00,730
2023-12-24T09:30+01:00,945
2023-12-24T09:45+01:00,1154.1
2023-12-24T10:00+01:00,1373.9
2023-12-24T10:15+01:00,1556.2
2023-12-24T10:30+01:00,1721.6
2023-12-24T10:45+01:00,1856.5
2023-12-24T11:00+01:00,1962.2
2023-12-24T11:15+01:00,2038.2
2023-12-24T11:30+01:00,2090.4
2023-12-24T11:45+01:00,2108.7
2023-12-24T12:00+01:00,2120.2
2023-12-24T12:15+01:00,2121.8
2023-12-24T12:30+01:00,2105.9
2023-12-24T12:45+01:00,2060.9
2023-12-24T13:00+01:00,1922.5
2023-12-24T13:15+01:00,1806
2023-12-24T13:30+01:00,1663.2
2023-12-24T13:45+01:00,1511.6
2023-12-24T14:00+01:00,1369
2023-12-24T14:15+01:00,1198.7
2023-12-24T14:30+01:00,1023.9
2023-12-24T14:45+01:00,822.8
2023-12-24T15:00+01:00,646.5
2023-12-24T15:15+01:00,493.1
2023-12-24T15:30+01:00,355.4
2023-12-24T15:45+01:00,235.3
2023-12-24T16:00+01:00,150.8
2023-12-24T16:15+01:00,93.8
2023-12-24T16:30+01:00,53.7
2023-12-24T16:45+01:00,10.8
2023-12-24T17:00+01:00,0
2023-12-24T17:15+01:00,0
2023-12-24T17:30+01:00,0
2023-12-24T17:45+01:00,0
2023-12-24T18:00+01:00,0
2023-12-24T18:15+01:00,0
2023-12-24T18:30+01:00,0
2023-12-24T18:45+01:00,0
2023-12-24T19:00+01:00,0
2023-12-24T19:15+01:00,0
2023-12-24T19:30+01:00,0
2023-12-24T19:45+01:00,0
2023-12-24T20:00+01:00,0
2023-12-24T20:15+01:00,0
2023-12-24T20:30+01:00,0
2023-12-24T20:45+01:00,0
2023-12-24T21:00+01:00,0
2023-12-24T21:15+01:00,0
2023-12-24T21:30+01:00,0
2023-12-24T21:45+01:00,0
2023-12-24T22:00+01:00,0
2023-12-24T22:15+01:00,0
2023-12-24T22:30+01:00,0
2023-12-24T22:45+01:00,0
2023-12-24T23:00+01:00,0
2023-12-24T23:15+01:00,0
2023-12-24T23:30+01:00,0
2023-12-24T23:45+01:00,0
2023-12-25T00:00+01:00,0
2023-12-25T00:15+01:00,0
2023-12-25T00:30+01:00,0
2023-12-25T00:45+01:00,0
2023-12-25T01:00+01:00,0
2023-12-25T01:15+01:00,0
2023-12-25T01:30+01:00,0
2023-12-25T01:45+01:00,0
2023-12-25T02:00+01:00,0
2023-12-25T02:15+01:00,0
2023-12-25T02:30+01:00,0
2023-12-25T02:45+01:00,0
2023-12-25T03:00+01:00,0
2023-12-25T03:15+01:00,0
2023-12-25T03:30+01:00,0
2023-12-25T03:45+01:00,0
2023-12-25T04:00+01:00,0
2023-12-25T04:15+01:00,0
2023-12-25T04:30+01:00,0
2023-12-25T04:45+01:00,0
2023-12-25T05:00+01:00,0
2023-12-25T05:15+01:00,0
2023-12-25T05:30+01:00,0
2023-12-25T05:45+01:00,0
2023-12-25T06:00+01:00,0
2023-12-25T06:15+01:00,0
2023-12-25T06:30+01:00,0
2023-12-25T06:45+01:00,0
2023-12-25T07:00+01:00,0
2023-12-25T07:15+01:00,0
2023-12-25T07:30+01:00,0
2023-12-25T07:45+01:00,0
2023-12-25T08:00+01:00,38
2023-12-25T08:15+01:00,200.2
2023-12-25T08:30+01:00,413.7
2023-12-25T08:45+01:00,697.5
2023-12-25T09:00+01:00,1098.4
2023-12-25T09:15+01:00,1598.8
2023-12-25T09:30+01:00,2185.3
2023-12-25T09:45+01:00,2747.9
2023-12-25T10:00+01:00,3256.7
2023-12-25T10:15+01:00,3744.4
2023-12-25T10:30+01:00,4190.9
2023-12-25T10:45+01:00,4580.5
2023-12-25T11:00+01:00,4907.2
2023-12-25T11:15+01:00,5190.3
2023-12-25T11:30+01:00,5389.8
2023-12-25T11:45+01:00,5495.8
2023-12-25T12:00+01:00,5508.7
2023-12-25T12:15+01:00,5463
2023-12-25T12:30+01:00,5348.3
2023-12-25T12:45+01:00,5154.8
2023-12-25T13:00+01:00,4918.8
2023-12-25T13:15+01:00,4620.8
2023-12-25T13:30+01:00,4271.3
2023-12-25T13:45+01:00,3874.7
2023-12-25T14:00+01:00,3451
2023-12-25T14:15+01:00,2985.3
2023-12-25T14:30+01:00,2478
2023-12-25T14:45+01:00,1966.1
2023-12-25T15:00+01:00,1485.9
2023-12-25T15:15+01:00,1061.1
2023-12-25T15:30+01:00,706.8
2023-12-25T15:45+01:00,415.3
2023-12-25T16:00+01:00,190.4
2023-12-25T16:15+01:00,84.9
2023-12-25T16:30+01:00,40.8
2023-12-25T16:45+01:00,9.7
2023-12-25T17:00+01:00,0
2023-12-25T17:15+01:00,0
2023-12-25T17:30+01:00,0
2023-12-25T17:45+01:00,0
2023-12-25T18:00+01:00,0
2023-12-25T18:15+01:00,0
2023-12-25T18:30+01:00,0
2023-12-25T18:45+01:00,0
2023-12-25T19:00+01:00,0
2023-12-25T19:15+01:00,0
2023-12-25T19:30+01:00,0
2023-12-25T19:45+01:00,0
2023-12-25T20:00+01:00,0
2023-12-25T20:15+01:00,0
2023-12-25T20:30+01:00,0
2023-12-25T20:45+01:00,0
2023-12-25T21:00+01:00,0
2023-12-25T21:15+01:00,0
2023-12-25T21:30+01:00,0
2023-12-25T21:45+01:00,0
2023-12-25T22:00+01:00,0
2023-12-25T22:15+01:00,0
2023-12-25T22:30+01:00,0
2023-12-25T22:45+01:00,0
2023-12-25T23:00+01:00,0
2023-12-25T23:15+01:00,0
2023-12-25T23:30+01:00,0
2023-12-25T23:45+01:00,0
2023-12-26T00:00+01:00,0
2023-12-26T00:15+01:00,0
2023-12-26T00:30+01:00,0
2023-12-26T00:45+01:00,0
2023-12-26T01:00+01:00,0
2023-12-26T01:15+01:00,0
2023-12-26T01:30+01:00,0
2023-12-26T01:45+01:00,0
2023-12-26T02:00+01:00,0
2023-12-26T02:15+01:00,0
2023-12-26T02:30+01:00,0
2023-12-26T02:45+01:00,0
2023-12-26T03:00+01:00,0
2023-12-26T03:15+01:00,0
2023-12-26T03:30+01:00,0
2023-12-26T03:45+01:00,0
2023-12-26T04:00+01:00,0
2023-12-26T04:15+01:00,0
2023-12-26T04:30+01:00,0
2023-12-26T04:45+01:00,0
2023-12-26T05:00+01:00,0
2023-12-26T05:15+01:00,0
2023-12-26T05:30+01:00,0
2023-12-26T05:45+01:00,0
2023-12-26T06:00+01:00,0
2023-12-26T06:15+01:00,0
2023-12-26T06:30+01:00,0
2023-12-26T06:45+01:00,0
2023-12-26T07:00+01:00,0
2023-12-26T07:15+01:00,0
2023-12-26T07:30+01:00,0
2023-12-26T07:45+01:00,0
2023-12-26T08:00+01:00,44.9
2023-12-26T08:15+01:00,225.3
2023-12-26T08:30+01:00,502.5
2023-12-26T08:45+01:00,857.5
2023-12-26T09:00+01:00,1334.4
2023-12-26T09:15+01:00,1921.2
2023-12-26T09:30+01:00,2596.3
2023-12-26T09:45+01:00,3236.5
2023-12-26T10:00+01:00,3822.8
2023-12-26T10:15+01:00,4409.8
2023-12-26T10:30+01:00,4973.6
2023-12-26T10:45+01:00,5487.8
2023-12-26T11:00+01:00,5976.2
2023-12-26T11:15+01:00,6417.3
2023-12-26T11:30+01:00,6735.9
2023-12-26T11:45+01:00,6946.7
2023-12-26T12:00+01:00,7080.6
2023-12-26T12:15+01:00,7109.3
2023-12-26T12:30+01:00,7063.8
2023-12-26T12:45+01:00,6979.8
2023-12-26T13:00+01:00,6789.6
2023-12-26T13:15+01:00,6512.8
2023-12-26T13:30+01:00,6122.6
2023-12-26T13:45+01:00,5645.7
2023-12-26T14:00+01:00,5113.9
2023-12-26T14:15+01:00,4493.3
2023-12-26T14:30+01:00,3799.6
2023-12-26T14:45+01:00,3084.9
2023-12-26T15:00+01:00,2390.3
2023-12-26T15:15+01:00,1754
2023-12-26T15:30+01:00,1153.5
2023-12-26T15:45+01:00,666.7
2023-12-26T16:00+01:00,284.9
2023-12-26T16:15+01:00,114.8
2023-12-26T16:30+01:00,50.2
2023-12-26T16:45+01:00,15.3
2023-12-26T17:00+01:00,0
2023-12-26T17:15+01:00,0
2023-12-26T17:30+01:00,0
2023-12-26T17:45+01:00,0
2023-12-26T18:00+01:00,0
2023-12-26T18:15+01:00,0
2023-12-26T18:30+01:00,0
2023-12-26T18:45+01:00,0
2023-12-26T19:00+01:00,0
2023-12-26T19:15+01:00,0
2023-12-26T19:30+01:00,0
2023-12-26T19:45+01:00,0
2023-12-26T20:00+01:00,0
2023-12-26T20:15+01:00,0
2023-12-26T20:30+01:00,0
2023-12-26T20:45+01:00,0
2023-12-26T21:00+01:00,0
2023-12-26T21:15+01:00,0
2023-12-26T21:30+01:00,0
2023-12-26T21:45+01:00,0
2023-12-26T22:00+01:00,0
2023-12-26T22:15+01:00,0
2023-12-26T22:30+01:00,0
2023-12-26T22:45+01:00,0
2023-12-26T23:00+01:00,0
2023-12-26T23:15+01:00,0
2023-12-26T23:30+01:00,0
2023-12-26T23:45+01:00,0
2023-12-27T00:00+01:00,0
2023-12-27T00:15+01:00,0
2023-12-27T00:30+01:00,0
2023-12-27T00:45+01:00,0
2023-12-27T01:00+01:00,0
2023-12-27T01:15+01:00,0
2023-12-27T01:30+01:00,0
2023-12-27T01:45+01:00,0
2023-12-27T02:00+01:00,0
2023-12-27T02:15+01:00,0
2023-12-27T02:30+01:00,0
2023-12-27T02:45+01:00,0
2023-12-27T03:00+01:00,0
2023-12-27T03:15+01:00,0
2023-12-27T03:30+01:00,0
2023-12-27T03:45+01:00,0
2023-12-27T04:00+01:00,0
2023-12-27T04:15+01:00,0
2023-12-27T04:30+01:00,0
2023-12-27T04:45+01:00,0
2023-12-27T05:00+01:00,0
2023-12-27T05:15+01:00,0
2023-12-27T05:30+01:00,0
2023-12-27T05:45+01:00,0
2023-12-27T06:00+01:00,0
2023-12-27T06:15+01:00,0
2023-12-27T06:30+01:00,0
2023-12-27T06:45+01:00,0
2023-12-27T07:00+01:00,0
2023-12-27T07:15+01:00,0
2023-12-27T07:30+01:00,0
2023-12-27T07:45+01:00,0
2023-12-27T08:00+01:00,65.5
2023-12-27T08:15+01:00,373.8
2023-12-27T08:30+01:00,847.2
2023-12-27T08:45+01:00,1485.3
2023-12-27T09:00+01:00,2281.1
2023-12-27T09:15+01:00,3221.9
2023-12-27T09:30+01:00,4259.9
2023-12-27T09:45+01:00,5248.7
2023-12-27T10:00+01:00,6112.2
2023-12-27T10:15+01:00,6938.9
2023-12-27T10:30+01:00,7702.8
2023-12-27T10:45+01:00,8356
2023-12-27T11:00+01:00,8894.6
2023-12-27T11:15+01:00,9343.5
2023-12-27T11:30+01:00,9662.2
2023-12-27T11:45+01:00,9852.2
2023-12-27T12:00+01:00,9902.9
2023-12-27T12:15+01:00,9828.7
2023-12-27T12:30+01:00,9670.6
2023-12-27T12:45+01:00,9395.9
2023-12-27T13:00+01:00,9019.5
2023-12-27T13:15+01:00,8504.6
2023-12-27T13:30+01:00,7887.3
2023-12-27T13:45+01:00,7170.2
2023-12-27T14:00+01:00,6403.3
2023-12-27T14:15+01:00,5554.7
2023-12-27T14:30+01:00,4660.2
2023-12-27T14:45+01:00,3752
2023-12-27T15:00+01:00,2927.6
2023-12-27T15:15+01:00,2134.4
2023-12-27T15:30+01:00,1406.8
2023-12-27T15:45+01:00,807.2
2023-12-27T16:00+01:00,364.7
2023-12-27T16:15+01:00,140.2
2023-12-27T16:30+01:00,59.8
2023-12-27T16:45+01:00,16.2
2023-12-27T17:00+01:00,0
2023-12-27T17:15+01:00,0
2023-12-27T17:30+01:00,0
2023-12-27T17:45+01:00,0
2023-12-27T18:00+01:00,0
2023-12-27T18:15+01:00,0
2023-12-27T18:30+01:00,0
2023-12-27T18:45+01:00,0
2023-12-27T19:00+01:00,0
2023-12-27T19:15+01:00,0
2023-12-27T19:30+01:00,0
2023-12-27T19:45+01:00,0
2023-12-27T20:00+01:00,0
2023-12-27T20:15+01:00,0
2023-12-27T20:30+01:00,0
2023-12-27T20:45+01:00,0
2023-12-27T21:00+01:00,0
2023-12-27T21:15+01:00,0
2023-12-27T21:30+01:00,0
2023-12-27T21:45+01:00,0
2023-12-27T22:00+01:00,0
2023-12-27T22:15+01:00,0
2023-12-27T22:30+01:00,0
2023-12-27T22:45+01:00,0
2023-12-27T23:00+01:00,0
2023-12-27T23:15+01:00,0
2023-12-27T23:30+01:00,0
2023-12-27T23:45+01:00,0
2023-12-28T00:00+01:00,0
2023-12-28T00:15+01:00,0
2023-12-28T00:30+01:00,0
2023-12-28T00:45+01:00,0
2023-12-28T01:00+01:00,0
2023-12-28T01:15+01:00,0
2023-12-28T01:30+01:00,0
2023-12-28T01:45+01:00,0
2023-12-28T02:00+01:00,0
2023-12-28T02:15+01:00,0
2023-12-28T02:30+01:00,0
2023-12-28T02:45+01:00,0
2023-12-28T03:00+01:00,0
2023-12-28T03:15+01:00,0
2023-12-28T03:30+01:00,0
2023-12-28T03:45+01:00,0
2023-12-28T04:00+01:00,0
2023-12-28T04:15+01:00,0
2023-12-28T04:30+01:00,0
2023-12-28T04:45+01:00,0
2023-12-28T05:00+01:00,0
2023-12-28T05:15+01:00,0
2023-12-28T05:30+01:00,0
2023-12-28T05:45+01:00,0
2023-12-28T06:00+01:00,0
2023-12-28T06:15+01:00,0
2023-12-28T06:30+01:00,0
2023-12-28T06:45+01:00,0
2023-12-28T07:00+01:00,0
2023-12-28T07:15+01:00,0
2023-12-28T07:30+01:00,0
2023-12-28T07:45+01:00,0
2023-12-28T08:00+01:00,62.6
2023-12-28T08:15+01:00,304
2023-12-28T08:30+01:00,710.3
2023-12-28T08:45+01:00,1220.2
2023-12-28T09:00+01:00,1868.7
2023-12-28T09:15+01:00,2640.5
2023-12-28T09:30+01:00,3448.8
2023-12-28T09:45+01:00,4222.4
2023-12-28T10:00+01:00,4932.8
2023-12-28T10:15+01:00,5602.2
2023-12-28T10:30+01:00,6187.5
2023-12-28T10:45+01:00,6674.3
2023-12-28T11:00+01:00,7092.7
2023-12-28T11:15+01:00,7445.6
2023-12-28T11:30+01:00,7698
2023-12-28T11:45+01:00,7841.6
2023-12-28T12:00+01:00,7888.6
2023-12-28T12:15+01:00,7845
2023-12-28T12:30+01:00,7737.2
2023-12-28T12:45+01:00,7539
2023-12-28T13:00+01:00,7245.8
2023-12-28T13:15+01:00,6876.2
2023-12-28T13:30+01:00,6421.2
2023-12-28T13:45+01:00,5889.1
2023-12-28T14:00+01:00,5274.4
2023-12-28T14:15+01:00,4570.7
2023-12-28T14:30+01:00,3810.1
2023-12-28T14:45+01:00,3048
2023-12-28T15:00+01:00,2339.6
2023-12-28T15:15+01:00,1669.4
2023-12-28T15:30+01:00,1056.7
2023-12-28T15:45+01:00,599.4
2023-12-28T16:00+01:00,238.7
2023-12-28T16:15+01:00,94
2023-12-28T16:30+01:00,44.3
2023-12-28T16:45+01:00,10.1
2023-12-28T17:00+01:00,0
2023-12-28T17:15+01:00,0
2023-12-28T17:30+01:00,0
2023-12-28T17:45+01:00,0
2023-12-28T18:00+01:00,0
2023-12-28T18:15+01:00,0
2023-12-28T18:30+01:00,0
2023-12-28T18:45+01:00,0
2023-12-28T19:00+01:00,0
2023-12-28T19:15+01:00,0
2023-12-28T19:30+01:00,0
2023-12-28T19:45+01:00,0
2023-12-28T20:00+01:00,0
2023-12-28T20:15+01:00,0
2023-12-28T20:30+01:00,0
2023-12-28T20:45+01:00,0
2023-12-28T21:00+01:00,0
2023-12-28T21:15+01:00,0
2023-12-28T21:30+01:00,0
2023-12-28T21:45+01:00,0
2023-12-28T22:00+01:00,0
2023-12-28T22:15+01:00,0
2023-12-28T22:30+01:00,0
2023-12-28T22:45+01:00,0
2023-12-28T23:00+01:00,0
2023-12-28T23:15+01:00,0
2023-12-28T23:30+01:00,0
2023-12-28T23:45+01:00,0
2023-12-29T00:00+01:00,0
2023-12-29T00:15+01:00,0
2023-12-29T00:30+01:00,0
2023-12-29T00:45+01:00,0
2023-12-29T01:00+01:00,0
2023-12-29T01:15+01:00,0
2023-12-29T01:30+01:00,0
2023-12-29T01:45+01:00,0
2023-12-29T02:00+01:00,0
2023-12-29T02:15+01:00,0
2023-12-29T02:30+01:00,0
2023-12-29T02:45+01:00,0
2023-12-29T03:00+01:00,0
2023-12-29T03:15+01:00,0
2023-12-29T03:30+01:00,0
2023-12-29T03:45+01:00,0
2023-12-29T04:00+01:00,0
2023-12-29T04:15+01:00,0
2023-12-29T04:30+01:00,0
2023-12-29T04:45+01:00,0
2023-12-29T05:00+01:00,0
2023-12-29T05:15+01:00,0
2023-12-29T05:30+01:00,0
2023-12-29T05:45+01:00,0
2023-12-29T06:00+01:00,0
2023-12-29T06:15+01:00,0
2023-12-29T06:30+01:00,0
2023-12-29T06:45+01:00,0
2023-12-29T07:00+01:00,0
2023-12-29T07:15+01:00,0
2023-12-29T07:30+01:00,0
2023-12-29T07:45+01:00,0
2023-12-29T08:00+01:00,54.1
2023-12-29T08:15+01:00,280.7
2023-12-29T08:30+01:00,616.5
2023-12-29T08:45+01:00,1047
2023-12-29T09:00+01:00,1574.3
2023-12-29T09:15+01:00,2224.8
2023-12-29T09:30+01:00,2927.9
2023-12-29T09:45+01:00,3629.4
2023-12-29T10:00+01:00,4290.6
2023-12-29T10:15+01:00,4942.7
2023-12-29T10:30+01:00,5563
2023-12-29T10:45+01:00,6106.4
2023-12-29T11:00+01:00,6559.9
2023-12-29T11:15+01:00,6928.5
2023-12-29T11:30+01:00,7181.5
2023-12-29T11:45+01:00,7338.2
2023-12-29T12:00+01:00,7394.3
2023-12-29T12:15+01:00,7354.9
2023-12-29T12:30+01:00,7228.7
2023-12-29T12:45+01:00,7031.3
2023-12-29T13:00+01:00,6762.4
2023-12-29T13:15+01:00,6416.2
2023-12-29T13:30+01:00,5976.6
2023-12-29T13:45+01:00,5454.2
2023-12-29T14:00+01:00,4900.1
2023-12-29T14:15+01:00,4262.9
2023-12-29T14:30+01:00,3563.8
2023-12-29T14:45+01:00,2858.4
2023-12-29T15:00+01:00,2208.2
2023-12-29T15:15+01:00,1607.6
2023-12-29T15:30+01:00,1048.1
2023-12-29T15:45+01:00,589.6
2023-12-29T16:00+01:00,266
2023-12-29T16:15+01:00,110.6
2023-12-29T16:30+01:00,49.5
2023-12-29T16:45+01:00,11.7
2023-12-29T17:00+01:00,0
2023-12-29T17:15+01:00,0
2023-12-29T17:30+01:00,0
2023-12-29T17:45+01:00,0
2023-12-29T18:00+01:00,0
2023-12-29T18:15+01:00,0
2023-12-29T18:30+01:00,0
2023-12-29T18:45+01:00,0
2023-12-29T19:00+01:00,0
2023-12-29T19:15+01:00,0
2023-12-29T19:30+01:00,0
2023-12-29T19:45+01:00,0
2023-12-29T20:00+01:00,0
2023-12-29T20:15+01:00,0
2023-12-29T20:30+01:00,0
2023-12-29T20:45+01:00,0
2023-12-29T21:00+01:00,0
2023-12-29T21:15+01:00,0
2023-12-29T21:30+01:00,0
2023-12-29T21:45+01:00,0
2023-12-29T22:00+01:00,0
2023-12-29T22:15+01:00,0
2023-12-29T22:30+01:00,0
2023-12-29T22:45+01:00,0
2023-12-29T23:00+01:00,0
2023-12-29T23:15+01:00,0
2023-12-29T23:30+01:00,0
2023-12-29T23:45+01:00,0
2023-12-30T00:00+01:00,0
2023-12-30T00:15+01:00,0
2023-12-30T00:30+01:00,0
2023-12-30T00:45+01:00,0
2023-12-30T01:00+01:00,0
2023-12-30T01:15+01:00,0
2023-12-30T01:30+01:00,0
2023-12-30T01:45+01:00,0
2023-12-30T02:00+01:00,0
2023-12-30T02:15+01:00,0
2023-12-30T02:30+01:00,0
2023-12-30T02:45+01:00,0
2023-12-30T03:00+01:00,0
2023-12-30T03:15+01:00,0
2023-12-30T03:30+01:00,0
2023-12-30T03:45+01:00,0
2023-12-30T04:00+01:00,0
2023-12-30T04:15+01:00,0
2023-12-30T04:30+01:00,0
2023-12-30T04:45+01:00,0
2023-12-30T05:00+01:00,0
2023-12-30T05:15+01:00,0
2023-12-30T05:30+01:00,0
2023-12-30T05:45+01:00,0
2023-12-30T06:00+01:00,0
2023-12-30T06:15+01:00,0
2023-12-30T06:30+01:00,0
2023-12-30T06:45+01:00,0
2023-12-30T07:00+01:00,0
2023-12-30T07:15+01:00,0
2023-12-30T07:30+01:00,0
2023-12-30T07:45+01:00,0
2023-12-30T08:00+01:00,46.9
2023-12-30T08:15+01:00,270.9
2023-12-30T08:30+01:00,688
2023-12-30T08:45+01:00,1341.9
2023-12-30T09:00+01:00,2146.4
2023-12-30T09:15+01:00,3092.6
2023-12-30T09:30+01:00,4091.8
2023-12-30T09:45+01:00,5074.3
2023-12-30T10:00+01:00,5975.9
2023-12-30T10:15+01:00,6843.2
2023-12-30T10:30+01:00,7657.9
2023-12-30T10:45+01:00,8381.4
2023-12-30T11:00+01:00,8998.4
2023-12-30T11:15+01:00,9531.9
2023-12-30T11:30+01:00,9937
2023-12-30T11:45+01:00,10207.5
2023-12-30T12:00+01:00,10366.8
2023-12-30T12:15+01:00,10405.8
2023-12-30T12:30+01:00,10373.8
2023-12-30T12:45+01:00,10272.5
2023-12-30T13:00+01:00,10066.6
2023-12-30T13:15+01:00,9715.9
2023-12-30T13:30+01:00,9259.2
2023-12-30T13:45+01:00,8696
2023-12-30T14:00+01:00,8007.5
2023-12-30T14:15+01:00,7174.3
2023-12-30T14:30+01:00,6172.2
2023-12-30T14:45+01:00,5078.5
2023-12-30T15:00+01:00,4006.7
2023-12-30T15:15+01:00,2953.4
2023-12-30T15:30+01:00,1947.5
2023-12-30T15:45+01:00,1129.2
2023-12-30T16:00+01:00,463.4
2023-12-30T16:15+01:00,135.9
2023-12-30T16:30+01:00,41.6
2023-12-30T16:45+01:00,13.1
2023-12-30T17:00+01:00,0
2023-12-30T17:15+01:00,0
2023-12-30T17:30+01:00,0
2023-12-30T17:45+01:00,0
2023-12-30T18:00+01:00,0
2023-12-30T18:15+01:00,0
2023-12-30T18:30+01:00,0
2023-12-30T18:45+01:00,0
2023-12-30T19:00+01:00,0
2023-12-30T19:15+01:00,0
2023-12-30T19:30+01:00,0
2023-12-30T19:45+01:00,0
2023-12-30T20:00+01:00,0
2023-12-30T20:15+01:00,0
2023-12-30T20:30+01:00,0
2023-12-30T20:45+01:00,0
2023-12-30T21:00+01:00,0
2023-12-30T21:15+01:00,0
2023-12-30T21:30+01:00,0
2023-12-30T21:45+01:00,0
2023-12-30T22:00+01:00,0
2023-12-30T22:15+01:00,0
2023-12-30T22:30+01:00,0
2023-12-30T22:45+01:00,0
2023-12-30T23:00+01:00,0
2023-12-30T23:15+01:00,0
2023-12-30T23:30+01:00,0
2023-12-30T23:45+01:00,0
2023-12-31T00:00+01:00,0
2023-12-31T00:15+01:00,0
2023-12-31T00:30+01:00,0
2023-12-31T00:45+01:00,0
2023-12-31T01:00+01:00,0
2023-12-31T01:15+01:00,0
2023-12-31T01:30+01:00,0
2023-12-31T01:45+01:00,0
2023-12-31T02:00+01:00,0
2023-12-31T02:15+01:00,0
2023-12-31T02:30+01:00,0
2023-12-31T02:45+01:00,0
2023-12-31T03:00+01:00,0
2023-12-31T03:15+01:00,0
2023-12-31T03:30+01:00,0
2023-12-31T03:45+01:00,0
2023-12-31T04:00+01:00,0
2023-12-31T04:15+01:00,0
2023-12-31T04:30+01:00,0
2023-12-31T04:45+01:00,0
2023-12-31T05:00+01:00,0
2023-12-31T05:15+01:00,0
2023-12-31T05:30+01:00,0
2023-12-31T05:45+01:00,0
2023-12-31T06:00+01:00,0
2023-12-31T06:15+01:00,0
2023-12-31T06:30+01:00,0
2023-12-31T06:45+01:00,0
2023-12-31T07:00+01:00,0
2023-12-31T07:15+01:00,0
2023-12-31T07:30+01:00,0
2023-12-31T07:45+01:00,0
2023-12-31T08:00+01:00,51.5
2023-12-31T08:15+01:00,293.6
2023-12-31T08:30+01:00,648.6
2023-12-31T08:45+01:00,1096.3
2023-12-31T09:00+01:00,1659
2023-12-31T09:15+01:00,2289.7
2023-12-31T09:30+01:00,2951.1
2023-12-31T09:45+01:00,3616.8
2023-12-31T10:00+01:00,4179.7
2023-12-31T10:15+01:00,4693.7
2023-12-31T10:30+01:00,5159.5
2023-12-31T10:45+01:00,5562.3
2023-12-31T11:00+01:00,5905.7
2023-12-31T11:15+01:00,6220.3
2023-12-31T11:30+01:00,6406.3
2023-12-31T11:45+01:00,6459.8
2023-12-31T12:00+01:00,6460.4
2023-12-31T12:15+01:00,6399.9
2023-12-31T12:30+01:00,6222.1
2023-12-31T12:45+01:00,5935.9
2023-12-31T13:00+01:00,5616.7
2023-12-31T13:15+01:00,5245.2
2023-12-31T13:30+01:00,4805.2
2023-12-31T13:45+01:00,4316.8
2023-12-31T14:00+01:00,3825.9
2023-12-31T14:15+01:00,3326.8
2023-12-31T14:30+01:00,2797.6
2023-12-31T14:45+01:00,2263.5
2023-12-31T15:00+01:00,1772.4
2023-12-31T15:15+01:00,1316.2
2023-12-31T15:30+01:00,893.6
2023-12-31T15:45+01:00,537.5
2023-12-31T16:00+01:00,254.9
2023-12-31T16:15+01:00,91.2
2023-12-31T16:30+01:00,27.5
2023-12-31T16:45+01:00,6.5
2023-12-31T17:00+01:00,0
2023-12-31T17:15+01:00,0
2023-12-31T17:30+01:00,0
2023-12-31T17:45+01:00,0
2023-12-31T18:00+01:00,0
2023-12-31T18:15+01:00,0
2023-12-31T18:30+01:00,0
2023-12-31T18:45+01:00,0
2023-12-31T19:00+01:00,0
2023-12-31T19:15+01:00,0
2023-12-31T19:30+01:00,0
2023-12-31T19:45+01:00,0
2023-12-31T20:00+01:00,0
2023-12-31T20:15+01:00,0
2023-12-31T20:30+01:00,0
2023-12-31T20:45+01:00,0
2023-12-31T21:00+01:00,0
2023-12-31T21:15+01:00,0
2023-12-31T21:30+01:00,0
2023-12-31T21:45+01:00,0
2023-12-31T22:00+01:00,0
2023-12-31T22:15+01:00,0
2023-12-31T22:30+01:00,0
2023-12-31T22:45+01:00,0
2023-12-31T23:00+01:00,0
2023-12-31T23:15+01:00,0
2023-12-31T23:30+01:00,0
2023-12-31T23:45+01:00,0